Unnamed: 0,Report Number,Local Case Number,Agency Name,ACRS Report Type,Crash Date/Time,Route Type,Road Name,Cross-Street Name,Collision Type,Circumstance_Category,Weather,Surface Condition,Light,Traffic Control,Driver Substance Abuse,Person ID,Drivers License State,Vehicle ID,Vehicle First Impact Location,Vehicle Body Type,Vehicle Movement,Vehicle Going Dir,Speed Limit,Driverless Vehicle,Parked Vehicle,Vehicle Year,Vehicle Make,Latitude,Longitude,Vehicle Model,hour,Crash_year,Crash_month,Crash_day,Crash_hour,Crash_day_name,Crash_date,Crash_week
104,MCP3230007H,250037215,Montgomery_County_Police,Injury Crash,2025-08-20 14:20:00,County_Route,ASPEN HILL RD,GEORGIA AVE,Single Vehicle,Right-of-Way Violation,Clear,Dry,Daylight,Pedestrian Crossing,None Detected,CB91FF06-043E-4788-AD56-AFDF2A392443,MD,E58CA51E-675D-4F8C-8E84-32B6595C9547,Twelve O Clock,SportUtilityVehicle,MakingRightTurn,Northbound,35.0,No,No,2022,BUICK,39.08021635,-77.08034069,Encore_Buick,14,2025,8,20,14,Wednesday,2025-08-20,34
105,MCP29670073,250037551,Montgomery_County_Police,Property Damage Crash,2025-08-22 14:16:00,County_Route,GLENOLDEN DR,FALLS RD,Angle Collision,Right-of-Way Violation,Clear,Dry,Daylight,No Control,None Detected,F879147B-D94D-4ACB-B53E-6A960D0D4430,MD,941BDF2B-4800-4337-9E6A-B406043F9DDF,Two O Clock,SportUtilityVehicle,MakingLeftTurn,North,30.0,No,No,2011,ACURA,39.0191645,-77.20852301,MDX_Acura,14,2025,8,22,14,Friday,2025-08-22,34
106,MCP301000C0,250037025,Montgomery_County_Police,Injury Crash,2025-08-19 12:10:00,Maryland_State_Route,ROCKVILLE PIKE,EAST WEST HWY,Sideswipe (Same Direction),Lane Violation,Cloudy,Dry,Daylight,No Control,None Detected,42465C16-0657-4F9F-B2C1-B586B52DB6A9,XX,D2C95D3D-2256-4724-B5DB-1D751E2B81E6,Four O Clock,PassengerCar,ChangingLanes,Northbound,35.0,No,No,2016,LEXUS,39.04828088,-77.11348487,RX 350_Lexus,12,2025,8,19,12,Tuesday,2025-08-19,34
107,MCP3432002B,250035352,Montgomery_County_Police,Property Damage Crash,2025-08-08 15:26:00,County_Route,CONNECTICUT AVE,FREDERICK RD,Rear-End (Same Direction),Tailgating,Clear,Dry,Daylight,No Control,None Detected,6253C4AC-E7ED-411E-848A-27743D69DACF,MD,2B772722-A8B4-49A1-A6D7-0ECA99A889A6,Twelve O Clock,PassengerCar,MovingConstantSpeed,Northbound,35.0,No,No,2010,HYUNDAI,39.0897455,-77.07162617,Elantra_Hyundai,15,2025,8,8,15,Friday,2025-08-08,32
108,MCP2855005R,250037610,Montgomery_County_Police,Property Damage Crash,2025-08-22 17:43:00,Maryland_State_Route,CARROLL AVE,BRADLEY BLVD,Other,Lane Violation,Clear,Dry,Daylight,No Control,None Detected,131CF3D4-9F06-46CF-8716-9E5540E197FF,MD,0786F3B1-E404-4560-AE97-55BFC4F0A97C,Ten O Clock,PassengerCar,MovingConstantSpeed,Southbound,30.0,No,No,2013,HONDA,38.99319045,-76.99280011,Accord_Honda,17,2025,8,22,17,Friday,2025-08-22,34
109,MCP120500D5,250037719,Montgomery_County_Police,Injury Crash,2025-08-23 12:43:00,County_Route,PARKLAWN DR,MARY CASSATT DR,Rear-End (Same Direction),Lane Violation,Clear,Dry,Daylight,No Control,None Detected,A48D860F-0156-4E08-8D06-943733425556,MD,CD07A280-D7F6-4ED5-B83F-C872D2D69049,Twelve O Clock,PassengerCar,MovingConstantSpeed,Northbound,30.0,No,No,2009,FORD,39.0521025,-77.10650583,Focus_Ford,12,2025,8,23,12,Saturday,2025-08-23,34
110,EJ79130013,250037327,Gaithersburg_Police_Department,Injury Crash,2025-08-21 08:30:00,Maryland_State_Route,S FREDERICK RD,PEONY DR,Angle Collision,Traffic Control Violation,Cloudy,Dry,Daylight,Traffic Signal,None Detected,68DB2036-35EE-4B8C-AF30-FBD3E08B4016,MD,A1E69713-4A92-4707-A7BF-5E6A15EA253F,Three O Clock,Van - Passenger (&lt;9 Seats),MovingConstantSpeed,Northbound,35.0,No,No,2015,CHEVROLET,39.13677996,-77.19282949,Express_Chevrolet,8,2025,8,21,8,Thursday,2025-08-21,34
111,MCP31650061,250037524,Montgomery_County_Police,Injury Crash,2025-08-22 11:45:00,Spur_Route,CAPITAL BELTWAY (WB/L),CHERRY HILL RD,Rear-End (Same Direction),Congestion / Backup,Clear,Dry,Daylight,No Control,None Detected,65AEF691-EF77-4CA0-A0F9-2667B3720CF6,MD,67765327-7F0F-4761-9A12-933391DED3E0,Six O Clock,PassengerCar,StoppedInTrafficLane,East,40.0,No,No,2013,TOYOTA,39.05641964,-76.95445852,Corolla_Toyota,11,2025,8,22,11,Friday,2025-08-22,34
112,MCP26370068,250037673,Montgomery_County_Police,Property Damage Crash,2025-08-23 06:30:00,County_Route,ESWORTHY RD,VEIRS MILL RD,Single Vehicle,Lane Violation,Clear,Dry,Daylight,No Control,None Detected,D139019F-75D8-44B0-8063-D1CCD75497A8,MD,BB4F31A9-74B3-4A0D-9F1B-8DA676FEA989,Twelve O Clock,PassengerCar,MovingConstantSpeed,Northbound,30.0,No,No,2009,VOLKSWAGEN,39.08408923,-77.2960705,Jetta_Volkswagen,6,2025,8,23,6,Saturday,2025-08-23,34
113,MCP3229002M,250035860,Montgomery_County_Police,Property Damage Crash,2025-08-12 07:36:00,Maryland_State_Route,E JEFFERSON ST,WOODFIELD RD,Head-On,Lane Violation,Clear,Dry,Daylight,No Control,None Detected,D26198E9-6FA6-407C-B637-9FD104868453,GA,C4CCCF16-5249-4C42-A0BF-785E7A7E03D7,Eleven O Clock,PassengerCar,MovingConstantSpeed,Eastbound,30.0,No,No,2025,FORD,38.98795917,-77.07788033,Escape_Ford,7,2025,8,12,7,Tuesday,2025-08-12,33
114,MCP30930068,250036759,Montgomery_County_Police,Property Damage Crash,2025-08-17 16:56:00,County_Route,NORBECK RD,FORSTON DR,Other,Weather Related,Clear,Dry,Daylight,No Control,None Detected,49AEAA4B-B57E-458D-9667-3ECF9B1EEB72,MD,2FF4D6A1-AD57-4092-B59F-90EC05CB52B4,Seven O Clock,PassengerCar,Parked,North,2.5,No,Yes,2023,HYUNDAI,38.96479681,-77.10439968,Elantra_Hyundai,16,2025,8,17,16,Sunday,2025-08-17,33
115,DM8386002B,250037144,Takoma_Park_Police_Department,Property Damage Crash,2025-08-20 03:15:00,Municipality_Route,SYCAMORE AVE,ETHAN ALLEN AVE,Rear-End (Same Direction),Tailgating,Rain,Wet,Dark - Lighted,Warning Sign,None Detected,95BE183D-ED2F-4BC2-98CE-C9CE8293C401,MD,986282B6-EA16-4F41-BB34-1F406B4246CB,VehicleNotAtScene,PassengerCar,SlowingOrStopping,Westbound,25.0,No,No,2000,BUICK,38.97805945,-77.00561883,Encore_Buick,3,2025,8,20,3,Wednesday,2025-08-20,34
116,MCP3444000V,250035534,Montgomery_County_Police,Property Damage Crash,2025-08-09 17:36:00,Maryland_State_Route,GREAT FALLS RD,BROSCHART RD,Angle Collision,Backing Error,Clear,Dry,Daylight,No Control,None Detected,2D60F19C-4904-4012-9384-17A6126B8589,MD,A8A3A708-893C-4895-89A1-AA16279AC9E0,Five O Clock,PassengerCar,Backing,Not On Roadway,2.5,No,No,2024,HONDA,38.99814198,-77.00297324,Civic_Honda,17,2025,8,9,17,Saturday,2025-08-09,32
117,MCP22090032,250037643,Montgomery_County_Police,Injury Crash,2025-08-22 22:38:00,Maryland_State_Route,OLD GEORGETOWN RD,RAMP 7 FR RAMP 2 (FR IS270) TO MD 187 SB,Angle Collision,Traffic Control Violation,Clear,Dry,Dark - Lighted,Traffic Signal,None Detected,22993CD9-06CC-4516-AFDE-8AB3A54E25E6,MD,05F1A8A9-5D57-4EB8-B3A4-8C310BC8576C,Twelve O Clock,Motorcycle2Wheeled,MovingConstantSpeed,Westbound,35.0,No,No,2013,NISSAN,39.031081,-77.12619861,Sentra_Nissan,22,2025,8,22,22,Friday,2025-08-22,34
118,MCP22390034,250037707,Montgomery_County_Police,Property Damage Crash,2025-08-23 11:30:00,Bicycle_Route,RANDOLPH RD,CHERRY VALLEY DR,Rear-End (Same Direction),Surface Condition,Clear,Dry,Daylight,Other,None Detected,3EBA15D5-B005-4C65-B050-06FD9F59B3B8,MD,534349A4-1544-4500-B54A-A67F8593D9D6,Six O Clock,OtherBus,MakingLeftTurn,South,20.0,No,No,2021,FORD,39.07635128,-77.22187937,F-150_Ford,11,2025,8,23,11,Saturday,2025-08-23,34
119,MCP23450019,250036529,Montgomery_County_Police,Property Damage Crash,2025-08-15 14:16:00,Bicycle_Route,UNIVERSITY BLVD E,ENT TO CHOICE CENTER,Single Vehicle,Lane Violation,Clear,Dry,Daylight,No Control,None Detected,B1B1C7B5-98E1-4AE5-B9CC-A6D1392C3B4E,MD,C4FF6818-AFB6-4A6E-955F-56FFBD06D94B,One O Clock,SportUtilityVehicle,LeavingTrafficLane,Westbound,30.0,No,No,2025,KIA,39.1227666,-77.14901975,Optima_Kia,14,2025,8,15,14,Friday,2025-08-15,33
120,MCP23490019,250037044,Montgomery_County_Police,Injury Crash,2025-08-19 13:25:00,Maryland_State_Route,GERMANTOWN RD (SB/L),GLENALLAN AVE,Rear-End (Same Direction),Congestion / Backup,Cloudy,Dry,Daylight,Traffic Signal,None Detected,63E17B14-EAA5-4960-AEA4-3F4B7A686923,MD,9F0D3966-3258-4A9B-9CFB-D9BF47FB0872,Six O Clock,SportUtilityVehicle,StoppedInTrafficLane,Southbound,40.0,No,No,2021,LEXUS,39.1887131,-77.25145107,RX_Lexus,13,2025,8,19,13,Tuesday,2025-08-19,34
121,MCP3040008D,250038012,Montgomery_County_Police,Property Damage Crash,2025-08-25 16:20:00,Maryland_State_Route,EISENHOWER MEMORIAL HWY,ROCKVILLE PIKE,Rear-End (Same Direction),Tailgating,Clear,Dry,Daylight,No Control,None Detected,8EB1B4F9-D669-4163-8570-8042A49F650E,MD,D19DDCA2-A98E-477F-98CD-BECA16FA2FD6,Five O Clock,PassengerCar,StoppedInTrafficLane,Northbound,40.0,No,No,2024,TESLA,39.10162683,-77.04061483,Model Y_Tesla,16,2025,8,25,16,Monday,2025-08-25,35
122,EJ7891002Z,250037652,Gaithersburg_Police_Department,Property Damage Crash,2025-08-23 00:34:00,Municipality_Route,WASHINGTONIAN BLVD,KING FARM BLVD,Single Vehicle,Driver Inattention,Clear,Dry,Dark - Lighted,No Control,None Detected,3733608C-2D2B-4E8F-ADE1-78D665A2E6E3,MD,9BD584EC-2275-4E1B-850F-970239E4BB3F,Twelve O Clock,PassengerCar,NegotiatingCurve,Southbound,35.0,No,No,2015,NISSAN,39.115161,-77.19820933,Versa_Nissan,0,2025,8,23,0,Saturday,2025-08-23,34
123,MCP34020045,250037340,Montgomery_County_Police,Injury Crash,2025-08-21 10:57:00,US_State_Route,COLUMBIA PIKE (SB/L),MONTROSE RD,Rear-End (Same Direction),Congestion / Backup,Clear,Dry,Daylight,No Control,None Detected,12FE9A17-C907-4C37-AADA-00A3C77EFD58,MD,D4CA1E9D-F8ED-4189-856D-B66EA6A9545E,Six O Clock,PickupTruck,StoppedInTrafficLane,Southbound,55.0,No,No,2013,FORD,39.0743462,-76.95525807,F-250_Ford,10,2025,8,21,10,Thursday,2025-08-21,34
124,EJ7889005H,250037442,Gaithersburg_Police_Department,Property Damage Crash,2025-08-21 20:45:00,County_Route,LOST KNIFE RD (NB/L),N WASHINGTON ST,Rear-End (Same Direction),Tailgating,Clear,Dry,Dusk,Traffic Signal,None Detected,89735196-4363-48DA-9AE0-CA9BE314E473,MD,BFB9FEE7-204B-4CE6-BAD9-9936392B0C18,Twelve O Clock,PassengerCar,MovingConstantSpeed,Northbound,35.0,No,No,2013,HONDA,39.15795733,-77.20419581,CR-V_Honda,20,2025,8,21,20,Thursday,2025-08-21,34
125,MCP284600BL,250035125,Montgomery_County_Police,Injury Crash,2025-08-07 10:50:00,Private_Route,RIVER RD,TUCKERMAN LA,Head-On,Right-of-Way Violation,Clear,Dry,Daylight,No Control,None Detected,9FA07746-5C94-442A-9A06-E89641ECE377,MD,5EAB2C34-56C8-4E04-8591-C54DF7E814FA,Twelve O Clock,PassengerCar,Accelerating,Unknown,15.0,No,No,2016,JEEP,39.08766134,-77.0634283,Compass_Jeep,10,2025,8,7,10,Thursday,2025-08-07,32
128,MCP3329004J,250037581,Montgomery_County_Police,Injury Crash,2025-08-22 16:46:00,US_State_Route,COLUMBIA PIKE,GOOD HOPE RD,Rear-End (Same Direction),Speed Related,Clear,Dry,Daylight,No Control,None Detected,5AEB62D9-0B89-491A-AD41-5A542C9F24D5,DC,5F620E3C-5431-4059-B792-0FF464D8E19A,Six O Clock,PassengerCar,SlowingOrStopping,Northbound,50.0,No,No,2023,TOYOTA,39.11543417,-76.92787,Camry_Toyota,16,2025,8,22,16,Friday,2025-08-22,34
130,DD56760012,250037309,Rockville_Police_Department,Injury Crash,2025-08-21 03:40:00,Interstate_Route,EISENHOWER MEMORIAL HWY (SB/L),SILVER SPRING AVE,Angle Collision,Lane Violation,Rain,Wet,Dark - Lighted,No Control,None Detected,6BB07543-8D8F-494E-9075-8E5AC1E83A8D,MD,4F42F918-AA01-4456-9E97-5AD01800D899,Seven O Clock,PassengerCar,MovingConstantSpeed,Southbound,55.0,No,No,2024,NISSAN,39.07129427,-77.16160552,Altima_Nissan,3,2025,8,21,3,Thursday,2025-08-21,34
131,EJ7914000S,250036691,Gaithersburg_Police_Department,Property Damage Crash,2025-08-17 03:28:00,Maryland_State_Route,CONNECTICUT AVE,DALE DR,Angle Collision,Driver Inattention,Clear,Wet,Dark - Lighted,Traffic Signal,Suspect Alcohol Only,7C056518-D561-4BFA-BCC5-75F7D15149D6,MD,A0DC8369-5BC4-4E72-85AC-C300EFC7A51C,Twelve O Clock,PassengerCar,MakingRightTurn,Not On Roadway,2.5,No,No,2015,JEEP,39.16268561,-77.22480816,Cherokee_Jeep,3,2025,8,17,3,Sunday,2025-08-17,33
132,MCP2898006F,250038048,Montgomery_County_Police,Injury Crash,2025-08-25 19:36:00,County_Route,BRANDERMILL DR,ROEDER RD,Rear-End (Same Direction),Tailgating,Clear,Dry,Dusk,No Control,None Detected,9279DCDE-128A-41D1-9F6D-84CB7463AFAF,MD,3630BD04-EAD9-41D7-A394-18DFD7CFC282,Six O Clock,PassengerCar,SlowingOrStopping,Southbound,30.0,No,No,2025,TOYOTA,39.184755,-77.23712,Corolla_Toyota,19,2025,8,25,19,Monday,2025-08-25,35
133,MCP30550050,25003772,Montgomery_County_Police,Injury Crash,2025-08-23 19:32:00,Maryland_State_Route,NORBECK RD,SOUTH DR,Single Vehicle,Speed Related,Clear,Dry,Daylight,No Control,None Detected,2B095F7B-34F9-46BF-9F23-76A01AB61D73,MD,B7E87302-1C4B-4A15-BA8A-3BF669703D72,Nine O Clock,Motorcycle2Wheeled,MovingConstantSpeed,Northbound,45.0,No,No,2012,HONDA,39.10093823,-77.09415454,Civic_Honda,19,2025,8,23,19,Saturday,2025-08-23,34
134,MCP2181005M,250037163,Montgomery_County_Police,Fatal Crash,2025-08-20 07:34:00,Maryland_State_Route,FREDERICK RD (SB/L),COLUMBIA PIKE,Single Vehicle,Speed Related,Rain,Wet,Daylight,Traffic Signal,None Detected,AD04C9AE-35B6-443B-8D63-2A255E059993,MD,E396924F-C5BF-443A-8343-9A9755495437,Twelve O Clock,PassengerCar,MovingConstantSpeed,Southbound,45.0,No,No,2022,TOYOTA,39.20404173,-77.24598275,Corolla_Toyota,7,2025,8,20,7,Wednesday,2025-08-20,34
135,MCP27610078,250037186,Montgomery_County_Police,Property Damage Crash,2025-08-20 12:08:00,Maryland_State_Route,OLD HUNDRED RD,FREDERICK RD,Angle Collision,Traffic Control Violation,Cloudy,Dry,Daylight,Traffic Signal,None Detected,319324D7-3C06-4C91-A02B-16A8DBA75206,MD,4BBF2645-6151-4761-8807-9EAEA4F8D554,Ten O Clock,TruckTractor,MovingConstantSpeed,Northbound,30.0,No,No,2018,CHEVROLET,39.2809095,-77.31494164,Express_Chevrolet,12,2025,8,20,12,Wednesday,2025-08-20,34
136,MCP3424001H,250037263,Montgomery_County_Police,Injury Crash,2025-08-20 18:21:00,County_Route,OLD GEORGETOWN RD,CHERRY LAUREL LA MOONEY DR,Angle Collision,Weather Related,Rain,Wet,Daylight,Traffic Signal,None Detected,4EF4F2DD-0DD5-4556-BEC1-25CFA6D7BC8E,MD,EB00221E-0173-471F-B48B-E45E381A865F,Eleven O Clock,PassengerCar,MakingLeftTurn,East,40.0,No,No,2018,MAZDA,39.1626125,-77.16591167,Mazda3_Mazda,18,2025,8,20,18,Wednesday,2025-08-20,34
137,MCP3329004J,250037581,Montgomery_County_Police,Injury Crash,2025-08-22 16:46:00,US_State_Route,COLUMBIA PIKE,NORBECK RD,Rear-End (Same Direction),Congestion / Backup,Clear,Dry,Daylight,No Control,None Detected,08C7E8BD-6E8A-4C1C-AC4E-4E1D4FB6E9BE,MD,1C9B5CE1-5FBC-49DE-960B-79D09565E223,Six O Clock,PassengerCar,SlowingOrStopping,Northbound,50.0,No,No,2021,LEXUS,39.11543417,-76.92787,ES_Lexus,16,2025,8,22,16,Friday,2025-08-22,34
138,DD5668001W,250037644,Rockville_Police_Department,Injury Crash,2025-08-22 22:59:00,Maryland_State_Route,VEIRS MILL RD (WB/L),PRELUDE DR,Rear-End (Same Direction),Driver Inattention,Clear,Dry,Dark - Lighted,No Control,None Detected,42D9B96E-AA2A-46A6-8A51-179D49572C95,MD,71604330-63D6-4B7D-A156-8CF100DCACAA,One O Clock,PassengerCar,Accelerating,Westbound,35.0,No,No,2016,CHEVROLET,39.07771639,-77.12571113,Equinox_Chevrolet,22,2025,8,22,22,Friday,2025-08-22,34
139,EJ7870007M,250037261,Gaithersburg_Police_Department,Injury Crash,2025-08-20 18:20:00,Municipality_Route,MONTGOMERY AVE,FREDERICK RD,Angle Collision,Right-of-Way Violation,Cloudy,Wet,Daylight,Stop Sign,None Detected,FBEFF705-0EDE-4568-8667-328F781F7358,MD,4A96407C-8BC1-48D4-961A-B9F136EC6D76,Eleven O Clock,PassengerCar,MakingLeftTurn,Westbound,35.0,No,No,2020,TOYOTA,39.1457354,-77.20374619,Camry_Toyota,18,2025,8,20,18,Wednesday,2025-08-20,34
140,DD5668001W,250037644,Rockville_Police_Department,Injury Crash,2025-08-22 22:59:00,Maryland_State_Route,VEIRS MILL RD (WB/L),RAILROAD ST,Rear-End (Same Direction),Road Obstruction,Clear,Dry,Dark - Lighted,No Control,None Detected,8FDB820A-F239-42A0-9567-141FB6F56752,MD,E44015B4-D0BE-4243-9A67-3E73F02C8BCC,Seven O Clock,Other,Parked,South,35.0,No,Yes,2022,BMW,39.07771639,-77.12571113,3 Series_BMW,22,2025,8,22,22,Friday,2025-08-22,34
141,DD56760012,250037309,Rockville_Police_Department,Injury Crash,2025-08-21 03:40:00,Interstate_Route,EISENHOWER MEMORIAL HWY (SB/L),DEAN RD,Angle Collision,Speed Related,Rain,Wet,Dark - Lighted,No Control,None Detected,BA4D58DA-8F36-453D-BF89-3A4DD9AAA633,MD,482986D8-99D9-4F0B-8909-C3165C2C9B7A,One O Clock,PassengerCar,MovingConstantSpeed,Southbound,55.0,No,No,2017,BMW,39.07129427,-77.16160552,3 Series_BMW,3,2025,8,21,3,Thursday,2025-08-21,34
142,MCP31650061,250037524,Montgomery_County_Police,Injury Crash,2025-08-22 11:45:00,Spur_Route,UNIVERSITY BLVD E,CHERRY HILL RD,Rear-End (Same Direction),Tailgating,Clear,Dry,Daylight,No Control,None Detected,69FB4841-452B-4701-8F04-ACCE40124F7B,VA,10ABE8EA-A4AC-4C33-BE07-FDBD0F9DC936,Twelve O Clock,PassengerCar,MovingConstantSpeed,West,40.0,No,No,2010,TOYOTA,39.05641964,-76.95445852,Sienna_Toyota,11,2025,8,22,11,Friday,2025-08-22,34
143,EJ7903004Q,250037498,Gaithersburg_Police_Department,Property Damage Crash,2025-08-22 09:30:00,Other_Public_Roadway,W WATKINS MILL RD (SB/L),RAMP 2 FR MD 124 WB TO IS 270 NB,Angle Collision,Traffic Control Violation,Clear,Dry,Daylight,Traffic Signal,None Detected,0DD4095C-73A1-4975-88C8-82449454E4B3,MD,CC06FB6D-EB7E-4A0F-90D4-02758F8FE496,Twelve O Clock,PassengerCar,MovingConstantSpeed,Westbound,35.0,No,No,2019,SUBARU,39.15558839,-77.22732405,Crosstrek_Subaru,9,2025,8,22,9,Friday,2025-08-22,34
144,EJ7907002D,250037791,Gaithersburg_Police_Department,Injury Crash,2025-08-23 21:45:00,Maryland_State_Route,FREDERICK RD (SB/L),BLAIR RD,Single Vehicle,Right-of-Way Violation,Clear,Dry,Dark - Not Lighted,Traffic Signal,None Detected,74942AA7-5D6D-4D1E-BC85-13B37A59DF19,MD,CED5CACD-0253-46A5-AD64-80CD1E9086DD,Twelve O Clock,SportUtilityVehicle,MovingConstantSpeed,Southbound,40.0,No,No,2006,CHEVROLET,39.12290102,-77.17826828,Tahoe_Chevrolet,21,2025,8,23,21,Saturday,2025-08-23,34
145,MCP291700F7,250037539,Montgomery_County_Police,Injury Crash,2025-08-22 13:18:00,County_Route,CLOVERLY ST,OUT CORP LMTS GAITHERSBURG,Head-On,Lane Violation,Clear,Dry,Daylight,No Control,None Detected,19B638F1-ED27-449D-8CB9-06D480FFD719,MD,931EB8BC-1B97-4ECF-B6A0-BBDFB2CD6BD4,Twelve O Clock,PassengerCar,MovingConstantSpeed,Northbound,40.0,No,No,2014,INFINITI,39.109671,-76.99658955,QX60_Infiniti,13,2025,8,22,13,Friday,2025-08-22,34
146,MCP3050006W,250037440,Montgomery_County_Police,Property Damage Crash,2025-08-21 20:54:00,Maryland_State_Route,LAYHILL RD,CENTERHILL ST,Rear-End (Same Direction),Congestion / Backup,Clear,Dry,Dark - Lighted,Traffic Signal,None Detected,F18535FA-5E48-4060-AA3A-D397EA49388E,MD,38369EE6-EB1D-42B7-8091-280436634783,Six O Clock,PassengerCar,StoppedInTrafficLane,Northbound,35.0,No,No,2011,FORD,39.090018,-77.044674,F-150_Ford,20,2025,8,21,20,Thursday,2025-08-21,34
147,MCP34100017,250035428,Montgomery_County_Police,Property Damage Crash,2025-08-09 00:41:00,Maryland_State_Route,GEORGIA AVE,BRENISH DR,Sideswipe (Same Direction),Driver Inattention,Clear,Dry,Dark - Lighted,Traffic Signal,Suspect Alcohol (Unclear),248E5610-3910-43C6-BBE2-F2A2B20910AF,MD,8478F140-410E-48F5-82E7-BAD88D8AF5C8,Twelve O Clock,PassengerCar,MovingConstantSpeed,Not On Roadway,35.0,No,No,2014,NISSAN,39.057882,-77.04987163,Altima_Nissan,0,2025,8,9,0,Saturday,2025-08-09,32
148,MCP2763005G,250037926,Montgomery_County_Police,Injury Crash,2025-08-25 08:35:00,County_Route,MEADOWCROFT LA,OLNEY MILL RD,Single Vehicle,Lane Violation,Clear,Dry,Daylight,No Control,None Detected,45489A2D-E5AB-490F-8EF0-20448F0E2712,MD,B1E0A44F-35A9-4AA9-80CF-547702E1B4DC,Twelve O Clock,PassengerCar,MovingConstantSpeed,Eastbound,25.0,No,No,2008,TOYOTA,39.18448,-77.2004,Camry_Toyota,8,2025,8,25,8,Monday,2025-08-25,35
149,MCP291700F7,250037539,Montgomery_County_Police,Injury Crash,2025-08-22 13:18:00,County_Route,CLOVERLY ST,GEORGIA AVE,Head-On,Right-of-Way Violation,Clear,Dry,Daylight,No Control,None Detected,F7FB5688-4222-4642-BB8F-47AE53D42D86,MD,35C562C7-D396-4535-A2FA-31CA1ED5A831,Eleven O Clock,PassengerCar,MakingLeftTurn,Westbound,40.0,No,No,2017,HONDA,39.109671,-76.99658955,Civic_Honda,13,2025,8,22,13,Friday,2025-08-22,34
150,MCP3058005P,250036923,Montgomery_County_Police,Injury Crash,2025-08-18 15:32:00,Municipality_Route,REDLAND BLVD,RAMP 9 FR RAMP 1 TO REDLAND BLVD,Sideswipe (Opposite Direction),Passing / Turning,Cloudy,Dry,Daylight,Flashing Traffic Signal,None Detected,6C39F2D4-1E51-4FDC-B05D-FA24D65934A8,MD,1883B8D4-3268-4AAE-828A-A70CF7D43968,Eleven O Clock,PassengerCar,MakingLeftTurn,Westbound,30.0,No,No,2016,CHEVROLET,39.11567252,-77.16617539,Camaro_Chevrolet,15,2025,8,18,15,Monday,2025-08-18,34
151,EJ7903004Q,250037498,Gaithersburg_Police_Department,Property Damage Crash,2025-08-22 09:30:00,Other_Public_Roadway,W WATKINS MILL RD (SB/L),FREDERICK RD,Angle Collision,Right-of-Way Violation,Clear,Dry,Daylight,Traffic Signal,None Detected,5CFD1FF8-1E8C-446D-9558-3DAA999EF347,MD,4F1ED1C9-7171-43A6-985C-B4F4EA78FF11,Nine O Clock,SportUtilityVehicle,EnteringTrafficLane,Eastbound,35.0,No,No,2016,HONDA,39.15558839,-77.22732405,Pilot_Honda,9,2025,8,22,9,Friday,2025-08-22,34
153,MCP312900D5,250034438,Montgomery_County_Police,Property Damage Crash,2025-08-02 15:30:00,Maryland_State_Route,GEORGIA AVE (SB/L),EDEN ROCK CT,Sideswipe (Same Direction),Lane Violation,Clear,Dry,Daylight,Traffic Signal,None Detected,98CDEDF8-A725-442B-A878-260BA1353B3D,OH,AA6E1593-A074-4441-86CC-03CBA38D28E1,Seven O Clock,SportUtilityVehicle,Accelerating,Southbound,35.0,No,No,2010,HONDA,39.04716822,-77.05204813,CR-V_Honda,15,2025,8,2,15,Saturday,2025-08-02,31
154,MCP3126006Y,250037557,Montgomery_County_Police,Property Damage Crash,2025-08-22 14:50:00,Maryland_State_Route,LAYTONSVILLE RD,CHERRY HILL RD,Single Vehicle,Lane Violation,Clear,Dry,Daylight,No Control,None Detected,805D6948-644C-41AF-A599-BAB359F143E4,MD,810F6480-FDA4-49CD-8EC0-4B224C1C1A6B,Twelve O Clock,PassengerCar,MovingConstantSpeed,Northbound,30.0,No,No,2021,HYUNDAI,39.20817084,-77.14164734,Tucson_Hyundai,14,2025,8,22,14,Friday,2025-08-22,34
155,MCP3381002W,250037120,Montgomery_County_Police,Property Damage Crash,2025-08-19 20:35:00,County_Route,WISTERIA DR,GERMANTOWN RD (SB/L),Rear-End (Same Direction),Driver Inattention,Clear,Dry,Dark - Lighted,Traffic Signal,None Detected,C1817DF7-26D5-45C9-9D27-1A5CD93561CF,MD,3E934A99-9FE2-4ECE-B706-56560B2B80A6,Twelve O Clock,PassengerCar,MakingRightTurn,Southbound,40.0,No,No,2020,JEEP,39.17693504,-77.27019937,Gladiator_Jeep,20,2025,8,19,20,Tuesday,2025-08-19,34
156,MCP120500D5,250037719,Montgomery_County_Police,Injury Crash,2025-08-23 12:43:00,County_Route,PARKLAWN DR,SORREL AVE,Rear-End (Same Direction),Tailgating,Clear,Dry,Daylight,No Control,None Detected,89D92F87-E3C7-459C-A492-1892C3FFAD12,MD,D7228223-3FEE-4B34-AF4A-91E9A381EE89,Six O Clock,PassengerCar,SlowingOrStopping,Northbound,30.0,No,No,2025,TOYOTA,39.0521025,-77.10650583,Prius_Toyota,12,2025,8,23,12,Saturday,2025-08-23,34