Unnamed: 0,Report Number,Local Case Number,Agency Name,ACRS Report Type,Crash Date/Time,Route Type,Road Name,Cross-Street Name,Collision Type,Circumstance_Category,Weather,Surface Condition,Light,Traffic Control,Driver Substance Abuse,Person ID,Drivers License State,Vehicle ID,Vehicle First Impact Location,Vehicle Body Type,Vehicle Movement,Vehicle Going Dir,Speed Limit,Driverless Vehicle,Parked Vehicle,Vehicle Year,Vehicle Make,Latitude,Longitude,Vehicle Model,hour,Crash_year,Crash_month,Crash_day,Crash_hour,Crash_day_name,Crash_date,Crash_week
157,MCP3444000W,250035654,Montgomery_County_Police,Property Damage Crash,2025-08-10 18:10:00,County_Route,NO NAME,STEWARTOWN RD,Sideswipe (Same Direction),Backing Error,Clear,Wet,Daylight,No Control,None Detected,FC269D70-548A-4BC1-874B-9883188E0C21,MD,715B7434-0A2B-4823-85F1-10B49EB605C9,Four O Clock,SportUtilityVehicle,Backing,Not On Roadway,2.5,No,No,2002,CHEVROLET,39.00001167,-76.99011333,Express_Chevrolet,18,2025,8,10,18,Sunday,2025-08-10,32
158,MCP30530095,250037232,Montgomery_County_Police,Property Damage Crash,2025-08-20 15:06:00,County_Route,FERRARA DR,RANDOLPH RD,Angle Collision,Right-of-Way Violation,Clear,Dry,Daylight,No Control,None Detected,E62A3555-2518-4314-9644-8BEF41EE9352,MD,1C506D44-E650-42D0-9424-32BD8B0DF0F1,Twelve O Clock,PassengerCar,MovingConstantSpeed,Westbound,20.0,No,No,2018,HYUNDAI,39.05242389,-77.08237682,Elantra_Hyundai,15,2025,8,20,15,Wednesday,2025-08-20,34
159,DD5681000V,250037630,Rockville_Police_Department,Property Damage Crash,2025-08-22 21:30:00,Maryland_State_Route,HUNGERFORD DR,NORBECK RD,Rear-End (Same Direction),Tailgating,Clear,Dry,Dark - Lighted,No Control,None Detected,8B1AD450-8424-419B-923D-8DB222A4B59B,MD,0ADB49F4-8B55-4818-98C8-360AC9C50623,Eleven O Clock,PassengerCar,MovingConstantSpeed,Northbound,35.0,No,No,2003,HONDA,39.09396477,-77.15325448,Accord_Honda,21,2025,8,22,21,Friday,2025-08-22,34
160,MCP2987009T,250037736,Montgomery_County_Police,Property Damage Crash,2025-08-23 15:01:00,County_Route,BRIGGS CHANEY RD,S VAN BUREN ST,Rear-End (Same Direction),Tailgating,Clear,Dry,Daylight,Traffic Signal,None Detected,0451EE0A-418B-436B-B58D-C45B7E27437D,MD,A67E831C-E500-4843-9354-99E37248F549,Twelve O Clock,PassengerCar,Accelerating,Southbound,40.0,No,No,1999,HONDA,39.08313198,-76.94859626,Accord_Honda,15,2025,8,23,15,Saturday,2025-08-23,34
161,MCP2723009V,250037762,Montgomery_County_Police,Injury Crash,2025-08-23 18:20:00,County_Route,PEBBLESTONE DR,MAYHILL DR,Head-On,Lane Violation,Clear,Dry,Daylight,No Control,None Detected,2BC794A7-17C9-4DA6-918E-24ED7A13BD21,MD,F4429FA3-46C2-4E88-8494-3A46DD037841,Twelve O Clock,PassengerCar,MovingConstantSpeed,Westbound,30.0,No,No,2013,TOYOTA,39.09096543,-77.01947815,Corolla_Toyota,18,2025,8,23,18,Saturday,2025-08-23,34
162,MCP27610078,250037186,Montgomery_County_Police,Property Damage Crash,2025-08-20 12:08:00,Maryland_State_Route,OLD HUNDRED RD,FREDERICK RD,Angle Collision,Traffic Control Violation,Cloudy,Dry,Daylight,Traffic Signal,None Detected,55021CEA-0410-4D11-B056-122208A19109,MD,25284DB7-2473-4E51-AE85-4A94E380CDFB,One O Clock,PassengerCar,MovingConstantSpeed,Northbound,30.0,No,No,2016,FORD,39.2809095,-77.31494164,Fusion_Ford,12,2025,8,20,12,Wednesday,2025-08-20,34
163,MCP3227006M,250038237,Montgomery_County_Police,Property Damage Crash,2025-08-26 18:45:00,Maryland_State_Route,COLESVILLE RD,EVERTON ST,Sideswipe (Opposite Direction),Congestion / Backup,Clear,Dry,Daylight,No Control,None Detected,1D6F1572-CB15-43E0-803B-A711927BC44E,MD,01AC2DD5-4C09-4324-B065-B883B5484117,Seven O Clock,PassengerCar,StoppedInTrafficLane,Not On Roadway,30.0,No,No,2020,TOYOTA,38.99440146,-77.03079669,Corolla_Toyota,18,2025,8,26,18,Tuesday,2025-08-26,35
164,MCP3377003B,250036517,Montgomery_County_Police,Injury Crash,2025-08-15 19:10:00,Ramp_Route,RAMP 6 FR IS 495 EB TO MD 193 SB,JANET RD,Rear-End (Same Direction),Tailgating,Clear,Dry,Daylight,Traffic Signal,None Detected,38C94A5D-275A-4D5C-A526-B2C0C4FBAD5C,MD,D09104B6-6E1D-4629-837B-E5059BC320F1,Twelve O Clock,PassengerCar,MovingConstantSpeed,West,30.0,No,No,2016,TOYOTA,39.01408926,-77.00437954,4Runner_Toyota,19,2025,8,15,19,Friday,2025-08-15,33
165,MCP3397001B,250037373,Montgomery_County_Police,Property Damage Crash,2025-08-21 14:28:00,County_Route,BOURNEFIELD WAY,WOOTTON PKWY,Angle Collision,Right-of-Way Violation,Cloudy,Dry,Daylight,Stop Sign,None Detected,1935DB18-22F8-48ED-ABE3-0D772CAF147F,MD,EE3EC8AF-6887-47FC-A338-25651249E9D3,Twelve O Clock,SchoolBus,MakingLeftTurn,Eastbound,15.0,No,No,2013,CHEVROLET,39.05326523,-76.96172336,Silverado_Chevrolet,14,2025,8,21,14,Thursday,2025-08-21,34
166,MCP2746001Z,250037438,Montgomery_County_Police,Property Damage Crash,2025-08-21 20:53:00,Maryland_State_Route,VEIRS MILL RD (WB/L),COLEFAIR DR,Sideswipe (Same Direction),Lane Violation,Clear,Dry,Dark - Lighted,No Control,None Detected,E0536B08-C8EC-46DD-8375-5FD6EDA4A3AD,WV,BFD68E22-5AF6-4C57-8636-9AB60780C4EE,Seven O Clock,PassengerCar,MovingConstantSpeed,Westbound,45.0,No,No,2019,DODGE,39.06013362,-77.08939628,Charger_Dodge,20,2025,8,21,20,Thursday,2025-08-21,34
167,MCP320000GJ,250037880,Montgomery_County_Police,Property Damage Crash,2025-08-24 19:39:00,Maryland_State_Route,OLD GEORGETOWN RD,OAKLAWN DR,Single Vehicle,Lane Violation,Clear,Dry,Dusk,No Control,None Detected,B5630073-5C22-4AB9-9299-E6331317C8D2,MD,C48CFDB9-6D58-4424-8CCF-BB7F8896161E,Twelve O Clock,PassengerCar,MakingLeftTurn,Northbound,35.0,No,No,2015,BMW,39.01039933,-77.11497183,3 Series_BMW,19,2025,8,24,19,Sunday,2025-08-24,34
168,MCP3456000X,250036826,Montgomery_County_Police,Property Damage Crash,2025-08-18 07:10:00,Maryland_State_Route,HUNGERFORD DR,MAYOR LA,Angle Collision,Right-of-Way Violation,Cloudy,Wet,Daylight,No Control,None Detected,32A1AE7C-F7E8-4F35-85AE-6E508CEC6294,MD,7368C310-D8E3-489F-A1D1-3077031E44DA,One O Clock,PickupTruck,EnteringTrafficLane,Eastbound,40.0,No,No,2024,CHEVROLET,39.11808873,-76.97754393,Silverado_Chevrolet,7,2025,8,18,7,Monday,2025-08-18,34
169,MCP3322003Y,250036339,Montgomery_County_Police,Injury Crash,2025-08-14 17:48:00,County_Route,HEWITT AVE,RAMP 7 FR MD 117 WB TO RAMP 6 (TO IS270),Rear-End (Same Direction),Tailgating,Clear,Dry,Daylight,No Control,None Detected,62A4D6F5-F42E-4CCB-95CD-1B3A479FDF1C,MD,915B33D1-D8DA-4171-BE20-93043ED3E9BA,Twelve O Clock,PassengerCar,MovingConstantSpeed,Westbound,25.0,No,No,2022,TESLA,39.08121286,-77.05608906,Model 3_Tesla,17,2025,8,14,17,Thursday,2025-08-14,33
170,MCP3238003M,250038315,Montgomery_County_Police,Property Damage Crash,2025-08-27 10:08:00,Maryland_State_Route,FLOWER AVE,WIGHTMAN RD,Other,Surface Condition,Clear,Dry,Daylight,No Control,None Detected,34CD5DBE-0DEA-4B0E-A27A-169879DA7CAE,MD,6C7D34DC-0F72-402F-95DB-8991DF65DC03,One O Clock,PassengerCar,EnteringTrafficLane,East,35.0,No,No,2005,ACURA,38.99974383,-76.99304722,TL_Acura,10,2025,8,27,10,Wednesday,2025-08-27,35
171,MCP33030028,250037153,Montgomery_County_Police,Property Damage Crash,2025-08-20 07:40:00,County_Route,AIRCRAFT DR,QUINCE ORCHARD RD,Single Vehicle,Passing / Turning,Rain,Wet,Daylight,Stop Sign,None Detected,B664C231-91FB-4D93-9A49-98D131EDD271,MD,54F0634F-8FF4-4FC1-B42E-F0AB9B2A3631,Two O Clock,PassengerCar,MakingRightTurn,Westbound,35.0,No,No,2014,DODGE,39.18604527,-77.26360743,Charger_Dodge,7,2025,8,20,7,Wednesday,2025-08-20,34
172,MCP3280007B,250038684,Montgomery_County_Police,Property Damage Crash,2025-08-29 13:45:00,Maryland_State_Route,NEW HAMPSHIRE AVE,RITCHIE AVE,Rear-End (Same Direction),Tailgating,Clear,Dry,Daylight,No Control,None Detected,F72AC11C-E8A4-4790-81C4-FBF3BFE02E42,MD,0ED3C658-0629-4CD1-8B6F-6361A9A05DF4,Six O Clock,PassengerCar,SlowingOrStopping,Northbound,40.0,No,No,2010,NISSAN,39.02041243,-76.97657563,Altima_Nissan,13,2025,8,29,13,Friday,2025-08-29,35
173,MCP3456000X,250036826,Montgomery_County_Police,Property Damage Crash,2025-08-18 07:10:00,Maryland_State_Route,GEORGIA AVE,POOKS HILL RD,Angle Collision,Weather Related,Cloudy,Wet,Daylight,No Control,None Detected,35E012BB-183C-4521-BEA9-22E0F6FD63EA,MD,70EF15B1-A659-4E71-9797-05EC9D2E7B8D,Eight O Clock,PassengerCar,Passing,Eastbound,40.0,No,No,2011,SUBARU,39.11808873,-76.97754393,Outback_Subaru,7,2025,8,18,7,Monday,2025-08-18,34
174,MCP2195007K,250038482,Montgomery_County_Police,Injury Crash,2025-08-28 11:59:00,County_Route,FIELDCREST RD,WOODFIELD RD,Angle Collision,Driver Inattention,Clear,Dry,Daylight,Traffic Signal,None Detected,D342BAAB-0282-43EC-811F-E59A5A635C47,MD,53AA3485-72F0-4858-BC45-FA2CD74D53F0,Two O Clock,PassengerCar,MovingConstantSpeed,Eastbound,25.0,No,No,2010,MERCEDES-BENZ,39.18528828,-77.1508714,C-Class_Mercedes-Benz,11,2025,8,28,11,Thursday,2025-08-28,35
175,MCP3044008M,250038382,Montgomery_County_Police,Injury Crash,2025-08-27 16:58:00,County_Route,CHERRY HILL RD,MEDICAL CENTER WAY,Rear-End (Same Direction),Tailgating,Clear,Dry,Daylight,No Control,None Detected,74CA1DB9-70BB-4C6A-9632-5CADB03AC5ED,MD,6761F1FF-C186-41F4-91FA-27AD74839ABC,Six O Clock,SportUtilityVehicle,StoppedInTrafficLane,Westbound,40.0,No,No,2021,BMW,39.05511683,-76.95385917,X7_BMW,16,2025,8,27,16,Wednesday,2025-08-27,35
176,MCP2347005W,250037918,Montgomery_County_Police,Property Damage Crash,2025-08-26 06:14:00,Ramp_Route,RAMP 3 FR MD 198 EB TO RAMP 2 (US 29),SANDY SPRING RD (WB/L),Sideswipe (Opposite Direction),Right-of-Way Violation,Clear,Dry,Daylight,Traffic Signal,None Detected,C243AB5A-C1BB-42F7-9AF7-A5ECBC548011,MD,AFFDC4EC-85B2-421B-921C-6B93BFBD60B4,Nine O Clock,PassengerCar,EnteringTrafficLane,Northbound,35.0,No,No,2007,HONDA,39.11173081,-76.92858095,Fit_Honda,6,2025,8,26,6,Tuesday,2025-08-26,35
177,MCP2946007Y,250036572,Montgomery_County_Police,Injury Crash,2025-08-15 17:20:00,Maryland_State_Route,BARNESVILLE RD,MUNCASTER MILL RD,Sideswipe (Opposite Direction),Lane Violation,Clear,Dry,Daylight,No Control,None Detected,BA5BE769-CBC6-4111-870C-DEAD6EF497CA,MD,7865922C-B373-4116-AEB8-7E4D55BB8896,VehicleNotAtScene,SportUtilityVehicle,MovingConstantSpeed,Northbound,35.0,No,No,2013,FORD,39.18859289,-77.31980246,Escape_Ford,17,2025,8,15,17,Friday,2025-08-15,33
178,EJ7916000P,250038709,Gaithersburg_Police_Department,Injury Crash,2025-08-29 15:15:00,County_Route,MUDDY BRANCH RD (SB/L),N SUMMIT AVE,Angle Collision,Speed Related,Clear,Dry,Daylight,No Control,None Detected,BCF06B19-7569-4C37-BBA3-EC98A80D3AE5,MD,02C440F3-2CBD-43F2-8AE9-AD12EF3FCFAB,Twelve O Clock,PassengerCar,MovingConstantSpeed,Southbound,40.0,No,No,2024,HONDA,39.10447894,-77.2200344,Accord_Honda,15,2025,8,29,15,Friday,2025-08-29,35
179,MCP3227006M,250038237,Montgomery_County_Police,Property Damage Crash,2025-08-26 18:45:00,Maryland_State_Route,COLESVILLE RD,ENT TO BUSINESS,Sideswipe (Opposite Direction),Congestion / Backup,Clear,Dry,Daylight,No Control,None Detected,62E1B4C5-F392-45A0-BE00-404870B18E7D,MD,B331D843-35F5-4BCC-9AE1-EAE6BFAD3018,Eight O Clock,TransitBus,MakingLeftTurn,East,30.0,No,No,2025,NISSAN,38.99440146,-77.03079669,Altima_Nissan,18,2025,8,26,18,Tuesday,2025-08-26,35
180,MCP06170074,250038304,Montgomery_County_Police,Injury Crash,2025-08-27 09:24:00,County_Route,GOLD MINE RD,NEW HAMPSHIRE AVE,Angle Collision,Right-of-Way Violation,Clear,Dry,Daylight,Stop Sign,None Detected,64193CDD-80AD-46F1-A26C-0DC9100F9A00,MD,99856981-FDB0-4D11-A26F-1EC9CEAFD12A,Nine O Clock,PassengerCar,MakingLeftTurn,North,30.0,No,No,2014,SUBARU,39.17922417,-77.02702274,Forester_Subaru,9,2025,8,27,9,Wednesday,2025-08-27,35
181,MCP30400089,250034456,Montgomery_County_Police,Property Damage Crash,2025-08-02 18:00:00,Maryland_State_Route,CRYSTAL ROCK DR,RAMP 5 FR MD 185 SB TO IS 495 EB,Angle Collision,Right-of-Way Violation,Clear,Dry,Daylight,No Control,None Detected,9FC67B0A-7871-4C79-B0B3-616940DCF53E,MD,489D5EB2-7358-4096-84AE-DFF0B5EB4B62,VehicleNotAtScene,PickupTruck,MakingLeftTurn,Westbound,20.0,No,No,2006,CHEVROLET,39.13007598,-77.02934937,Silverado_Chevrolet,18,2025,8,2,18,Saturday,2025-08-02,31
182,MCP3384001N,250038731,Montgomery_County_Police,Property Damage Crash,2025-08-29 17:00:00,Maryland_State_Route,FREDERICK RD,EXPLORATION LA,Rear-End (Same Direction),Backing Error,Clear,Dry,Daylight,No Control,None Detected,7D2A356B-B933-4B6D-BE36-6151E624D473,MD,8D3E8D84-9F82-4E5F-99AA-DD852D7FDCCE,VehicleNotAtScene,PassengerCar,Backing,Not On Roadway,30.0,No,No,2025,HYUNDAI,38.99516983,-77.02488417,Venue_Hyundai,17,2025,8,29,17,Friday,2025-08-29,35
183,MCP2763005J,250038091,Montgomery_County_Police,Property Damage Crash,2025-08-26 07:50:00,County_Route,MONTGOMERY VILLAGE AVE (SB/L),ADAMS DR,Rear-End (Same Direction),Tailgating,Clear,Dry,Daylight,Traffic Signal,None Detected,20E1AEAF-6911-4333-A988-3EADE4B0DE96,MD,F650E23A-3A17-4F8F-9734-5C6D937DC8EA,Twelve O Clock,SportUtilityVehicle,MovingConstantSpeed,Southbound,35.0,No,No,2013,NISSAN,39.17539833,-77.20348167,Rogue_Nissan,7,2025,8,26,7,Tuesday,2025-08-26,35
184,MCP3337004B,250037849,Montgomery_County_Police,Property Damage Crash,2025-08-24 15:03:00,County_Route,ARCOLA AVE,HERMITAGE AVE,Other,Right-of-Way Violation,Clear,Dry,Daylight,Stop Sign,None Detected,96657FAE-388C-4CBA-95A7-BE61C1984B2E,MD,ED93E553-5B51-4BF4-A814-C6802D37929E,Eleven O Clock,PassengerCar,MakingRightTurn,Northbound,25.0,No,No,2020,TESLA,39.04713558,-77.05066261,Model Y_Tesla,15,2025,8,24,15,Sunday,2025-08-24,34
185,MCP34230028,250024428,Montgomery_County_Police,Property Damage Crash,2025-08-18 13:05:00,County_Route,BRIGGS CHANEY RD,AUTOMOBILE BLVD,Angle Collision,Road Obstruction,Clear,Dry,Daylight,Traffic Signal,None Detected,8B76784A-539D-40BE-A7A0-D8D31C34F427,MD,70AA81C6-46A3-4FAA-9321-F81FE93A4FC8,Eleven O Clock,PassengerCar,SlowingOrStopping,South,35.0,No,No,2013,VOLKSWAGEN,39.08113608,-76.9464828,Jetta_Volkswagen,13,2025,8,18,13,Monday,2025-08-18,34
186,MCP287500BC,250038414,Montgomery_County_Police,Property Damage Crash,2025-08-27 21:00:00,Maryland_State_Route,COLUMBIA PIKE,ANNAPOLIS ROCK RD,Rear-End (Same Direction),Right-of-Way Violation,Clear,Dry,Dark - Lighted,No Control,None Detected,31E24A42-5FDB-44C4-8DC0-719D5DAC5271,MD,7D54F121-9070-44AB-86DE-30F712BD0086,Five O Clock,PickupTruck,Accelerating,Eastbound,50.0,No,No,2009,CHEVROLET,39.26920642,-77.15229591,Silverado_Chevrolet,21,2025,8,27,21,Wednesday,2025-08-27,35
187,DD56760013,250038732,Rockville_Police_Department,Property Damage Crash,2025-08-29 17:00:00,Maryland_State_Route,FIRST ST,SKYMEADOW WAY,Rear-End (Same Direction),Tailgating,Clear,Dry,Daylight,Traffic Signal,None Detected,592CEB8D-F84A-4B7D-987C-DBC672BA7288,MD,758F1DDA-3DD9-4537-B33C-11B9A08F2EBD,VehicleNotAtScene,SportUtilityVehicle,MovingConstantSpeed,Eastbound,30.0,No,No,2018,NISSAN,39.07749112,-77.13898913,Rogue_Nissan,17,2025,8,29,17,Friday,2025-08-29,35
188,MCP31130077,250038028,Montgomery_County_Police,Property Damage Crash,2025-08-24 13:00:00,Maryland_State_Route,GREENCASTLE RD,AVENLEIGH DR,Head-On,Driver Inattention,Clear,Dry,Daylight,Other,None Detected,9B2CD342-E634-4EAE-A6E2-3E543399E3F2,MD,274D6611-F0B7-4FC1-A93D-1B4A61E377F2,VehicleNotAtScene,PassengerCar,SlowingOrStopping,Not On Roadway,2.5,No,No,2022,TOYOTA,39.12168904,-77.2341196,Camry_Toyota,13,2025,8,24,13,Sunday,2025-08-24,34
189,MCP2603006W,250038634,Montgomery_County_Police,Property Damage Crash,2025-08-29 10:12:00,Maryland_State_Route,TOTHILL DR,MUNCASTER RD REDLAND RD,Angle Collision,Traffic Control Violation,Clear,Dry,Daylight,Traffic Signal,None Detected,39B7F00E-F4EC-4FCA-945D-0D6B7A15CD4D,MD,CAD5842A-343B-4979-9308-201D284C1471,Twelve O Clock,PassengerCar,MovingConstantSpeed,Northbound,35.0,No,No,1994,CHEVROLET,39.14562194,-77.14395048,Silverado_Chevrolet,10,2025,8,29,10,Friday,2025-08-29,35
191,MCP3358003F,250038823,Montgomery_County_Police,Property Damage Crash,2025-08-30 08:48:00,Maryland_State_Route,ROCKVILLE PIKE,SHERWOOD HIGH SCHOOL,Angle Collision,Lane Violation,Clear,Dry,Daylight,No Control,None Detected,3FC6CFE7-693B-425F-B371-F56B4ACC0CC6,MD,FF8AED29-52CA-419B-8AF1-1D146389A95B,Five O Clock,PassengerCar,MovingConstantSpeed,Northbound,35.0,No,No,2018,KIA,39.02295614,-77.10282033,Optima_Kia,8,2025,8,30,8,Saturday,2025-08-30,35
192,MCP913000L6,250037544,Montgomery_County_Police,Property Damage Crash,2025-08-22 13:50:00,Maryland_State_Route,INDUSTRIAL PKWY,NO NAME,Angle Collision,Road Obstruction,Clear,Dry,Daylight,No Control,None Detected,21062CEA-FF8C-4CC1-89EF-C84D797ED031,MD,165EE045-CC68-49E3-A8CF-0EA856511C2C,One O Clock,PassengerCar,MovingConstantSpeed,West,35.0,No,No,2019,BUICK,39.00124559,-76.98613481,Encore_Buick,13,2025,8,22,13,Friday,2025-08-22,34
193,MCP3319003T,250038443,Montgomery_County_Police,Property Damage Crash,2025-08-28 07:52:00,County_Route,GARWOOD ST,FRANKLIN AVE,Angle Collision,Road Obstruction,Clear,Dry,Daylight,Stop Sign,None Detected,CD32F9B9-46CD-471A-A28A-79AE91ABAF78,MD,243DC9F0-E8D8-4368-B4BD-2E3ADD5B6375,Twelve O Clock,PassengerCar,EnteringTrafficLane,East,25.0,No,No,2011,BMW,39.0117118,-77.00359771,3 Series_BMW,7,2025,8,28,7,Thursday,2025-08-28,35
194,MCP2291008Y,250038891,Montgomery_County_Police,Injury Crash,2025-08-30 18:05:00,Maryland_State_Route,ROCKVILLE PIKE,KEMPTOWN RD,Rear-End (Same Direction),Tailgating,Clear,Dry,Daylight,No Control,None Detected,B62B60CC-CC39-41D0-A211-2C3C5854D26D,MD,B2988BDD-8A97-47F7-A6AB-FB1D70F98A0B,Twelve O Clock,PassengerCar,SlowingOrStopping,Northbound,35.0,No,No,2011,TOYOTA,39.03132767,-77.10537133,Prius_Toyota,18,2025,8,30,18,Saturday,2025-08-30,35
195,MCP3319003T,250038443,Montgomery_County_Police,Property Damage Crash,2025-08-28 07:52:00,County_Route,GARWOOD ST,FRANKLIN AVE,Angle Collision,Road Obstruction,Clear,Dry,Daylight,No Control,None Detected,D6DF60F0-D5DE-403B-B688-3B1A21D32180,MD,33D4D9B6-C004-4E22-9D7B-4827F255377F,Eight O Clock,Van - Passenger (&lt;9 Seats),MovingConstantSpeed,South,25.0,No,No,2011,HONDA,39.0117118,-77.00359771,Odyssey_Honda,7,2025,8,28,7,Thursday,2025-08-28,35
196,MCP33620065,250038606,Montgomery_County_Police,Property Damage Crash,2025-08-29 07:16:00,County_Route,INDUSTRIAL PKWY,CLOPPER RD,Angle Collision,Backing Error,Clear,Wet,Daylight,Other,None Detected,9A551B8A-DAB8-47FD-B1EE-DF0E52B9865B,MD,F15CB914-4F16-4E3C-A7C3-EBD50E95A260,VehicleNotAtScene,PassengerCar,Backing,Not On Roadway,2.5,No,No,2023,TOYOTA,39.02041317,-77.01205917,Tundra_Toyota,7,2025,8,29,7,Friday,2025-08-29,35
197,EJ7887005Y,250038092,Gaithersburg_Police_Department,Property Damage Crash,2025-08-26 07:40:00,Maryland_State_Route,QUINCE ORCHARD RD,CLOPPER RD,Rear vs Side,Traffic Control Violation,Clear,Dry,Daylight,Traffic Signal,None Detected,462D6D7C-2667-4D03-AE59-18DB2FEA16FF,MD,D7A1E3F9-F0E0-4D10-8026-651E2BA53664,Twelve O Clock,PassengerCar,MovingConstantSpeed,Eastbound,35.0,No,No,2012,BMW,39.14254096,-77.22094727,3 Series_BMW,7,2025,8,26,7,Tuesday,2025-08-26,35
198,MCP2946007Y,250036572,Montgomery_County_Police,Injury Crash,2025-08-15 17:20:00,Maryland_State_Route,BARNESVILLE RD,PLUMMER DR,Sideswipe (Opposite Direction),Lane Violation,Clear,Dry,Daylight,No Control,None Detected,9DE4D9ED-1473-4C69-9BE6-C1C7C16DF7D3,MD,A4A64673-68F1-4655-B0A0-2DB5AC91C7F3,Ten O Clock,SportUtilityVehicle,MovingConstantSpeed,Southbound,35.0,No,No,2021,VOLVO,39.18859289,-77.31980246,XC90_Volvo,17,2025,8,15,17,Friday,2025-08-15,33
199,EJ7887005Y,250038092,Gaithersburg_Police_Department,Property Damage Crash,2025-08-26 07:40:00,Maryland_State_Route,QUINCE ORCHARD RD,CLOPPER RD,Rear vs Side,Traffic Control Violation,Clear,Dry,Daylight,Traffic Signal,None Detected,D58AD7C6-525F-4D62-804B-CA7078F46572,MD,0FD8B765-5219-4367-B31C-33E733CF66D7,Six O Clock,PassengerCar,MovingConstantSpeed,Eastbound,35.0,No,No,2015,CHEVROLET,39.14254096,-77.22094727,Silverado_Chevrolet,7,2025,8,26,7,Tuesday,2025-08-26,35
200,MCP06170073,250038278,Montgomery_County_Police,Injury Crash,2025-08-27 06:11:00,County_Route,GLENALLAN AVE (WB/L),LAYHILL RD,Angle Collision,Lane Violation,Clear,Dry,Daylight,No Control,None Detected,20C1200A-CBCB-4AE6-B6CE-96B30EF30379,MD,A8857867-7783-4219-9A1F-D9631A819F27,One O Clock,SportUtilityVehicle,MovingConstantSpeed,Westbound,30.0,No,No,2019,HYUNDAI,39.06315636,-77.05015019,Tucson_Hyundai,6,2025,8,27,6,Wednesday,2025-08-27,35
201,MCP33720040,250038033,Montgomery_County_Police,Property Damage Crash,2025-08-25 17:45:00,County_Route,WADE AVE,SINGLETON DR,Single Vehicle,Driver Inattention,Clear,Dry,Daylight,No Control,None Detected,AC59CA0A-F413-4983-B089-9AE29CA0FB07,MD,75EB5E3D-69B2-46C7-B300-2F5017975F23,Twelve O Clock,PassengerCar,MovingConstantSpeed,Not On Roadway,2.5,No,No,2025,MAZDA,39.10992954,-77.07250263,Mazda3_Mazda,17,2025,8,25,17,Monday,2025-08-25,35
202,MCP3329004M,250038728,Montgomery_County_Police,Property Damage Crash,2025-08-29 16:51:00,County_Route,INDUSTRIAL PKWY,CLUB HOUSE RD,Angle Collision,Right-of-Way Violation,Clear,Dry,Daylight,No Control,None Detected,54736092-1376-4E5D-A1FE-002B7997E45D,MD,41B27689-96A0-4BEB-B255-2EB807158AC1,Two O Clock,PassengerCar,MovingConstantSpeed,Eastbound,25.0,No,No,2015,TOYOTA,39.05359316,-76.96862777,RAV4_Toyota,16,2025,8,29,16,Friday,2025-08-29,35
203,MCP34290010,250037789,Montgomery_County_Police,Property Damage Crash,2025-08-23 21:19:00,County_Route,HEWITT AVE,GEORGIA AVE (SB/L) MATTHEW HENSON TRL,Angle Collision,Right-of-Way Violation,Clear,Dry,Dark - Lighted,Traffic Signal,None Detected,015EC979-4A17-419D-972A-F7C45DFE58F4,MD,1B53B499-8A5D-4C3D-8411-BA07B5D1B28A,Three O Clock,PassengerCar,MakingLeftTurn,West,45.0,No,No,2012,TOYOTA,39.07757438,-77.07070725,Corolla_Toyota,21,2025,8,23,21,Saturday,2025-08-23,34
204,MCP3230007J,250038509,Montgomery_County_Police,Injury Crash,2025-08-28 15:10:00,County_Route,CARROLTON RD (NB/L),NORBECK RD (WB/L),Angle Collision,Road Obstruction,Clear,Dry,Daylight,No Control,None Detected,E5DACA74-9545-4946-8781-DF8C08DAC11F,MD,F3F982B8-001A-4546-B86D-5C4A27EAD672,Eight O Clock,PassengerCar,MovingConstantSpeed,North,35.0,No,No,2016,FORD,39.10395569,-77.08822125,Fusion_Ford,15,2025,8,28,15,Thursday,2025-08-28,35
205,MCP94190064,250038671,Montgomery_County_Police,Property Damage Crash,2025-08-28 15:55:00,County_Route,MELINDA LA,WOODCREST DR,Single Vehicle,Right-of-Way Violation,Clear,Dry,Daylight,Stop Sign,None Detected,E232A0A3-D997-4E63-8A78-B181CE146EA7,MD,3AA1D572-CBD5-46A1-A593-CB091A62E1A0,NonCollision,SchoolBus,Accelerating,West,25.0,No,No,2025,CHEVROLET,39.09462457,-77.09825856,Silverado_Chevrolet,15,2025,8,28,15,Thursday,2025-08-28,35
206,MCP283200C1,250038614,Montgomery_County_Police,Property Damage Crash,2025-08-29 08:21:00,Maryland_State_Route,EAST WEST HWY (WB/L),RIPPLING BROOK DR,Sideswipe (Same Direction),Passing / Turning,Clear,Dry,Daylight,No Control,None Detected,73F8F384-ADDC-4DFF-A836-EE1FA0DD6763,MD,D81F7CF2-1D6F-4BF0-90FB-E782570161AD,One O Clock,PickupTruck,MovingConstantSpeed,Westbound,25.0,No,No,2020,FORD,38.98475897,-77.093755,F-150_Ford,8,2025,8,29,8,Friday,2025-08-29,35