Unnamed: 0,Report Number,Local Case Number,Agency Name,ACRS Report Type,Crash Date/Time,Route Type,Road Name,Cross-Street Name,Collision Type,Circumstance_Category,Weather,Surface Condition,Light,Traffic Control,Driver Substance Abuse,Person ID,Drivers License State,Vehicle ID,Vehicle First Impact Location,Vehicle Body Type,Vehicle Movement,Vehicle Going Dir,Speed Limit,Driverless Vehicle,Parked Vehicle,Vehicle Year,Vehicle Make,Latitude,Longitude,Vehicle Model,hour,Crash_year,Crash_month,Crash_day,Crash_hour,Crash_day_name,Crash_date,Crash_week
207,MCP3123008D,250038862,Montgomery_County_Police,Property Damage Crash,2025-08-30 14:21:00,Maryland_State_Route,GEORGIA AVE (SB/L),BALTIC AVE,Angle Collision,Right-of-Way Violation,Clear,Dry,Daylight,No Control,None Detected,2A562FBC-39C5-43D1-AC53-6CD483735667,MD,9D1A0820-88CA-4765-9EEF-242A59B19C7B,Ten O Clock,PassengerCar,MovingConstantSpeed,Southbound,30.0,No,No,2021,TESLA,39.02752217,-77.04694705,Model 3_Tesla,14,2025,8,30,14,Saturday,2025-08-30,35
208,DD5567009P,250038448,Rockville_Police_Department,Injury Crash,2025-08-28 08:38:00,Municipality_Route,W MONTGOMERY AVE,N ADAMS ST S ADAMS ST,Single Vehicle,Road Obstruction,Clear,Dry,Daylight,No Control,None Detected,2D8D63BA-7F69-4135-9D85-F1F1B834A4F4,MD,A6D9B009-93B9-4D71-AC11-0333343F398F,Twelve O Clock,SingleUnitTruck,MovingConstantSpeed,North,30.0,No,No,2024,FORD,39.08414069,-77.15481496,F-150_Ford,8,2025,8,28,8,Thursday,2025-08-28,35
209,MCP32630056,250038612,Montgomery_County_Police,Property Damage Crash,2025-08-29 07:19:00,Maryland_State_Route,RIVER RD (WB/L),PEARL ST,Angle Collision,Speed Related,Clear,Dry,Daylight,No Control,None Detected,6A98ED13-9FA3-4EC0-BA69-9664226D43C4,MD,0AE5FCDC-FEFA-4B41-9CAE-AD3225A3A7D1,Eight O Clock,PassengerCar,MovingConstantSpeed,Eastbound,35.0,No,No,2010,MERCEDES-BENZ,38.96818817,-77.108259,E-Class_Mercedes-Benz,7,2025,8,29,7,Friday,2025-08-29,35
210,MCP9118005J,250038810,Montgomery_County_Police,Property Damage Crash,2025-08-30 04:00:00,County_Route,JUDSON RD (NB/L),PINEY BRANCH RD,Rear-End (Same Direction),Driver Inattention,Clear,Dry,Dark - Not Lighted,No Control,Suspect Alcohol (Unclear),BE2D5F9B-21B9-45C5-965C-540FAA003D28,MD,5AE5A88F-3CDD-4E3E-B0DF-9B3DD9485ADD,One O Clock,PassengerCar,MovingConstantSpeed,Northbound,30.0,No,No,2001,LEXUS,39.05339219,-77.05693049,RX 350_Lexus,4,2025,8,30,4,Saturday,2025-08-30,35
211,MCP3322003Y,250036339,Montgomery_County_Police,Injury Crash,2025-08-14 17:48:00,County_Route,HEWITT AVE,WOODFIELD RD,Rear-End (Same Direction),Tailgating,Clear,Dry,Daylight,No Control,None Detected,B460AE69-4E85-441C-B137-6FFF8DE779BE,MD,5B8AA754-1381-48F5-8DA1-8DCB6070FDC6,Six O Clock,PassengerCar,SlowingOrStopping,Westbound,25.0,No,No,2016,SUBARU,39.08121286,-77.05608906,WRX_Subaru,17,2025,8,14,17,Thursday,2025-08-14,33
212,DD5686000T,250037578,Rockville_Police_Department,Injury Crash,2025-08-22 16:38:00,Municipality_Route,WOOTTON PKWY,SOUTHLAWN LA,Rear-End (Same Direction),Tailgating,Clear,Dry,Daylight,Other,None Detected,3E093C6E-88C2-4BFF-A7EC-7D2120B3EF13,MD,1E6670C7-F8F3-49C5-899D-7409EFCAA358,Twelve O Clock,PassengerCar,SlowingOrStopping,Southbound,25.0,No,No,2021,DODGE,39.0868479,-77.1893619,Charger_Dodge,16,2025,8,22,16,Friday,2025-08-22,34
213,MCP3408001Q,250037604,Montgomery_County_Police,Injury Crash,2025-08-22 17:54:00,Crossover,CROSSOVER,RAMP 7 FR RP 2 (FR IS495 WB) TO 193 UNIVERSITY BLVD E (WB/L),Angle Collision,Passing / Turning,Clear,Dry,Daylight,Traffic Signal,None Detected,7F40940A-78F4-49AD-A904-7555E289A003,MD,0F06956B-589C-4A13-A9F9-580789E0ED17,Eleven O Clock,PassengerCar,MakingLeftTurn,Westbound,25.0,No,No,2006,DODGE,39.0159105,-77.00545233,Grand Caravan_Dodge,17,2025,8,22,17,Friday,2025-08-22,34
214,MCP2783006Q,250036391,Montgomery_County_Police,Injury Crash,2025-08-15 00:47:00,Maryland_State_Route,GEORGIA AVE,RAMP 2 FR MONTROSE PKWY TO MD 355 NB,Single Vehicle,Driver Inattention,Clear,Dry,Dark - Lighted,No Control,None Detected,42C6D90D-97D6-4810-A84F-6BC4040E5132,MD,2225569F-2713-4F38-B582-150783356B71,VehicleNotAtScene,PassengerCar,MovingConstantSpeed,Northbound,40.0,No,No,2006,FORD,39.06106726,-77.05213999,F-150_Ford,0,2025,8,15,0,Friday,2025-08-15,33
215,MCP2763005J,250038091,Montgomery_County_Police,Property Damage Crash,2025-08-26 07:50:00,County_Route,MONTGOMERY VILLAGE AVE (SB/L),FIRSTFIELD RD,Rear-End (Same Direction),Road Obstruction,Clear,Dry,Daylight,Traffic Signal,None Detected,EB6F897C-F496-42D1-959D-6B24E45D3ABD,MD,C917EA9A-86CC-476F-B002-DA8681327FBE,Six O Clock,PickupTruck,SlowingOrStopping,Southbound,35.0,No,No,2005,TOYOTA,39.17539833,-77.20348167,Tacoma_Toyota,7,2025,8,26,7,Tuesday,2025-08-26,35
216,MCP34140022,250036708,Montgomery_County_Police,Property Damage Crash,2025-08-17 10:35:00,County_Route,ELLSWORTH DR,VETERANS PL,Angle Collision,Passing / Turning,Clear,Dry,Daylight,Stop Sign,None Detected,17FF6B7B-8D69-423D-BF4C-FEEE491F9FED,MD,F5538C9B-36C7-479E-85EB-4CC4AEBC20FC,Four O Clock,Van - Passenger (&lt;9 Seats),MakingRightTurn,Northbound,25.0,No,No,2018,FORD,38.99788013,-77.02464437,Transit_Ford,10,2025,8,17,10,Sunday,2025-08-17,33
217,MCP3380003J,250038882,Montgomery_County_Police,Property Damage Crash,2025-08-30 16:58:00,County_Route,WELLER RD,BUSHEY DR,Angle Collision,Right-of-Way Violation,Clear,Dry,Daylight,Stop Sign,None Detected,4E91A518-06CC-4BA3-8039-745B8081EEDC,MD,1EDB750F-8CFF-4A15-B307-86946E4E2B3F,One O Clock,PassengerCar,Accelerating,Southbound,25.0,No,No,2024,SUBARU,39.06257583,-77.0786115,Forester_Subaru,16,2025,8,30,16,Saturday,2025-08-30,35
218,MCP2603006X,250038659,Montgomery_County_Police,Property Damage Crash,2025-08-29 12:12:00,Maryland_State_Route,WOODFIELD RD (SB/L),NORTHWEST DR,Angle Collision,Right-of-Way Violation,Cloudy,Dry,Daylight,No Control,None Detected,6C0DAF74-4DFF-48DD-A5A1-425D64B13462,WV,A8DFEBFF-5E34-4017-884D-9FC785614A60,Eleven O Clock,PassengerCar,MakingLeftTurn,Southbound,45.0,No,No,2023,CHEVROLET,39.1601655,-77.15942183,Silverado_Chevrolet,12,2025,8,29,12,Friday,2025-08-29,35
219,MCP32550077,250037977,Montgomery_County_Police,Injury Crash,2025-08-25 13:45:00,Maryland_State_Route,W MONTGOMERY AVE (WB/L),WHITEHAVEN RD,Rear-End (Same Direction),Congestion / Backup,Clear,Dry,Daylight,Traffic Signal,None Detected,68E77EF5-FCEA-433B-A51E-972A6C1A9E59,MD,4FDE3129-6BEB-4124-B64A-CB7ED4FA573B,Seven O Clock,PassengerCar,StoppedInTrafficLane,Northbound,40.0,No,No,2018,TOYOTA,39.1031745,-77.18996517,C-HR_Toyota,13,2025,8,25,13,Monday,2025-08-25,35
220,MCP3044008L,250038193,Montgomery_County_Police,Injury Crash,2025-08-26 16:07:00,County_Route,BRIGGS CHANEY RD,HATHAWAY DR,Rear-End (Same Direction),Tailgating,Clear,Dry,Daylight,Traffic Signal,None Detected,1D332ED8-EC4B-4012-B5B4-D7C50BFAE428,MD,575A8BAF-E64C-4567-91A5-0B11C6A7A2EA,Twelve O Clock,PassengerCar,SlowingOrStopping,Northbound,35.0,No,No,2020,TOYOTA,39.08246011,-76.94769075,Corolla_Toyota,16,2025,8,26,16,Tuesday,2025-08-26,35
221,EJ7916000M,250038531,Gaithersburg_Police_Department,Property Damage Crash,2025-08-28 16:50:00,County_Route,LOST KNIFE RD,RANDOLPH RD,Sideswipe (Same Direction),Lane Violation,Clear,Dry,Daylight,No Control,None Detected,B8F6E1D6-94A7-431E-89DD-23C4867F953B,MD,7684D2F5-4F59-4727-85FC-F91640E8F518,Eleven O Clock,TransitBus,ChangingLanes,Eastbound,30.0,No,No,2013,FORD,39.15557596,-77.20205337,F-150_Ford,16,2025,8,28,16,Thursday,2025-08-28,35
222,DD5690000G,250037396,Rockville_Police_Department,Property Damage Crash,2025-08-15 11:41:00,Maryland_State_Route,WOODFIELD RD,STANDISH PL,Back-to-Back,Backing Error,Clear,Dry,Daylight,Stop Sign,Alcohol Present,4ACDE90E-8FE6-48EA-959C-E49A0961221C,MD,15582033-F4F9-4003-BFA7-39F09B8BF9E1,VehicleNotAtScene,PassengerCar,Backing,Unknown,2.5,No,No,2025,CHEVROLET,39.05917338,-77.15069803,Silverado_Chevrolet,11,2025,8,15,11,Friday,2025-08-15,33
223,MCP31620065,250038845,Montgomery_County_Police,Property Damage Crash,2025-08-30 12:30:00,Maryland_State_Route,GEORGIA AVE,LAKE SHORE DR,Rear-End (Same Direction),Congestion / Backup,Clear,Dry,Daylight,No Control,None Detected,8143B621-C4E1-4568-9D3A-DC78D9BE1007,PA,DC98BA7F-AADA-4352-BC02-1A60B7E61891,Six O Clock,PassengerCar,StoppedInTrafficLane,Northbound,35.0,No,No,2021,KIA,39.00980314,-77.04060535,Telluride_Kia,12,2025,8,30,12,Saturday,2025-08-30,35
224,MCP3271005Q,250037746,Montgomery_County_Police,Property Damage Crash,2025-08-23 16:00:00,Interstate_Route,CAPITAL BELTWAY,NEW HAMPSHIRE AVE (SB/L),Rear-End (Same Direction),Backing Error,Clear,Dry,Daylight,No Control,None Detected,DF324E27-02BC-4029-8BD1-9CD89BD6E6D8,FL,D27FED1E-5D68-4291-9B27-385329743A86,Six O Clock,TruckTractor,Backing,Northbound,55.0,No,No,2012,VOLVO,39.00894263,-77.08829267,S60_Volvo,16,2025,8,23,16,Saturday,2025-08-23,34
225,MCP3337004B,250037849,Montgomery_County_Police,Property Damage Crash,2025-08-24 15:03:00,County_Route,ARCOLA AVE,HERMITAGE AVE,Other,Lane Violation,Clear,Dry,Daylight,No Control,None Detected,B3B49EFB-87B8-47E7-BA8E-AE0A7FE96FCB,MD,75FFB97B-4AE8-41F4-9E18-7BC96F8ADDCA,Eight O Clock,PassengerCar,MovingConstantSpeed,Westbound,25.0,No,No,2011,TOYOTA,39.04713558,-77.05066261,Corolla_Toyota,15,2025,8,24,15,Sunday,2025-08-24,34
226,MCP3374003F,250038477,Montgomery_County_Police,Injury Crash,2025-08-28 11:49:00,County_Route,W CEDAR LA,EMORY LA,Sideswipe (Same Direction),Lane Violation,Clear,Dry,Daylight,No Control,None Detected,BE734756-7945-475C-8EBB-D86A270FACFB,MD,A3AB04D9-625A-4501-B8F9-8B348696CE37,One O Clock,PassengerCar,MovingConstantSpeed,Eastbound,35.0,No,No,2022,CHRYSLER,39.0048495,-77.10750617,Pacifica_Chrysler,11,2025,8,28,11,Thursday,2025-08-28,35
227,MCP32550078,250038886,Montgomery_County_Police,Property Damage Crash,2025-08-30 17:00:00,County_Route,RANDOLPH RD,REEDIE DR,Rear-End (Same Direction),Backing Error,Clear,Dry,Daylight,Traffic Signal,None Detected,C27E46C5-9804-4CDA-B51A-4AAC16D565AE,MD,632A8E3B-E35D-4708-840F-FA67871DD341,Six O Clock,PassengerCar,Backing,Unknown,2.5,No,No,2004,TOYOTA,39.17233983,-77.20611433,RAV4_Toyota,17,2025,8,30,17,Saturday,2025-08-30,35
228,MCP32550077,250037977,Montgomery_County_Police,Injury Crash,2025-08-25 13:45:00,Maryland_State_Route,W MONTGOMERY AVE (WB/L),GREGORIO ST,Rear-End (Same Direction),Tailgating,Clear,Dry,Daylight,Traffic Signal,None Detected,DC54A1A2-2FF5-4F11-9A26-D24B6BDDDAF2,MD,A973DDB5-18E9-46DF-82EE-C0356FF89405,One O Clock,PassengerCar,MovingConstantSpeed,Northbound,40.0,No,No,2017,HONDA,39.1031745,-77.18996517,Accord_Honda,13,2025,8,25,13,Monday,2025-08-25,35
229,MCP156300BV,250037974,Montgomery_County_Police,Property Damage Crash,2025-08-25 13:32:00,Maryland_State_Route,ROCKVILLE PIKE (SB/L),OLD GEORGETOWN RD (SB/L),Rear-End (Same Direction),Surface Condition,Clear,Dry,Daylight,Traffic Signal,None Detected,455D5467-7D82-49AE-9C35-ABCD2C9E73C6,MD,12E73218-C52B-4F4F-A8B3-D9C6AA2A625D,Six O Clock,PassengerCar,StoppedInTrafficLane,Southbound,40.0,No,No,2012,TOYOTA,39.04954776,-77.11443449,Camry_Toyota,13,2025,8,25,13,Monday,2025-08-25,35
230,MCP3280007C,250038827,Montgomery_County_Police,Injury Crash,2025-08-30 09:35:00,County_Route,CALVERTON BLVD,BROADBIRCH DR                 CHERRY HILL RD,Rear-End (Same Direction),Tailgating,Clear,Dry,Daylight,Traffic Signal,None Detected,D51664AA-7F8A-4AD9-A7B2-D5D6993E4CFE,VA,F32B43FC-6413-4498-8172-1A5767886F16,Six O Clock,PassengerCar,SlowingOrStopping,Eastbound,30.0,No,No,2024,MAZDA,39.05606641,-76.95426711,CX-5_Mazda,9,2025,8,30,9,Saturday,2025-08-30,35
231,MCP33790025,250038392,Montgomery_County_Police,Property Damage Crash,2025-08-27 17:46:00,County_Route,ARCOLA AVE,CHESTER MILL RD,Angle Collision,Right-of-Way Violation,Clear,Wet,Daylight,Traffic Signal,None Detected,22E8C236-6BDA-4010-ADC4-F70341CCCA61,MD,6227A549-CC12-42BC-A001-D018B8146BFD,Nine O Clock,PassengerCar,EnteringTrafficLane,Westbound,2.5,No,No,2015,FORD,39.18105573,-77.27012905,Escape_Ford,17,2025,8,27,17,Wednesday,2025-08-27,35
232,DD5567009N,250038000,Rockville_Police_Department,Property Damage Crash,2025-08-25 15:04:00,County_Route,CHANDLEE MILL RD,CEDAR LA,Single Vehicle,Driver Inattention,Clear,Dry,Daylight,No Control,None Detected,91D943DE-C3A8-455B-B243-156A25B46440,MD,3012AA93-E0E5-4BF1-A6A7-8A3240DDA047,Four O Clock,PassengerCar,Accelerating,Not On Roadway,2.5,No,No,2021,TOYOTA,39.06869482,-77.12927497,C-HR_Toyota,15,2025,8,25,15,Monday,2025-08-25,35
233,MCP24600026,250038904,Montgomery_County_Police,Property Damage Crash,2025-08-30 19:30:00,County_Route,ROTHBURY DR,COLUMBIA PIKE,Other,Right-of-Way Violation,Clear,Dry,Dusk,No Control,None Detected,6CE19C20-479E-4B28-B5D7-D45A9CBB1BF3,MD,E5EDE0A3-837E-41BB-B734-898B4D6CD07F,One O Clock,SportUtilityVehicle,MakingLeftTurn,Eastbound,30.0,No,No,2007,TOYOTA,39.1854135,-77.18885867,RAV4_Toyota,19,2025,8,30,19,Saturday,2025-08-30,35
234,MCP30750051,250038589,Montgomery_County_Police,Property Damage Crash,2025-08-28 23:30:00,County_Route,MATENY RD (NB/L),PHILADELPHIA AVE,Other,Driver Inattention,Clear,Dry,Dark - Lighted,No Control,None Detected,F106742E-761C-4709-BE61-3AE6C46D4938,MD,062C5883-E9C6-4ED3-9064-6953474B22A1,One O Clock,PassengerCar,MovingConstantSpeed,Southbound,40.0,No,No,2011,LEXUS,39.14741483,-77.27148983,ES_Lexus,23,2025,8,28,23,Thursday,2025-08-28,35
236,MCP3445000T,250039237,Montgomery_County_Police,Property Damage Crash,2025-08-30 18:00:00,Maryland_State_Route,SHADY GROVE RD,SLIGO AVE,Rear-End (Same Direction),Tailgating,Clear,Dry,Daylight,No Control,None Detected,BAED999D-3329-4A8C-9915-BEAC4D017B02,MD,14B5F2DF-4EAA-47B9-82A3-0E0DBE006EF7,VehicleNotAtScene,SportUtilityVehicle,SlowingOrStopping,Not On Roadway,2.5,No,No,2014,HYUNDAI,39.0440999,-77.10521923,Elantra_Hyundai,18,2025,8,30,18,Saturday,2025-08-30,35
237,MCP29390081,250037721,Montgomery_County_Police,Injury Crash,2025-08-23 12:52:00,Ramp_Route,RAMP 7 FR MD 109 WB TO RAMP 6 (TO IS270),OLD HUNDRED RD,Head-On,Road Obstruction,Clear,Dry,Daylight,No Control,None Detected,E509CD00-E897-4BBB-92F3-561AC17121D1,MD,9DB6E2C4-2B2F-494A-91DA-CD44287FF225,Eleven O Clock,PassengerCar,MovingConstantSpeed,North,45.0,No,No,2000,CHEVROLET,39.27744266,-77.32486892,Silverado_Chevrolet,12,2025,8,23,12,Saturday,2025-08-23,34
238,MCP3397001D,250038508,Montgomery_County_Police,Injury Crash,2025-08-28 14:59:00,US_State_Route,COLUMBIA PIKE,INDUSTRIAL PKWY,Rear-End (Same Direction),Congestion / Backup,Clear,Dry,Daylight,Traffic Signal,None Detected,820DAE87-A5F5-4B41-A296-FA72E1A4ADCC,MD,04805C4C-EC12-404B-8958-65EFBC667694,Six O Clock,PassengerCar,SlowingOrStopping,West,45.0,No,No,2024,HYUNDAI,39.05606477,-76.97129352,Elantra_Hyundai,14,2025,8,28,14,Thursday,2025-08-28,35
239,MCP29670074,250038173,Montgomery_County_Police,Property Damage Crash,2025-08-26 14:19:00,County_Route,PERSIMMON TREE RD,SHADOW OAK DR,Single Vehicle,Lane Violation,Clear,Dry,Daylight,No Control,None Detected,13592D21-A771-435A-AB0E-ACA843AFD787,MD,21109938-0701-47C6-8829-002FC49F99BD,One O Clock,SportUtilityVehicle,NegotiatingCurve,Northbound,35.0,No,No,2019,MAZDA,38.97580328,-77.16877266,CX-5_Mazda,14,2025,8,26,14,Tuesday,2025-08-26,35
240,MCP3329004L,250038735,Montgomery_County_Police,Property Damage Crash,2025-08-23 12:05:00,Maryland_State_Route,GREENHILL DR,LINDEN AVE,Rear-End (Same Direction),Driver Inattention,Cloudy,Dry,Daylight,No Control,None Detected,EB3E2EF0-2DB7-4E05-B73F-326EA089B763,MD,AAEEDA30-A929-4AE4-B6D0-C6DF3B5833F5,VehicleNotAtScene,PassengerCar,SlowingOrStopping,Unknown,2.5,No,No,2017,FORD,38.99864396,-77.00283593,Escape_Ford,12,2025,8,23,12,Saturday,2025-08-23,34
241,MCP32950057,250038902,Montgomery_County_Police,Property Damage Crash,2025-08-30 18:37:00,County_Route,OLD COLUMBIA PIKE,FOREMAN BLVD,Rear-End (Same Direction),Tailgating,Clear,Dry,Daylight,Stop Sign,None Detected,E8DC14F6-F902-4409-8E78-D577E65C6E04,MD,4602B0DD-F980-4F45-AFF8-CDDB47741FB3,VehicleNotAtScene,PassengerCar,MovingConstantSpeed,Southbound,35.0,No,No,2007,BMW,39.05764269,-76.96801065,3 Series_BMW,18,2025,8,30,18,Saturday,2025-08-30,35
242,MCP2746001Z,250037438,Montgomery_County_Police,Property Damage Crash,2025-08-21 20:53:00,Maryland_State_Route,VEIRS MILL RD (WB/L),ENT TO SHOPPING CENTER,Sideswipe (Same Direction),Driver Inattention,Clear,Dry,Dark - Lighted,No Control,None Detected,87264F81-ED0C-4A71-89B9-361353828C63,MD,4ED6817A-C37C-4F1C-9493-D504FE554B1F,One O Clock,PassengerCar,ChangingLanes,Westbound,45.0,No,No,2021,TOYOTA,39.06013362,-77.08939628,Camry_Toyota,20,2025,8,21,20,Thursday,2025-08-21,34
243,MCP32990052,250038976,Montgomery_County_Police,Injury Crash,2025-08-31 12:16:00,Maryland_State_Route,GEORGIA AVE (SB/L),DUVALL DR,Rear-End (Same Direction),Tailgating,Clear,Dry,Daylight,No Control,None Detected,F4D1C7A5-8234-4A67-B729-3203E411DB4E,MD,6FED0F82-0600-45AE-9DC4-CB1E2FE7020F,Twelve O Clock,PassengerCar,MovingConstantSpeed,Southbound,45.0,No,No,2024,NISSAN,39.1266835,-77.07236567,Sentra_Nissan,12,2025,8,31,12,Sunday,2025-08-31,35
244,DD5674001M,250035174,Rockville_Police_Department,Property Damage Crash,2025-08-07 15:17:00,Municipality_Route,N WASHINGTON ST,TURKEY FOOT RD,Sideswipe (Same Direction),Lane Violation,Clear,Dry,Daylight,Traffic Signal,None Detected,AD78DB76-BCA2-4186-81D9-A0E19FDB40D4,MD,5CBB1C14-2F8E-42DC-AC97-36CC6098846F,NonCollision,PickupTruck,MakingLeftTurn,Northbound,25.0,No,No,2003,FORD,39.09151989,-77.15355859,F-350_Ford,15,2025,8,7,15,Thursday,2025-08-07,32
245,MCP3405000V,250037901,Montgomery_County_Police,Property Damage Crash,2025-08-24 21:55:00,County_Route,QUEENSTOWN LA,GREAT SENECA HWY (SB/L),Single Vehicle,Lane Violation,Clear,Dry,Dark - Lighted,Traffic Signal,Suspect Alcohol Only,B30A3305-F846-4A94-B079-1BAD310BB455,MD,08406E03-7D74-44D5-BAAA-CCE3C97FB71C,Twelve O Clock,SportUtilityVehicle,Accelerating,Southbound,45.0,No,No,2014,TOYOTA,39.15343665,-77.27832523,RAV4_Toyota,21,2025,8,24,21,Sunday,2025-08-24,34
246,MCP3080005S,250038784,Montgomery_County_Police,Property Damage Crash,2025-08-29 21:18:00,Maryland_State_Route,GREAT SENECA HWY,SEVERN RD,Other,Driver Inattention,Clear,Dry,Dark - Lighted,Traffic Signal,None Detected,88640FEB-3B8F-4A8E-9C76-C0FAC5FCF573,MD,0D1F5305-754A-4534-9C38-48EE38E4F324,Twelve O Clock,PassengerCar,MovingConstantSpeed,Southbound,40.0,No,No,2014,SUBARU,39.16669131,-77.2707339,Forester_Subaru,21,2025,8,29,21,Friday,2025-08-29,35
247,MCP25860080,250037739,Montgomery_County_Police,Injury Crash,2025-08-23 16:11:00,Maryland_State_Route,FREDERICK RD,HIPSLEY MILL RD,Rear vs Side,Right-of-Way Violation,Clear,Dry,Daylight,No Control,None Detected,07E98251-5A80-4F66-B9EF-05D587B72323,MD,89E38366-D3EF-44A6-8551-64AB260B0FBE,Eight O Clock,PassengerCar,MovingConstantSpeed,Eastbound,40.0,No,No,2014,FORD,39.25243228,-77.1392241,Mustang_Ford,16,2025,8,23,16,Saturday,2025-08-23,34
248,MCP31270054,250038885,Montgomery_County_Police,Property Damage Crash,2025-08-30 17:27:00,Maryland_State_Route,LANARK WAY,E GUDE DR,Sideswipe (Same Direction),Backing Error,Clear,Dry,Daylight,Traffic Signal,None Detected,5C9282E5-2BD2-46BB-8CFC-F3421E481844,MD,5A9E33F6-85D6-4764-A4D6-DE9DABF66561,Eleven O Clock,PassengerCar,Backing,Northbound,2.5,No,No,2008,HONDA,38.97999291,-77.09174428,Civic_Honda,17,2025,8,30,17,Saturday,2025-08-30,35
250,DD562000CK,250038095,Rockville_Police_Department,Property Damage Crash,2025-08-26 08:20:00,Municipality_Route,GAITHER RD,MUDDY BRANCH RD,Other,Lane Violation,Clear,Dry,Daylight,No Control,None Detected,85C28185-8962-45BF-8A3A-610F8CC68617,MD,0EB32CF1-29FA-4DF8-89FE-D94E45B59F07,Eleven O Clock,PassengerCar,MovingConstantSpeed,Southbound,35.0,No,No,2023,NISSAN,39.1071432,-77.17261771,Altima_Nissan,8,2025,8,26,8,Tuesday,2025-08-26,35
251,MCP33870037,250038107,Montgomery_County_Police,Property Damage Crash,2025-08-26 09:05:00,County_Route,WOODFIELD RD,RIDGE RD,Back-to-Back,Backing Error,Clear,Dry,Daylight,No Control,None Detected,FB8DFF4E-8248-4EB3-B28F-45927ADA490C,MD,5EEEFC6F-4B46-47E7-9B07-A30E98F5C719,Seven O Clock,SchoolBus,Backing,Northbound,2.5,No,No,2018,HONDA,39.0080149,-76.98293362,Civic_Honda,9,2025,8,26,9,Tuesday,2025-08-26,35
252,EJ7898006V,250038161,Gaithersburg_Police_Department,Property Damage Crash,2025-08-26 13:37:00,Maryland_State_Route,DARNESTOWN RD (WB/L),SLIGO CREEK PKWY,Angle Collision,Right-of-Way Violation,Clear,Dry,Daylight,Stop Sign,None Detected,1869BB29-4942-4E07-AB10-5F52A5E1E99F,MD,D1D42FF4-3F75-49A8-9C37-5863B04652B7,Eleven O Clock,PassengerCar,MakingRightTurn,Not On Roadway,15.0,No,No,2016,CHEVROLET,39.11768125,-77.25196094,Tahoe_Chevrolet,13,2025,8,26,13,Tuesday,2025-08-26,35
253,EJ79130016,250037993,Gaithersburg_Police_Department,Property Damage Crash,2025-08-25 15:05:00,Municipality_Route,S SUMMIT AVE,OLDE TOWNE AVE,Angle Collision,Right-of-Way Violation,Clear,Dry,Daylight,Stop Sign,None Detected,E8441FE9-BFCF-4FE4-BC39-DD38DD7CAD3E,MD,4276663A-C848-4FDA-9C4F-79B1991D2889,One O Clock,PassengerCar,MakingLeftTurn,Eastbound,25.0,No,No,2021,BMW,39.14058538,-77.19367954,X1_BMW,15,2025,8,25,15,Monday,2025-08-25,35
254,MCP2864005D,250038125,Montgomery_County_Police,Injury Crash,2025-08-26 11:17:00,Maryland_State_Route,WATKINS RD,CALVERTON BLVD,Head-On,Road Obstruction,Clear,Dry,Daylight,No Control,None Detected,8FFD83D7-C9C6-4AD5-BFEA-440E5CC061A8,MD,E8325D24-0918-47EF-9C10-CE9631C4B944,VehicleNotAtScene,PickupTruck,Parked,East,35.0,No,Yes,2018,TOYOTA,38.98275046,-77.11380943,Tacoma_Toyota,11,2025,8,26,11,Tuesday,2025-08-26,35
255,MCP3171002S,250038977,Montgomery_County_Police,Injury Crash,2025-08-31 12:25:00,Municipality_Route,OLD COLUMBIA PIKE,ROCKVILLE PIKE,Rear-End (Same Direction),Driver Inattention,Clear,Ice,Daylight,No Control,None Detected,504A82D1-C96E-4478-B888-5E2C77B2C5E2,MD,5FB3EF90-2A54-4DAF-A6C3-BDA3CAFB3AAA,Eleven O Clock,PassengerCar,Accelerating,Northbound,2.5,No,No,2025,TESLA,39.16472295,-77.27516836,Model Y_Tesla,12,2025,8,31,12,Sunday,2025-08-31,35
256,MCP3438000Y,250037461,Montgomery_County_Police,Property Damage Crash,2025-08-21 22:51:00,Ramp_Route,RAMP 3 FR RAMP 6 (FR IS495) TO MD 187 NB,OLD GEORGETOWN RD RAMP 5 FR MD 187 SB TO RAMP 4 (TO IS495),Head-On,Surface Condition,Clear,Dry,Dark - Lighted,Traffic Signal,None Detected,CB23F3C8-7F6B-426F-B219-2709A457BDF9,MD,BEEF0A98-8632-49D4-9B40-A520EDCDF1C0,Twelve O Clock,PassengerCar,MakingLeftTurn,East,35.0,No,No,2008,TOYOTA,39.01519995,-77.11874549,Camry_Toyota,22,2025,8,21,22,Thursday,2025-08-21,34
257,MCP287500BB,250037732,Montgomery_County_Police,Property Damage Crash,2025-08-23 13:36:00,Maryland_State_Route,RIDGE RD,BREGMAN RD,Sideswipe (Same Direction),Lane Violation,Clear,Dry,Daylight,No Control,None Detected,DB381F1E-BD55-4167-B7F9-BD479096B90B,MD,0E91366E-219E-4B8C-A679-4BAC6D599058,VehicleNotAtScene,Van - Passenger (&lt;9 Seats),ChangingLanes,Northbound,40.0,No,No,2012,TOYOTA,39.26934405,-77.21726525,Sienna_Toyota,13,2025,8,23,13,Saturday,2025-08-23,34