Unnamed: 0,Report Number,Local Case Number,Agency Name,ACRS Report Type,Crash Date/Time,Route Type,Road Name,Cross-Street Name,Collision Type,Circumstance_Category,Weather,Surface Condition,Light,Traffic Control,Driver Substance Abuse,Person ID,Drivers License State,Vehicle ID,Vehicle First Impact Location,Vehicle Body Type,Vehicle Movement,Vehicle Going Dir,Speed Limit,Driverless Vehicle,Parked Vehicle,Vehicle Year,Vehicle Make,Latitude,Longitude,Vehicle Model,hour,Crash_year,Crash_month,Crash_day,Crash_hour,Crash_day_name,Crash_date,Crash_week
258,MCP2195007K,250038482,Montgomery_County_Police,Injury Crash,2025-08-28 11:59:00,County_Route,FIELDCREST RD,WOODFIELD RD,Angle Collision,Traffic Control Violation,Clear,Dry,Daylight,Traffic Signal,None Detected,A498200E-9147-4FB3-87CD-5CFDA3F47D24,MD,049043D0-0BE2-44B0-BFF6-F97A7416600D,Eleven O Clock,SportUtilityVehicle,MovingConstantSpeed,Northbound,45.0,No,No,1997,JEEP,39.18528828,-77.1508714,Cherokee_Jeep,11,2025,8,28,11,Thursday,2025-08-28,35
259,MCP3422001W,250036669,Montgomery_County_Police,Injury Crash,2025-08-16 23:24:00,Maryland_State_Route,16TH ST,EAST WEST HWY (WB/L),Rear vs Side,Surface Condition,Clear,Dry,Dark - Lighted,Traffic Signal,None Detected,DD7C56DC-1163-4331-A29E-4510C04FCAB1,MD,999B3274-0D8C-4B7E-96B6-FF4D8281090A,Five O Clock,PassengerCar,MakingLeftTurn,North,30.0,No,No,2007,HONDA,38.99456362,-77.03625708,Ridgeline_Honda,23,2025,8,16,23,Saturday,2025-08-16,33
260,DD5653005C,250037754,Rockville_Police_Department,Property Damage Crash,2025-08-22 15:07:00,Municipality_Route,GERMANTOWN RD,OBSERVATION DR,Head-On,Right-of-Way Violation,Clear,Dry,Daylight,Traffic Signal,None Detected,0CD058F5-6D43-47C3-86C2-FD0C5E6C936E,VA,03B3C8FF-ED89-4EEF-AC82-8EE891CAB50E,Eleven O Clock,Van - Passenger (&lt;9 Seats),EnteringTrafficLane,Northbound,2.5,No,No,2017,HONDA,39.07482313,-77.1358382,Odyssey_Honda,15,2025,8,22,15,Friday,2025-08-22,34
261,MCP311100B1,250038295,Montgomery_County_Police,Injury Crash,2025-08-27 08:31:00,County_Route,TUCKERMAN LA,E FRANKLIN AVE,Rear-End (Same Direction),Lane Violation,Clear,Dry,Daylight,No Control,None Detected,02A17230-FFF4-4801-9F73-53D8458E1178,MD,E5AFAE8E-283E-4FD9-A620-5DF6FD97D18F,Eleven O Clock,PassengerCar,MakingLeftTurn,West,35.0,No,No,2010,TOYOTA,39.03374949,-77.12293716,Yaris_Toyota,8,2025,8,27,8,Wednesday,2025-08-27,35
262,MCP235300D8,250034945,Montgomery_County_Police,Property Damage Crash,2025-08-06 10:12:00,Maryland_State_Route,OLD GEORGETOWN RD,CRESTHAVEN DR,Sideswipe (Same Direction),Lane Violation,Cloudy,Dry,Daylight,Other Pavement Marking,None Detected,52AACF59-38C8-4779-B821-AFB54AA38F3E,MD,BCDF5771-1E99-41D2-A9B4-FCAD6980331A,Ten O Clock,SportUtilityVehicle,MovingConstantSpeed,Eastbound,25.0,No,No,2024,MERCEDES-BENZ,38.9879887,-77.09966767,C-Class_Mercedes-Benz,10,2025,8,6,10,Wednesday,2025-08-06,32
263,MCP1235006L,250038385,Montgomery_County_Police,Property Damage Crash,2025-08-27 16:48:00,County_Route,RODNEY RD,RANDOLPH RD,Single Vehicle,Speed Related,Clear,Dry,Daylight,No Control,None Detected,50FDFCFF-23F1-4116-9B7A-0F34C36468F0,DC,D3449D50-592A-4B6A-A109-57EA3F722B5E,Eleven O Clock,PassengerCar,SlowingOrStopping,Southbound,40.0,No,No,2012,DODGE,39.0285355,-76.98350867,Avenger_Dodge,16,2025,8,27,16,Wednesday,2025-08-27,35
264,MCP3080005S,250038784,Montgomery_County_Police,Property Damage Crash,2025-08-29 21:18:00,Maryland_State_Route,GREAT SENECA HWY,EXIT #16,Other,Right-of-Way Violation,Clear,Dry,Dark - Lighted,Traffic Signal,None Detected,3BC6802F-2CFD-4E2E-A6DD-6148A8E73D6A,MD,B58D84D4-9F14-4290-B4D8-47409973ED25,Four O Clock,PassengerCar,MakingLeftTurn,Southbound,40.0,No,No,2010,HONDA,39.16669131,-77.2707339,Insight_Honda,21,2025,8,29,21,Friday,2025-08-29,35
265,MCP34530011,250037735,Montgomery_County_Police,Property Damage Crash,2025-08-23 14:48:00,Maryland_State_Route,EXECUTIVE BLVD,CONNECTICUT AVE,Single Vehicle,Passing / Turning,Clear,Wet,Daylight,Traffic Signal,None Detected,32ECC353-AFE5-4D04-A4E0-D195A3ACE082,MD,692CBDFB-16D0-4A43-A947-49996786C4EA,VehicleNotAtScene,SportUtilityVehicle,NegotiatingCurve,Not On Roadway,2.5,No,No,2020,INFINITI,39.08271911,-76.94718759,QX60_Infiniti,14,2025,8,23,14,Saturday,2025-08-23,34
266,MCP2349001D,250038850,Montgomery_County_Police,Property Damage Crash,2025-08-30 13:00:00,Local_Route,CLARKSBURG OUTLETS EXIT,CABIN BRANCH AVE (NB/L),Angle Collision,Right-of-Way Violation,Clear,Dry,Daylight,Stop Sign,None Detected,99DBF669-C48C-47CF-AF2E-279C6DB3B24C,MD,B9D4FD23-E812-453B-A26E-034A9ED26FBE,Four O Clock,PassengerCar,Accelerating,Eastbound,25.0,No,No,2021,HYUNDAI,39.225158,-77.28863333,Sonata_Hyundai,13,2025,8,30,13,Saturday,2025-08-30,35
267,MCP29310089,250038001,Montgomery_County_Police,Injury Crash,2025-08-25 15:29:00,Maryland_State_Route,FREDERICK RD (SB/L),OLD VIC BLVD,Rear vs Side,Right-of-Way Violation,Clear,Dry,Daylight,Traffic Signal,None Detected,13CA8D42-3CA2-4978-A446-F747D61280C9,MD,72833CC5-4A1C-48E6-ABDC-A6F83CFE5ACA,Eleven O Clock,SportUtilityVehicle,MakingLeftTurn,Eastbound,40.0,No,No,2016,JEEP,39.10943827,-77.16022467,Wrangler_Jeep,15,2025,8,25,15,Monday,2025-08-25,35
268,MCP2816004Q,250038086,Montgomery_County_Police,Injury Crash,2025-08-26 06:29:00,Maryland_State_Route,DARNESTOWN RD,IN CORP LMTS TAKOMA PARK,Angle Collision,Right-of-Way Violation,Clear,Dry,Daylight,No Control,None Detected,7F61790D-7366-475D-8493-8FD90046890C,MD,B732290E-36AB-4A4C-A68A-4F3BBE3AE38F,Twelve O Clock,PassengerCar,MakingLeftTurn,Westbound,30.0,No,No,2010,TOYOTA,39.10310241,-77.29109072,Corolla_Toyota,6,2025,8,26,6,Tuesday,2025-08-26,35
269,MCP15500067,250037500,Montgomery_County_Police,Property Damage Crash,2025-08-22 09:44:00,County_Route,POOKS HILL RD,ROCKVILLE PIKE,Angle Collision,Road Obstruction,Clear,Dry,Daylight,Traffic Signal,None Detected,2ABA41D3-541F-422E-AA6A-82BBEC132EBC,MD,5BB80B5C-7543-4BF0-952E-9FC87BFF2574,Twelve O Clock,PassengerCar,MovingConstantSpeed,North,35.0,No,No,2015,ACURA,39.01498733,-77.099797,TLX_Acura,9,2025,8,22,9,Friday,2025-08-22,34
270,MCP3408001R,250038628,Montgomery_County_Police,Property Damage Crash,2025-08-29 09:38:00,US_State_Route,NEW HAMPSHIRE AVE,CHRISTOPHER AVE,Angle Collision,Passing / Turning,Clear,Dry,Daylight,Traffic Signal,None Detected,DC5F661C-9CAC-4A94-BF41-21411A4F2288,VA,312BC98D-D9FB-464C-AB9E-1B53D3ADA7C9,Two O Clock,PassengerCar,MakingRightTurn,Southbound,30.0,No,No,2015,AUDI,38.99863483,-77.0262895,A4_Audi,9,2025,8,29,9,Friday,2025-08-29,35
272,MCP3397001B,250037373,Montgomery_County_Police,Property Damage Crash,2025-08-21 14:28:00,County_Route,BOURNEFIELD WAY,WARFIELD RD,Angle Collision,Right-of-Way Violation,Cloudy,Dry,Daylight,No Control,None Detected,4EFB3A8A-1EC1-45DF-AD77-121E04476D29,MD,E1958629-3427-4157-80FC-48E6C755DD72,Three O Clock,PassengerCar,MovingConstantSpeed,Southbound,25.0,No,No,2011,TOYOTA,39.05326523,-76.96172336,Camry_Toyota,14,2025,8,21,14,Thursday,2025-08-21,34
273,MCP33280050,250037549,Montgomery_County_Police,Property Damage Crash,2025-08-22 13:59:00,Private_Route,ODENDHAL AVE,WHETSTONE DR,Angle Collision,Right-of-Way Violation,Clear,Dry,Daylight,No Control,Suspect Alcohol Only,CA6442B9-CA03-43C8-AEF3-8B6CB8B15B50,MD,1F88F600-94FB-4BC4-AB6E-7024A512C2EF,One O Clock,PassengerCar,MakingLeftTurn,Northbound,25.0,No,No,2005,TOYOTA,39.06152343,-77.04451691,Corolla_Toyota,13,2025,8,22,13,Friday,2025-08-22,34
274,MCP29320098,250037670,Montgomery_County_Police,Property Damage Crash,2025-08-23 05:22:00,County_Route,EASTWOOD AVE,ROCKLEDGE DR,Sideswipe (Opposite Direction),Lane Violation,Clear,Dry,Dark - Lighted,No Control,None Detected,A0FF11F4-EE9D-42FE-A4DE-C21438A15A4B,MD,372647F4-769E-4556-963C-FFEEC4BF77EA,Eleven O Clock,SportUtilityVehicle,MovingConstantSpeed,Northbound,25.0,No,No,2007,TOYOTA,39.02699598,-77.01272054,RAV4_Toyota,5,2025,8,23,5,Saturday,2025-08-23,34
275,MCP3429000Y,250037559,Montgomery_County_Police,Property Damage Crash,2025-08-22 15:30:00,County_Route,NEOLA RD,HILLMEAD RD,Head-On,Driver Inattention,Clear,Dry,Daylight,No Control,None Detected,F9D51670-2AD7-4019-85D9-0B45B619F6FD,MD,82F15618-AC0E-4322-B2D7-52987DF2F94A,Eleven O Clock,PassengerCar,MovingConstantSpeed,Northbound,25.0,No,No,2016,HONDA,39.0681481,-77.078074,Fit_Honda,15,2025,8,22,15,Friday,2025-08-22,34
276,MCP2603006X,250038659,Montgomery_County_Police,Property Damage Crash,2025-08-29 12:12:00,Maryland_State_Route,WOODFIELD RD (SB/L),CLARIDGE RD,Angle Collision,Driver Inattention,Clear,Dry,Daylight,No Control,None Detected,6332960F-BA33-4D9D-94EC-3F81B837F65E,MD,0B99B989-BA2C-42BB-A449-43B1FEE2F94D,One O Clock,PassengerCar,MovingConstantSpeed,Northbound,45.0,No,No,2024,TOYOTA,39.1601655,-77.15942183,Camry_Toyota,12,2025,8,29,12,Friday,2025-08-29,35
277,MCP9428005L,250038101,Montgomery_County_Police,Property Damage Crash,2025-08-26 09:18:00,Maryland_State_Route,VEIRS MILL RD,SEVEN LOCKS RD,Sideswipe (Same Direction),Passing / Turning,Clear,Dry,Daylight,Traffic Signal,None Detected,AE088893-774D-4BE9-B08A-F6B203245E34,MD,BD82D768-C055-412F-BD17-30B7478BD2E9,One O Clock,PassengerCar,MakingUTurn,Westbound,2.5,No,No,2023,HYUNDAI,39.26607833,-77.20660833,Tucson_Hyundai,9,2025,8,26,9,Tuesday,2025-08-26,35
278,MCP284600BP,250037015,Montgomery_County_Police,Property Damage Crash,2025-08-19 11:02:00,County_Route,PINEY BRANCH RD,BEAVERWOOD LA,Single Vehicle,Weather Related,Rain,Wet,Daylight,No Control,None Detected,97764BCC-80FE-4C33-B4A5-C7416AD8A5AB,MD,525D687E-D702-4984-A243-1A20286386FE,Ten O Clock,PassengerCar,MakingLeftTurn,Unknown,10.0,No,No,2019,FORD,39.0906693,-77.05914727,F-150_Ford,11,2025,8,19,11,Tuesday,2025-08-19,34
279,MCP32950056,250037855,Montgomery_County_Police,Injury Crash,2025-08-24 15:19:00,County_Route,ROCKVILLE PIKE,STONEBRIDGE VIEW DR,Other,Backing Error,Clear,Dry,Daylight,Traffic Signal,None Detected,AC96B724-BD70-4857-9D7A-2019B2EB016D,MD,27A9AD17-836A-419A-8146-8D1478D2EB57,Five O Clock,PassengerCar,Backing,Eastbound,2.5,No,No,2017,HYUNDAI,39.05420988,-76.95509164,Tucson_Hyundai,15,2025,8,24,15,Sunday,2025-08-24,34
280,MCP31130078,250038539,Montgomery_County_Police,Property Damage Crash,2025-08-28 17:30:00,County_Route,FREDERICK RD,NEW HAMPSHIRE AVE,Sideswipe (Same Direction),Weather Related,Clear,Dry,Daylight,No Control,None Detected,99E47362-04AF-41A4-93D3-BF6944E682BB,MD,36078742-CA2E-40C0-B6EC-49EBBCD87E37,Eleven O Clock,PassengerCar,Parked,South,2.5,No,Yes,2019,CHEVROLET,39.08273443,-76.94604845,Trax_Chevrolet,17,2025,8,28,17,Thursday,2025-08-28,35
281,MCP3339005H,250038181,Montgomery_County_Police,Property Damage Crash,2025-08-26 13:53:00,Spur_Route,UNIVERSITY BLVD W,RANDOLPH RD (WB/L),Sideswipe (Same Direction),Lane Violation,Clear,Dry,Daylight,Traffic Signal,None Detected,0FB95336-23E6-4E91-9325-FF18976BF06D,MD,72AFE6FB-2601-4BDE-B623-574B59AFC5FC,One O Clock,SchoolBus,SlowingOrStopping,Westbound,35.0,No,No,2017,DODGE,39.05953671,-77.06161886,Charger_Dodge,13,2025,8,26,13,Tuesday,2025-08-26,35
282,MCP29390081,250037721,Montgomery_County_Police,Injury Crash,2025-08-23 12:52:00,Ramp_Route,RAMP 7 FR MD 109 WB TO RAMP 6 (TO IS270),OLD HUNDRED RD,Head-On,Right-of-Way Violation,Clear,Dry,Daylight,No Control,None Detected,D4E25DB0-072B-4148-B2C6-0BAE46B00B5F,MD,516D4A95-1DDD-4264-A8CE-06E8A7785C9E,Eleven O Clock,PassengerCar,MovingConstantSpeed,Westbound,45.0,No,No,2019,BUICK,39.27744266,-77.32486892,Encore_Buick,12,2025,8,23,12,Saturday,2025-08-23,34
283,MCP287500BC,250038414,Montgomery_County_Police,Property Damage Crash,2025-08-27 21:00:00,Maryland_State_Route,RIVER RD,ANNAPOLIS ROCK RD,Rear-End (Same Direction),Speed Related,Clear,Dry,Dark - Lighted,No Control,None Detected,3BCEE653-D849-4AF5-A663-F34133C2BEB4,MD,BDE7D06C-4508-49BF-AD82-9A2C8D35246D,Eleven O Clock,PassengerCar,MovingConstantSpeed,Eastbound,50.0,No,No,2011,HONDA,39.26920642,-77.15229591,Accord_Honda,21,2025,8,27,21,Wednesday,2025-08-27,35
284,MCP34010029,250036661,Montgomery_County_Police,Property Damage Crash,2025-08-16 22:20:00,County_Route,11TH AVE,OXBRIDGE DR,Rear-End (Same Direction),Lane Violation,Clear,Dry,Dark - Not Lighted,No Control,Suspect Alcohol Only,0DD67F2F-B2EF-4A58-89D6-2754E8049EAE,MD,497D16FB-907E-4D18-B0BB-FF9CF6295A74,Twelve O Clock,PassengerCar,MovingConstantSpeed,Eastbound,25.0,No,No,2003,NISSAN,38.997554,-76.98941517,Altima_Nissan,22,2025,8,16,22,Saturday,2025-08-16,33
285,MCP3230007J,250038509,Montgomery_County_Police,Injury Crash,2025-08-28 15:10:00,County_Route,CARROLTON RD (NB/L),NORBECK RD (WB/L),Angle Collision,Right-of-Way Violation,Clear,Dry,Daylight,Stop Sign,None Detected,0E20C3DB-C309-4A37-AC35-379A4A4E22E7,MD,E62284A1-9CD2-434D-9BF9-D3533BDF4F31,One O Clock,SportUtilityVehicle,MovingConstantSpeed,South,25.0,No,No,2015,JEEP,39.10395569,-77.08822125,Grand Cherokee_Jeep,15,2025,8,28,15,Thursday,2025-08-28,35
286,MCP32990052,250038976,Montgomery_County_Police,Injury Crash,2025-08-31 12:16:00,Maryland_State_Route,GEORGIA AVE (SB/L),UNIVERSITY BLVD E,Rear-End (Same Direction),Congestion / Backup,Clear,Dry,Daylight,No Control,None Detected,04888822-13E7-4D71-99CA-FB2B5B5BB83A,MD,EAF990F4-C2C6-4AC6-87AC-8CC728B9D617,Six O Clock,PassengerCar,StoppedInTrafficLane,Southbound,45.0,No,No,2017,TOYOTA,39.1266835,-77.07236567,Camry_Toyota,12,2025,8,31,12,Sunday,2025-08-31,35
287,DD5652005P,250037984,Rockville_Police_Department,Injury Crash,2025-08-25 14:24:00,Maryland_State_Route,WOODFIELD RD,S WASHINGTON ST,Single Vehicle,Right-of-Way Violation,Clear,Dry,Daylight,Traffic Signal,None Detected,AAB21951-E52F-459D-8595-E0E68B5BEFEC,MD,F99D81FA-902C-4BFE-A23D-58415FFABFF7,Twelve O Clock,PassengerCar,MovingConstantSpeed,Northbound,25.0,No,No,2017,HONDA,39.08322937,-77.15293368,Accord_Honda,14,2025,8,25,14,Monday,2025-08-25,35
288,MCP3408001P,250037484,Montgomery_County_Police,Injury Crash,2025-08-22 06:30:00,Maryland_State_Route,KEY WEST AVE,CRABAPPLE LA,Angle Collision,Right-of-Way Violation,Clear,Dry,Daylight,Traffic Signal,None Detected,7E636BDB-CA34-45C3-A87C-071A400ADCC6,MD,4F431E7F-6D60-46EA-969F-01E1E96CBF14,Three O Clock,PassengerCar,MovingConstantSpeed,Eastbound,30.0,No,No,2017,TOYOTA,38.99286283,-77.03149683,Camry_Toyota,6,2025,8,22,6,Friday,2025-08-22,34
289,MCP3451000P,250035845,Montgomery_County_Police,Property Damage Crash,2025-08-12 00:03:00,US_State_Route,GEORGIA AVE (SB/L),WAYNE AVE,Rear vs Side,Driver Inattention,Clear,Dry,Dark - Lighted,Traffic Signal,Suspect Alcohol Only,9D7CB202-96AA-4DD5-821A-6613A75ED235,MD,66AC1E0B-CDF9-4285-85BC-7932E87AE442,Six O Clock,SportUtilityVehicle,MakingLeftTurn,Northbound,30.0,No,No,2025,CHEVROLET,38.99447163,-77.02689736,Trax_Chevrolet,0,2025,8,12,0,Tuesday,2025-08-12,33
290,DD5653005C,250037754,Rockville_Police_Department,Property Damage Crash,2025-08-22 15:07:00,Maryland_State_Route,EISENHOWER MEMORIAL HWY (SB/L),LAYHILL RD,Head-On,Driver Inattention,Clear,Wet,Daylight,Traffic Signal,None Detected,7DE1219D-233B-420F-A884-ADE87257475F,MD,65E04988-3CE9-4257-9394-7ED07149DA5B,Eleven O Clock,PassengerCar,Accelerating,Southbound,2.5,No,No,2008,TOYOTA,39.07482313,-77.1358382,Camry_Toyota,15,2025,8,22,15,Friday,2025-08-22,34
291,MCP3397001C,250038364,Montgomery_County_Police,Injury Crash,2025-08-26 12:00:00,Bicycle_Route,FRANKLIN AVE,LONGDRAFT RD,Rear-End (Same Direction),Right-of-Way Violation,Clear,Dry,Daylight,Yield Sign,None Detected,D48AB7C7-5494-46BB-8158-F69631E88470,MD,37F80458-D839-409B-97CA-C845DBB64E2C,Six O Clock,PassengerCar,MakingRightTurn,North,30.0,No,No,2024,SUBARU,39.14232469,-77.22079573,Forester_Subaru,12,2025,8,26,12,Tuesday,2025-08-26,35
292,MCP3452001C,250038685,Montgomery_County_Police,Property Damage Crash,2025-08-29 14:00:00,Maryland_State_Route,GEORGIA AVE,GLENALLAN AVE,Single Vehicle,Driver Inattention,Clear,Dry,Daylight,No Control,None Detected,EFD51412-F385-432C-8C94-50926A8D178E,MD,D0CBD30F-F242-4C2B-AEFA-188E43606182,One O Clock,SportUtilityVehicle,MovingConstantSpeed,Northbound,35.0,No,No,2020,HONDA,39.055242,-77.05001217,CR-V_Honda,14,2025,8,29,14,Friday,2025-08-29,35
293,MCP3450001B,250037613,Montgomery_County_Police,Property Damage Crash,2025-08-22 20:05:00,Spur_Route,SHAKESPEARE BLVD,BURNT MILLS AVE,Head-On,Lane Violation,Clear,Dry,Daylight,No Control,Suspect Alcohol Only,363A7857-A10C-4001-A58B-2E58E5FF5C1A,NY,6CEB4DB9-0973-458C-BFDE-505CCFC589EE,Twelve O Clock,SportUtilityVehicle,MovingConstantSpeed,Eastbound,30.0,No,No,2024,KIA,39.03459399,-76.99331736,Niro_Kia,20,2025,8,22,20,Friday,2025-08-22,34
294,EJ7916000P,250038709,Gaithersburg_Police_Department,Injury Crash,2025-08-29 15:15:00,County_Route,MUDDY BRANCH RD (SB/L),BRADLEY AVE,Angle Collision,Right-of-Way Violation,Clear,Dry,Daylight,No Control,None Detected,7E800526-C3CF-4CB5-902A-60DD4C923C3D,DE,492020EE-C75E-4A39-97A3-815A332096CD,Nine O Clock,PassengerCar,MakingLeftTurn,Not On Roadway,40.0,No,No,2007,GMC,39.10447894,-77.2200344,Envoy_GMC,15,2025,8,29,15,Friday,2025-08-29,35
295,MCP3384001M,250038061,Montgomery_County_Police,Property Damage Crash,2025-08-25 21:00:00,Bicycle_Route,FALLS RD,WOOD HILL RD,Sideswipe (Same Direction),Lane Violation,Clear,Dry,Dark - Lighted,No Control,None Detected,21087A23-B6FA-4F14-97C6-33020F842A6D,DC,C7C1E684-40F6-480A-B74A-5ED1CCDCCD8D,Five O Clock,TransitBus,MovingConstantSpeed,Unknown,25.0,No,No,2008,HONDA,38.9932055,-77.030193,Civic_Honda,21,2025,8,25,21,Monday,2025-08-25,35
296,MCP3408001P,250037484,Montgomery_County_Police,Injury Crash,2025-08-22 06:30:00,Maryland_State_Route,RIVER RD,BEALL AVE #2,Angle Collision,Tailgating,Clear,Dry,Daylight,Traffic Signal,Suspect Alcohol Only,9F90948B-B11E-4AFD-9980-31666809D896,MD,D4DF7892-38CE-4393-A98E-6B318CC02324,Ten O Clock,PassengerCar,MovingConstantSpeed,Eastbound,30.0,No,No,2022,CHEVROLET,38.99286283,-77.03149683,Suburban_Chevrolet,6,2025,8,22,6,Friday,2025-08-22,34
297,MCP3313002S,250038797,Montgomery_County_Police,Injury Crash,2025-08-29 23:33:00,Maryland_State_Route,CONNECTICUT AVE (SB/L),BAUER DR,Rear-End (Same Direction),Right-of-Way Violation,Clear,Dry,Dark - Lighted,Traffic Signal,None Detected,85AF5202-2BBF-4C6F-90E0-2E825F969C53,MD,67D82418-7040-450B-B7F8-CB49DC383FD2,Five O Clock,PassengerCar,MakingRightTurn,Northbound,35.0,No,No,2007,TOYOTA,39.07805259,-77.08098325,Prius_Toyota,23,2025,8,29,23,Friday,2025-08-29,35
298,MCP33620064,250037730,Montgomery_County_Police,Injury Crash,2025-08-23 14:18:00,County_Route,BROADBIRCH DR,TIMKO LA,Angle Collision,Right-of-Way Violation,Clear,Dry,Daylight,Stop Sign,None Detected,07CD405A-10DF-4446-B8CF-9F51778CCAC5,MD,005FACE6-B17F-4645-8DD1-043B5261EC0C,One O Clock,PassengerCar,MakingLeftTurn,Northbound,15.0,No,No,2022,HONDA,39.05564809,-76.95593116,Civic_Honda,14,2025,8,23,14,Saturday,2025-08-23,34
299,MCP3424001F,250036028,Montgomery_County_Police,Injury Crash,2025-08-12 23:00:00,County_Route,SHADY GROVE RD,TWINBROOK PKWY,Single Vehicle,Driver Inattention,Clear,Dry,Dark - Lighted,Traffic Signal,None Detected,61DE2A56-CA13-4262-9D4D-166721A7D48A,MD,97EA5B34-FB8A-4B05-B63D-EA66C34132D2,Twelve O Clock,PassengerCar,MovingConstantSpeed,Northbound,40.0,No,No,2023,TOYOTA,39.12420421,-77.17587499,Camry_Toyota,23,2025,8,12,23,Tuesday,2025-08-12,33
300,DD5567009J,250037220,Rockville_Police_Department,Injury Crash,2025-08-20 14:26:00,Municipality_Route,ATLANTIC AVE (NB/L),VEIRS MILL RD,Single Vehicle,Road Obstruction,Clear,Dry,Daylight,Traffic Signal,None Detected,8A26A051-E6D5-4FB5-AB47-01516778EC53,MD,A6F59C52-B5E5-409F-AFC6-08D96E049CCF,One O Clock,PassengerCar,MovingConstantSpeed,North,30.0,No,No,2002,HONDA,39.07500327,-77.11547905,Civic_Honda,14,2025,8,20,14,Wednesday,2025-08-20,34
301,MCP3140002Z,250038813,Montgomery_County_Police,Property Damage Crash,2025-08-30 05:30:00,County_Route,NICHOLSON LA,PLUM ORCHARD DR,Single Vehicle,Lane Violation,Clear,Dry,Dark - Lighted,No Control,None Detected,2BD51E00-0784-4127-B89A-59F0614BAA35,MD,B53392AE-B368-4C51-AC9C-3515510A16A8,Eleven O Clock,PassengerCar,NegotiatingCurve,Northbound,30.0,No,No,2007,TOYOTA,39.04854853,-77.1019326,Camry_Toyota,5,2025,8,30,5,Saturday,2025-08-30,35
302,MCP2844008H,250038177,Montgomery_County_Police,Property Damage Crash,2025-08-27 15:06:00,Maryland_State_Route,VEIRS MILL RD,ADDENBROOK WAY,Rear vs Side,Backing Error,Clear,Dry,Daylight,No Control,None Detected,4F360A4C-397D-44E0-88E2-31A94A86FBDB,MD,E5AA8FFD-51DC-4E6A-BE20-3DA7A6B17DB4,VehicleNotAtScene,PassengerCar,Backing,Not On Roadway,2.5,No,No,2019,DODGE,39.03982973,-77.05150157,Challenger_Dodge,15,2025,8,27,15,Wednesday,2025-08-27,35
303,MCP3107003J,250038185,Montgomery_County_Police,Property Damage Crash,2025-08-26 12:46:00,Maryland_State_Route,FREDERICK RD (SB/L),OAKLAWN DR,Rear-End (Same Direction),Congestion / Backup,Clear,Dry,Daylight,Traffic Signal,None Detected,0FB99F51-2737-4DF7-AECF-4ED947CA09CE,MD,56AF919F-C334-433D-9C64-A4AEF3AED7B5,Six O Clock,PassengerCar,SlowingOrStopping,Southbound,40.0,No,No,2016,TOYOTA,39.1067249,-77.15864788,Prius v_Toyota,12,2025,8,26,12,Tuesday,2025-08-26,35
304,MCP3061002W,250038255,Montgomery_County_Police,Property Damage Crash,2025-08-26 21:45:00,County_Route,CRYSTAL ROCK DR (SB/L),FATHER HURLEY BLVD,Angle Collision,Traffic Control Violation,Clear,Dry,Dark - Lighted,Traffic Signal,None Detected,75458753-AF0F-4FAF-A8F7-AD0FB4DABF9C,MD,123F522F-CC80-4C65-8198-9C4A829F5EF2,Ten O Clock,SportUtilityVehicle,MovingConstantSpeed,Southbound,45.0,No,No,2000,CADILLAC,39.19362371,-77.27025662,Escalade_Cadillac,21,2025,8,26,21,Tuesday,2025-08-26,35
305,MCP2016008Z,250038345,Montgomery_County_Police,Property Damage Crash,2025-08-27 12:55:00,Municipality_Route,CHAPMAN AVE,WILSON LA,Sideswipe (Same Direction),Lane Violation,Clear,Dry,Daylight,Traffic Signal,None Detected,3048B250-8495-44CA-A832-565B0EFD49A8,MD,FCB0B458-1F5B-4404-97F9-44D329AE2DC2,Ten O Clock,PassengerCar,MovingConstantSpeed,Westbound,35.0,No,No,2011,BMW,39.05866059,-77.11885829,5 Series_BMW,12,2025,8,27,12,Wednesday,2025-08-27,35
306,MCP31630094,250038889,Montgomery_County_Police,Property Damage Crash,2025-08-30 17:45:00,Maryland_State_Route,ROCKVILLE PIKE (SB/L),EDSON LA,Sideswipe (Same Direction),Congestion / Backup,Clear,Dry,Daylight,Traffic Signal,Suspect Alcohol Only,6CCF607F-8BD1-4B9E-BC2D-60FCD26C994B,MD,B3F3D8A9-284A-4945-AC06-7FCEB6ABB73D,One O Clock,PassengerCar,MovingConstantSpeed,South,35.0,No,No,2013,ACURA,39.04035358,-77.10961244,TSX_Acura,17,2025,8,30,17,Saturday,2025-08-30,35
307,MCP94190063,250038452,Montgomery_County_Police,Injury Crash,2025-08-28 08:53:00,Maryland_State_Route,FREDERICK RD (SB/L),RAMP 8 FR RAMP 5 (FR IS495) TO MD 190 WB,Rear-End (Same Direction),Tailgating,Clear,Dry,Daylight,Traffic Signal,None Detected,342E6A18-235D-4F46-8C0D-9219D2C78EAC,DC,0852573F-C38C-4D65-974A-8EF4030FB278,Twelve O Clock,Van - Passenger (&lt;9 Seats),MovingConstantSpeed,Southbound,40.0,No,No,2010,CHEVROLET,39.12328752,-77.17886132,Express_Chevrolet,8,2025,8,28,8,Thursday,2025-08-28,35