Unnamed: 0,Report Number,Local Case Number,Agency Name,ACRS Report Type,Crash Date/Time,Route Type,Road Name,Cross-Street Name,Collision Type,Circumstance_Category,Weather,Surface Condition,Light,Traffic Control,Driver Substance Abuse,Person ID,Drivers License State,Vehicle ID,Vehicle First Impact Location,Vehicle Body Type,Vehicle Movement,Vehicle Going Dir,Speed Limit,Driverless Vehicle,Parked Vehicle,Vehicle Year,Vehicle Make,Latitude,Longitude,Vehicle Model,hour,Crash_year,Crash_month,Crash_day,Crash_hour,Crash_day_name,Crash_date,Crash_week
308,MCP3446000P,250037966,Montgomery_County_Police,Property Damage Crash,2025-08-25 13:00:00,County_Route,SHERATON ST,GEORGIA AVE (SB/L) GLENMONT SHOPPING CTR CUT THRU CUT,Sideswipe (Same Direction),Lane Violation,Clear,Dry,Daylight,No Control,None Detected,855C4720-84AA-46BB-AF5F-31F71CD9FECF,MD,F6EA1BF0-6A1D-4365-977E-354825365426,Seven O Clock,OtherTruck,StoppedInTrafficLane,Southbound,35.0,No,No,2017,FORD,39.05945517,-77.05050565,F-550_Ford,13,2025,8,25,13,Monday,2025-08-25,35
309,MCP22390035,250038298,Montgomery_County_Police,Injury Crash,2025-08-27 08:55:00,Bicycle_Route,RANDOLPH RD,MARGOT DR,Rear-End (Same Direction),Tailgating,Clear,Dry,Daylight,No Control,None Detected,423D35AF-9047-4731-85AE-B1B8EEF769ED,MD,6C9A1A6A-7072-4D25-9AAA-C13896A8DC72,Twelve O Clock,SportUtilityVehicle,Accelerating,Eastbound,20.0,No,No,2018,FORD,39.07635128,-77.22187937,Escape_Ford,8,2025,8,27,8,Wednesday,2025-08-27,35
310,DD5674001M,250035174,Rockville_Police_Department,Property Damage Crash,2025-08-07 15:17:00,Municipality_Route,N WASHINGTON ST,KENTLANDS BLVD,Sideswipe (Same Direction),Lane Violation,Clear,Dry,Daylight,Traffic Signal,None Detected,8AFB8B27-5C7F-4ADF-94D8-395D860642B1,MD,BA8E09DD-C974-44B5-8F41-BC4C7516454B,Three O Clock,PassengerCar,Accelerating,Northbound,20.0,No,No,2025,VOLVO,39.09151989,-77.15355859,XC90_Volvo,15,2025,8,7,15,Thursday,2025-08-07,32
311,MCP312900DB,250037279,Montgomery_County_Police,Injury Crash,2025-08-20 20:00:00,Maryland_State_Route,UNIVERSITY BLVD W,CRABBS BRANCH WAY,Rear-End (Same Direction),Tailgating,Clear,Dry,Dark - Lighted,No Control,None Detected,67228DAD-16C7-49EA-9179-B466FBDEAD3B,MD,93EEE8C1-77A1-4604-9B5C-3A8F45B99B1A,Twelve O Clock,PassengerCar,Accelerating,Eastbound,35.0,No,No,2008,HONDA,39.03546349,-77.02586829,Civic_Honda,20,2025,8,20,20,Wednesday,2025-08-20,34
312,EJ79130015,250037955,Gaithersburg_Police_Department,Injury Crash,2025-08-25 11:24:00,Municipality_Route,SCHOOL DR,STORY DR,Single Vehicle,Right-of-Way Violation,Clear,Dry,Daylight,Stop Sign,None Detected,08AFAF98-6C6F-4FDC-A26B-1A002FBCE144,MD,C4BD2EBC-0D08-4CFE-A919-4A32B81514EE,NonCollision,Motorcycle2Wheeled,MakingRightTurn,Eastbound,25.0,No,No,2024,TOYOTA,39.1191936,-77.21280522,Camry_Toyota,11,2025,8,25,11,Monday,2025-08-25,35
313,MCP29670075,250038241,Montgomery_County_Police,Injury Crash,2025-08-26 19:49:00,Maryland_State_Route,FALLS RD,WALHONDING RD,Rear-End (Same Direction),Right-of-Way Violation,Clear,Dry,Dark - Lighted,No Control,None Detected,336B356B-3812-4617-8693-9D3548B51CD6,VA,487E97CD-12C5-4A57-AB91-D04E4D9857E4,Six O Clock,SportUtilityVehicle,MakingRightTurn,Southbound,35.0,No,No,2017,MAZDA,39.01874067,-77.20869867,CX-9_Mazda,19,2025,8,26,19,Tuesday,2025-08-26,35
314,MCP2313001Z,250037807,Montgomery_County_Police,Property Damage Crash,2025-08-24 01:39:00,County_Route,EISENHOWER MEMORIAL HWY,WASHINGTON ST,Single Vehicle,Speed Related,Clear,Dry,Dark - Lighted,Flashing Traffic Signal,None Detected,52DF7048-4E0C-4A23-9ABE-1B84CF0C8A8B,MD,650AC220-61D5-4565-AD1F-CD7A68955A10,Eleven O Clock,PassengerCar,MovingConstantSpeed,Eastbound,30.0,No,No,2023,TOYOTA,39.08254188,-77.21697614,Camry_Toyota,1,2025,8,24,1,Sunday,2025-08-24,34
315,MCP3422001W,250036669,Montgomery_County_Police,Injury Crash,2025-08-16 23:24:00,Maryland_State_Route,16TH ST,EAST WEST HWY (WB/L),Rear vs Side,Traffic Control Violation,Clear,Dry,Dark - Lighted,Traffic Signal,Alcohol Present,DB07FC36-A174-4ECE-9E3F-B4DB826BAE54,MD,F766A04C-C3ED-447D-B8D1-6FF6BB4BF468,VehicleNotAtScene,TransitBus,MovingConstantSpeed,Southbound,30.0,No,No,2012,KIA,38.99456362,-77.03625708,Optima_Kia,23,2025,8,16,23,Saturday,2025-08-16,33
316,MCP32630055,250038581,Montgomery_County_Police,Property Damage Crash,2025-08-28 20:19:00,US_State_Route,GEORGIA AVE (SB/L),WAYNE AVE,Angle Collision,Surface Condition,Clear,Dry,Dark - Lighted,Traffic Signal,None Detected,32B45B24-F1AA-45DB-A12B-53D30EE434D0,MD,1E3F5973-F3F6-4963-AA86-70A3DC625F18,Nine O Clock,PassengerCar,SlowingOrStopping,South,25.0,No,No,2008,HONDA,38.9944614,-77.02707523,Accord_Honda,20,2025,8,28,20,Thursday,2025-08-28,35
317,MCP31130078,250038539,Montgomery_County_Police,Property Damage Crash,2025-08-28 17:30:00,Maryland_State_Route,OWENS RD,SANDY RIDGE RD,Sideswipe (Same Direction),Passing / Turning,Clear,Dry,Daylight,Traffic Signal,None Detected,95427ECA-4D6E-4C3E-808D-6A7EFC14B30A,MD,E6EA8A57-5191-4375-B033-765EB1D437B3,Four O Clock,PassengerCar,MovingConstantSpeed,Not On Roadway,2.5,No,No,2016,HONDA,39.08273443,-76.94604845,Accord_Honda,17,2025,8,28,17,Thursday,2025-08-28,35
318,DD5567009P,250038448,Rockville_Police_Department,Injury Crash,2025-08-28 08:38:00,Municipality_Route,W MONTGOMERY AVE,N ADAMS ST S ADAMS ST,Single Vehicle,Road Obstruction,Clear,Dry,Daylight,Stop Sign,None Detected,B37BBE38-2149-4CD4-9CBA-E3B68DA74138,MD,A4E4BCBB-34DC-4C81-8B0D-1410188155A0,Three O Clock,PassengerCar,MovingConstantSpeed,North,25.0,No,No,2015,HONDA,39.08414069,-77.15481496,Civic_Honda,8,2025,8,28,8,Thursday,2025-08-28,35
319,MCP3426002G,250037858,Montgomery_County_Police,Property Damage Crash,2025-08-24 15:30:00,Maryland_State_Route,FREDERICK RD,PARKLAND DR,Back-to-Back,Backing Error,Clear,Wet,Daylight,Traffic Signal,None Detected,EAC98F7B-282F-499F-AA37-C9B1AECD6454,MD,9F1DE70F-AB9F-4EBF-978E-B9C474461347,VehicleNotAtScene,PassengerCar,Backing,Unknown,2.5,No,No,2007,NISSAN,39.02280428,-77.14596849,Altima_Nissan,15,2025,8,24,15,Sunday,2025-08-24,34
320,MCP29320092,250036681,Montgomery_County_Police,Property Damage Crash,2025-08-17 02:27:00,County_Route,AVENEL RD,FREDERICK RD,Other,Lane Violation,Clear,Dry,Dark - Lighted,No Control,Suspect Alcohol Only,981AFBC7-20FF-4053-A778-980D68C453F4,MD,5307EE2C-6B32-4CA0-9328-73730E745138,Eleven O Clock,PassengerCar,MovingConstantSpeed,Northbound,25.0,No,No,2008,NISSAN,39.01089617,-76.97998217,Altima_Nissan,2,2025,8,17,2,Sunday,2025-08-17,33
321,EJ7916000M,250038531,Gaithersburg_Police_Department,Property Damage Crash,2025-08-28 16:50:00,County_Route,LOST KNIFE RD,GATEWAY CENTER DR,Sideswipe (Same Direction),Lane Violation,Clear,Dry,Daylight,No Control,None Detected,53828AFC-EA3C-4DBC-AA7D-EE0CFD47854D,MD,52C7D808-CE40-4436-B2BD-6C7313C48B77,Five O Clock,PassengerCar,MovingConstantSpeed,Eastbound,30.0,No,No,2014,TOYOTA,39.15557596,-77.20205337,Corolla_Toyota,16,2025,8,28,16,Thursday,2025-08-28,35
322,MCP913000L5,250036407,Montgomery_County_Police,Property Damage Crash,2025-08-15 07:22:00,Maryland_State_Route,UNIVERSITY BLVD E (WB/L),LOCKWOOD DR,Rear-End (Same Direction),Tailgating,Clear,Dry,Daylight,No Control,None Detected,F6120953-954A-4FB0-A9AB-28BF38B2E951,MD,B467D39A-C4F9-4AF2-8C39-BB094F6047A6,Six O Clock,TransitBus,StoppedInTrafficLane,Westbound,35.0,No,No,2009,FORD,38.99744903,-76.99371274,F-150_Ford,7,2025,8,15,7,Friday,2025-08-15,33
323,DD5674001T,250038122,Rockville_Police_Department,Property Damage Crash,2025-08-26 11:17:00,County_Route,GEORGIA AVE,FAIRMONT AVE,Rear-End (Same Direction),Road Obstruction,Clear,Dry,Daylight,Traffic Signal,None Detected,47EF9E2F-A486-4788-8F71-D4CA26EBC8F7,MD,140BE28C-0D42-4F8A-9B2D-1044478DCFFD,Six O Clock,PickupTruck,Parked,South,2.5,No,Yes,2022,FORD,39.08997664,-77.15939076,F-350_Ford,11,2025,8,26,11,Tuesday,2025-08-26,35
324,MCP3257008Z,250037794,Montgomery_County_Police,Injury Crash,2025-08-23 22:20:00,Maryland_State_Route,RAMP 7 FR RP 2 (FR IS495 WB) TO 193,OAKVIEW DR,Sideswipe (Opposite Direction),Lane Violation,Clear,Dry,Dark - Lighted,Traffic Signal,None Detected,E8B727B1-FF7C-4F1A-A98D-C0316D8E7C10,MD,444008BA-2DA1-4801-8BF0-A916BB5C9DDD,Eleven O Clock,SportUtilityVehicle,MovingConstantSpeed,Westbound,35.0,No,No,2020,LAND ROVER,38.98793484,-77.07713418,Range Rover Velar_Land Rover,22,2025,8,23,22,Saturday,2025-08-23,34
325,MCP3426002F,250037564,Montgomery_County_Police,Property Damage Crash,2025-08-22 13:50:00,Maryland_State_Route,KNOWLES AVE,SUMMIT AVE,Rear-End (Same Direction),Congestion / Backup,Clear,Dry,Daylight,Traffic Signal,None Detected,16E9FEA1-27CA-4C9F-BEB9-F474852B5CF1,MD,FC39CF63-18B1-4C37-9119-76202C71B51F,Six O Clock,PassengerCar,SlowingOrStopping,Northbound,30.0,No,No,2016,HYUNDAI,39.02776889,-77.07959189,Accent_Hyundai,13,2025,8,22,13,Friday,2025-08-22,34
327,MCP311100B2,250038678,Montgomery_County_Police,Injury Crash,2025-08-29 13:10:00,Maryland_State_Route,RIVER RD,GOLDSBORO RD (SB/L),Angle Collision,Road Obstruction,Clear,Dry,Daylight,Traffic Signal,None Detected,0CB1AD4B-2345-43A1-B609-4B7BF3A8A0A1,DC,877B5F14-6EE2-4848-ADCC-28CA723F4C3E,Twelve O Clock,PassengerCar,MovingConstantSpeed,North,35.0,No,No,2015,HYUNDAI,38.97316367,-77.12216483,Sonata_Hyundai,13,2025,8,29,13,Friday,2025-08-29,35
328,MCP2771005J,250037976,Montgomery_County_Police,Property Damage Crash,2025-08-25 13:20:00,Maryland_State_Route,UNIVERSITY BLVD W,GEORGIA AVE,Sideswipe (Same Direction),Congestion / Backup,Clear,Dry,Daylight,Traffic Signal,None Detected,5E37293F-6F0C-4F45-B66C-A789BFC36FC5,MD,FC805463-E1F8-4963-81FB-46A2428A09B6,One O Clock,SportUtilityVehicle,MovingConstantSpeed,North,35.0,No,No,2020,TOYOTA,39.04144725,-77.05168559,RAV4_Toyota,13,2025,8,25,13,Monday,2025-08-25,35
329,MCP3190006R,250038766,Montgomery_County_Police,Property Damage Crash,2025-08-29 19:13:00,Maryland_State_Route,GEORGIA AVE,BEACON RD,Rear-End (Same Direction),Tailgating,Clear,Dry,Daylight,No Control,None Detected,533E2539-CF3A-45AD-BC01-8993B53C09FA,MD,6EF0BC9F-EB03-4150-A50C-CFD67B3AD620,Twelve O Clock,PassengerCar,MovingConstantSpeed,Northbound,45.0,No,No,1998,TOYOTA,39.10265116,-77.07671875,Celica_Toyota,19,2025,8,29,19,Friday,2025-08-29,35
330,DD5567009M,250037979,Rockville_Police_Department,Property Damage Crash,2025-08-25 13:56:00,Municipality_Route,WOOTTON PKWY,PARKLAWN DR,Rear-End (Same Direction),Tailgating,Clear,Dry,Daylight,No Control,None Detected,F492AF79-65A8-43A8-9CD8-C618A0756FE2,MD,F2CDCBE5-B970-4B35-8AE6-4FBD86AFC91C,Five O Clock,StationWagon,StoppedInTrafficLane,Northbound,30.0,No,No,2020,SUBARU,39.0690707,-77.16912858,Crosstrek_Subaru,13,2025,8,25,13,Monday,2025-08-25,35
331,MCP2974005S,250038102,Montgomery_County_Police,Property Damage Crash,2025-08-26 08:40:00,County_Route,LOCKWOOD DR,FIRST ST,Sideswipe (Same Direction),Passing / Turning,Clear,Dry,Daylight,No Control,None Detected,126DE3E4-4AD0-4CF9-A6E1-475BCD874C6A,MD,6943739C-A103-40E1-B930-1E4E1630BF7B,Nine O Clock,TransitBus,Parked,Eastbound,25.0,No,Yes,2023,TOYOTA,39.04033696,-76.98927383,Camry_Toyota,8,2025,8,26,8,Tuesday,2025-08-26,35
332,MCP3280007B,250038684,Montgomery_County_Police,Property Damage Crash,2025-08-29 13:45:00,Maryland_State_Route,NEW HAMPSHIRE AVE,CRYSTAL ROCK DR,Rear-End (Same Direction),Driver Inattention,Clear,Dry,Daylight,No Control,None Detected,DFBFED43-1951-47AB-868C-5BC4E8551BF1,MD,034736AF-01BA-408D-A535-AC8CC494C1CD,Twelve O Clock,MiniBus,MovingConstantSpeed,Northbound,40.0,No,No,2013,FORD,39.02041243,-76.97657563,E-Series_Ford,13,2025,8,29,13,Friday,2025-08-29,35
333,MCP34550011,250038896,Montgomery_County_Police,Property Damage Crash,2025-08-30 18:52:00,County_Route,CLARIDGE RD,GREAT SENECA HWY,Rear-End (Same Direction),Road Obstruction,Clear,Dry,Daylight,No Control,None Detected,7D0EC0BC-D2AF-4663-AE07-5B33F0248464,MD,7906BAE5-0878-4F3C-9CAC-35C7230E1D34,Twelve O Clock,PassengerCar,Parked,South,25.0,No,Yes,2015,TOYOTA,39.05328667,-77.06382783,Corolla_Toyota,18,2025,8,30,18,Saturday,2025-08-30,35
334,EJ7870007R,250038395,Gaithersburg_Police_Department,Property Damage Crash,2025-08-25 14:38:00,Local_Route,GRAND CORNER AVE,PERRY PKWY,Angle Collision,Right-of-Way Violation,Clear,Dry,Daylight,Stop Sign,None Detected,EFC67D26-663B-400C-A1AD-219D82F5CF24,MD,B7736339-4E0E-41EF-8BFC-B956881CBA1F,Twelve O Clock,SportUtilityVehicle,MakingLeftTurn,Westbound,25.0,No,No,2023,NISSAN,39.11829142,-77.20348739,Rogue_Nissan,14,2025,8,25,14,Monday,2025-08-25,35
335,MCP27560073,250038365,Montgomery_County_Police,Property Damage Crash,2025-08-27 15:28:00,Maryland_State_Route,UNIVERSITY BLVD W (WB/L),CENTURY BLVD,Sideswipe (Same Direction),Lane Violation,Clear,Dry,Daylight,No Control,None Detected,D35AD600-3AF4-42CA-84B4-AC72C9B2D752,MD,BD65A160-21B3-4970-B252-476FA9EAA74E,Eleven O Clock,TransitBus,MovingConstantSpeed,Westbound,35.0,No,No,2010,CHEVROLET,39.03360624,-77.02368776,Silverado_Chevrolet,15,2025,8,27,15,Wednesday,2025-08-27,35
336,MCP34230028,250024428,Montgomery_County_Police,Property Damage Crash,2025-08-18 13:05:00,County_Route,BRIGGS CHANEY RD,AUTOMOBILE BLVD,Angle Collision,Right-of-Way Violation,Clear,Dry,Daylight,Traffic Signal,None Detected,73DF16BF-1AED-4671-BBBF-8E3323570809,MD,54D0E09B-84C3-410D-AB6F-A0CAF755D372,VehicleNotAtScene,PassengerCar,Accelerating,Southbound,30.0,No,No,2007,FORD,39.08113608,-76.9464828,Ranger_Ford,13,2025,8,18,13,Monday,2025-08-18,34
337,MCP33960027,250037895,Montgomery_County_Police,Injury Crash,2025-08-24 21:18:00,Maryland_State_Route,VEIRS MILL RD (WB/L),REVA DR,Rear-End (Same Direction),Driver Inattention,Clear,Dry,Dark - Not Lighted,No Control,None Detected,713B44F2-606D-4BFB-B13A-3F0FAB8E5B95,MD,8D41D1CA-2956-4D6D-8D8D-88374557BD25,Twelve O Clock,PassengerCar,MovingConstantSpeed,Northbound,35.0,No,No,2004,INFINITI,39.04980233,-77.07111633,Q50_Infiniti,21,2025,8,24,21,Sunday,2025-08-24,34
338,MCP3377003B,250036517,Montgomery_County_Police,Injury Crash,2025-08-15 19:10:00,Ramp_Route,RAMP 6 FR IS 495 EB TO MD 193 SB,HENDERSON CORNER RD,Rear-End (Same Direction),Congestion / Backup,Clear,Dry,Daylight,Traffic Signal,None Detected,83D1B51D-2492-4FFF-A592-2584749D02C5,MD,7CB26ECC-DF16-43A8-9379-FEC777886AB3,Six O Clock,PassengerCar,SlowingOrStopping,South,30.0,No,No,2007,BMW,39.01408926,-77.00437954,3 Series_BMW,19,2025,8,15,19,Friday,2025-08-15,33
339,MCP3451000P,250035845,Montgomery_County_Police,Property Damage Crash,2025-08-12 00:03:00,US_State_Route,GEORGIA AVE (SB/L),WAYNE AVE,Rear vs Side,Traffic Control Violation,Clear,Dry,Dark - Lighted,Traffic Signal,None Detected,CBBACEAF-4282-4FD6-A561-5345543266F8,MD,8F0B521A-0140-4307-8BD1-5E0293F214DA,Seven O Clock,PassengerCar,MovingConstantSpeed,Southbound,35.0,No,No,2022,TESLA,38.99447163,-77.02689736,Model Y_Tesla,0,2025,8,12,0,Tuesday,2025-08-12,33
340,MCP3380003J,250038882,Montgomery_County_Police,Property Damage Crash,2025-08-30 16:58:00,County_Route,WELLER RD,BUSHEY DR,Angle Collision,Road Obstruction,Clear,Dry,Daylight,Stop Sign,None Detected,AF6B57D9-69FE-48DB-B280-47DA2088DFCB,MD,D09A8D78-7A4D-4544-92E3-60E7499824CE,Eleven O Clock,PassengerCar,MovingConstantSpeed,East,25.0,No,No,2017,NISSAN,39.06257583,-77.0786115,Rogue_Nissan,16,2025,8,30,16,Saturday,2025-08-30,35
341,MCP25860081,250038388,Montgomery_County_Police,Injury Crash,2025-08-27 17:30:00,Maryland_State_Route,RIDGE RD,MUDDY BRANCH RD,Rear-End (Same Direction),Tailgating,Clear,Dry,Daylight,No Control,None Detected,1C1C86F7-EAA5-4ED2-B644-D9560D8E4A6B,VA,B2B42C1C-0878-4C86-80FC-F6E53FF6B41F,Six O Clock,PassengerCar,SlowingOrStopping,Northbound,40.0,No,No,2025,TESLA,39.25950476,-77.22373872,Model Y_Tesla,17,2025,8,27,17,Wednesday,2025-08-27,35
342,MCP34550011,250038896,Montgomery_County_Police,Property Damage Crash,2025-08-30 18:52:00,County_Route,CLARIDGE RD,WISTERIA DR,Rear-End (Same Direction),Backing Error,Clear,Dry,Daylight,No Control,None Detected,82204074-6662-4853-989F-CEA92465739E,MD,59C112B4-5026-4B36-950D-E0EA028D28B1,Six O Clock,Van - Passenger (&lt;9 Seats),Backing,Southbound,25.0,No,No,2006,TOYOTA,39.05328667,-77.06382783,Sienna_Toyota,18,2025,8,30,18,Saturday,2025-08-30,35
343,MCP3408001R,250038628,Montgomery_County_Police,Property Damage Crash,2025-08-29 09:38:00,US_State_Route,CLARKSBURG RD,BEGIN BRIDGE,Angle Collision,Road Obstruction,Clear,Dry,Daylight,Traffic Signal,None Detected,32FB0A70-3D43-41CA-A480-49201A59A574,MD,FE8AE1CD-9AF2-4FBD-BFA0-EB851E88AEA9,Ten O Clock,TransitBus,Parked,South,30.0,No,Yes,2023,FORD,38.99863483,-77.0262895,F-150_Ford,9,2025,8,29,9,Friday,2025-08-29,35
344,MCP2723009X,250038733,Montgomery_County_Police,Injury Crash,2025-08-29 17:20:00,County_Route,BAUER DR,ARCTIC AVE,Angle Collision,Right-of-Way Violation,Clear,Dry,Daylight,Stop Sign,None Detected,00AE7F85-3CA8-421E-B982-9B194F313889,MD,75308B6E-C4D9-4C18-AAA0-705BED668B30,Three O Clock,PassengerCar,Accelerating,Northbound,25.0,No,No,2012,VOLVO,39.08886667,-77.09423905,S60_Volvo,17,2025,8,29,17,Friday,2025-08-29,35
346,DD562000CK,250038095,Rockville_Police_Department,Property Damage Crash,2025-08-26 08:20:00,Municipality_Route,GAITHER RD,GATEWAY CENTER DR,Other,Right-of-Way Violation,Clear,Dry,Daylight,No Control,None Detected,82A6B8F5-8F62-4842-B511-3730DC1AB13C,MD,F4DCB419-8BA9-4789-A64F-9E489A1ABE60,Five O Clock,SportUtilityVehicle,ChangingLanes,Southbound,35.0,No,No,2022,FORD,39.1071432,-77.17261771,Explorer_Ford,8,2025,8,26,8,Tuesday,2025-08-26,35
347,MCP3044008M,250038382,Montgomery_County_Police,Injury Crash,2025-08-27 16:58:00,County_Route,CHERRY HILL RD,OLD HUNDRED RD,Rear-End (Same Direction),Tailgating,Clear,Dry,Daylight,Traffic Signal,None Detected,4C606B07-BAC7-4A3B-BD1E-22A4DDFEB60A,MD,12D2F655-E8E6-4901-900A-CA3B4F2A71A4,Twelve O Clock,SportUtilityVehicle,Accelerating,Westbound,40.0,No,No,2023,LEXUS,39.05511683,-76.95385917,GX_Lexus,16,2025,8,27,16,Wednesday,2025-08-27,35
348,MCP30930069,250038518,Montgomery_County_Police,Property Damage Crash,2025-08-28 15:15:00,County_Route,BATTERY LA,WALHONDING RD,Rear-End (Same Direction),Tailgating,Clear,Dry,Daylight,Traffic Signal,None Detected,C02ED6F8-8E57-487F-9A58-DDFA2EF6A5E0,MD,F9B75966-0540-4F8D-86BE-E0B0CA0BD509,Underside,SportUtilityVehicle,StoppedInTrafficLane,Northbound,25.0,No,No,2014,TOYOTA,38.99031931,-77.10346829,RAV4_Toyota,15,2025,8,28,15,Thursday,2025-08-28,35
349,MCP2347005W,250037918,Montgomery_County_Police,Property Damage Crash,2025-08-26 06:14:00,Ramp_Route,RAMP 3 FR MD 198 EB TO RAMP 2 (US 29),SANDY SPRING RD (WB/L),Sideswipe (Opposite Direction),Traffic Control Violation,Clear,Dry,Daylight,Traffic Signal,None Detected,EA12126E-4C5D-4FB2-9B68-5E7B9E275301,MD,B366936E-78C5-4236-ACC5-CB1D7B0A4EAA,Nine O Clock,PassengerCar,MovingConstantSpeed,Westbound,35.0,No,No,2009,NISSAN,39.11173081,-76.92858095,Rogue_Nissan,6,2025,8,26,6,Tuesday,2025-08-26,35
350,MCP219800HQ,250038215,Montgomery_County_Police,Property Damage Crash,2025-08-26 17:42:00,Interstate_Route,EISENHOWER MEMORIAL HWY (SB/L),STONEBRIDGE VIEW DR,Rear-End (Same Direction),Congestion / Backup,Clear,Dry,Daylight,No Control,None Detected,9DE27194-9EFE-4164-86D1-D3E820A56A8A,MD,E93C98AD-67F7-493C-BE24-5F12F197A181,Twelve O Clock,PassengerCar,SlowingOrStopping,North,55.0,No,No,2019,DODGE,39.14127317,-77.21299917,Charger_Dodge,17,2025,8,26,17,Tuesday,2025-08-26,35
351,MCP32990051,250038829,Montgomery_County_Police,Property Damage Crash,2025-08-30 10:13:00,County_Route,BEL PRE RD,EXIT #8,Rear-End (Same Direction),Tailgating,Clear,Dry,Daylight,No Control,None Detected,488D0711-CE60-4E43-A58B-68613138F93B,MD,0C789D1E-6777-4F9E-A324-3EB836E75468,Five O Clock,PassengerCar,SlowingOrStopping,Westbound,35.0,No,No,2005,VOLKSWAGEN,39.09111371,-77.06187982,Jetta_Volkswagen,10,2025,8,30,10,Saturday,2025-08-30,35
352,MCP3290004C,250036597,Montgomery_County_Police,Injury Crash,2025-08-16 13:48:00,Maryland_State_Route,UNIVERSITY BLVD E,MERRIMAC DR,Rear-End (Same Direction),Congestion / Backup,Clear,Dry,Daylight,Traffic Signal,None Detected,9CCBE12F-00C1-492F-BAA5-8699676C5827,MD,E458388D-503B-4A30-9246-DB273D3DA72F,Six O Clock,PassengerCar,StoppedInTrafficLane,East,35.0,No,No,2007,TOYOTA,38.99267505,-76.99157187,Camry_Toyota,13,2025,8,16,13,Saturday,2025-08-16,33
353,MCP31380089,250038846,Montgomery_County_Police,Property Damage Crash,2025-08-30 10:20:00,Maryland_State_Route,VEIRS MILL RD (WB/L),CLARIDGE RD,Rear-End (Same Direction),Tailgating,Clear,Dry,Daylight,Traffic Signal,None Detected,84B678A8-788F-4FDF-912D-D258A501ABB2,MD,C41EC7E1-2AC0-4B46-8EF7-4A3ABE77C53E,VehicleNotAtScene,PassengerCar,MovingConstantSpeed,Northbound,35.0,No,No,2015,ACURA,39.0485803,-77.06915972,TLX_Acura,10,2025,8,30,10,Saturday,2025-08-30,35
354,MCP34270013,250037283,Montgomery_County_Police,Property Damage Crash,2025-08-20 21:34:00,County_Route,AIRPARK RD,STEDWICK RD,Single Vehicle,Speed Related,Rain,Wet,Dark - Lighted,No Control,None Detected,E5315D62-B637-499C-B517-0A22E539D704,MD,E6C8D5DB-9F9E-4A76-99F0-96A1ADF0B7FC,Twelve O Clock,PassengerCar,MovingConstantSpeed,Northbound,50.0,No,No,2007,TOYOTA,39.1525151,-77.14203994,Camry_Toyota,21,2025,8,20,21,Wednesday,2025-08-20,34
355,MCP32550079,250038900,Montgomery_County_Police,Property Damage Crash,2025-08-30 19:00:00,County_Route,HARMONY HALL RD,MUDDY BRANCH RD,Angle Collision,Road Obstruction,Clear,Dry,Daylight,Traffic Signal,None Detected,48102CEC-313F-4519-B379-9839C1BCB04B,NJ,63635254-27BD-4F8F-BC73-FF5F8F01A62C,Nine O Clock,PassengerCar,MovingConstantSpeed,East,35.0,No,No,2023,TOYOTA,39.13666967,-77.2054635,Camry_Toyota,19,2025,8,30,19,Saturday,2025-08-30,35
356,MCP235300D8,250034945,Montgomery_County_Police,Property Damage Crash,2025-08-06 10:12:00,Maryland_State_Route,OLD GEORGETOWN RD,JONES BRIDGE RD,Sideswipe (Same Direction),Lane Violation,Cloudy,Dry,Daylight,Pedestrian Crossing,None Detected,BE5B3DBB-46DA-4FF9-962B-D587D9EAB72F,MD,FD7DDAAF-1778-4DA1-9CF8-F1B4A9125D69,Two O Clock,Other,MovingConstantSpeed,Eastbound,25.0,No,No,2024,CHEVROLET,38.9879887,-77.09966767,Silverado_Chevrolet,10,2025,8,6,10,Wednesday,2025-08-06,32
357,MCP94190063,250038452,Montgomery_County_Police,Injury Crash,2025-08-28 08:53:00,Maryland_State_Route,FREDERICK RD (SB/L),GREAT SENECA HWY,Rear-End (Same Direction),Tailgating,Clear,Dry,Daylight,Traffic Signal,None Detected,582A42BE-C466-4B26-80E2-341A25F03B2A,MD,6377E348-8C09-4D23-8508-82DA1054808E,Six O Clock,PassengerCar,SlowingOrStopping,Southbound,40.0,No,No,2015,TOYOTA,39.12328752,-77.17886132,RAV4_Toyota,8,2025,8,28,8,Thursday,2025-08-28,35
358,EJ7898006V,250038161,Gaithersburg_Police_Department,Property Damage Crash,2025-08-26 13:37:00,Maryland_State_Route,DARNESTOWN RD (WB/L),GAITHER RD,Angle Collision,Right-of-Way Violation,Clear,Dry,Daylight,No Control,None Detected,DDCFE1EB-B318-4041-97E4-E97B71D44C7B,MD,FA5E3472-95FB-48E7-9561-89257B3F3A33,Two O Clock,PassengerCar,MovingConstantSpeed,Northbound,40.0,No,No,2016,FORD,39.11768125,-77.25196094,F-150_Ford,13,2025,8,26,13,Tuesday,2025-08-26,35