Unnamed: 0,Report Number,Local Case Number,Agency Name,ACRS Report Type,Crash Date/Time,Route Type,Road Name,Cross-Street Name,Collision Type,Circumstance_Category,Weather,Surface Condition,Light,Traffic Control,Driver Substance Abuse,Person ID,Drivers License State,Vehicle ID,Vehicle First Impact Location,Vehicle Body Type,Vehicle Movement,Vehicle Going Dir,Speed Limit,Driverless Vehicle,Parked Vehicle,Vehicle Year,Vehicle Make,Latitude,Longitude,Vehicle Model,hour,Crash_year,Crash_month,Crash_day,Crash_hour,Crash_day_name,Crash_date,Crash_week
359,HA25560007,25001888,Takoma_Park_Police_Department,Property Damage Crash,2025-08-30 17:00:00,Municipality_Route,CRAWFORD DR,GREENCASTLE RD,Single Vehicle,Driver Inattention,Clear,Dry,Daylight,No Control,None Detected,00769511-9BF4-487B-A797-9EFDA6753B57,MD,D4F0309F-47FE-460D-85D2-28F7336ACEE8,VehicleNotAtScene,VanCargo,MovingConstantSpeed,Eastbound,15.0,No,No,2012,NISSAN,39.07344969,-77.11706957,Altima_Nissan,17,2025,8,30,17,Saturday,2025-08-30,35
360,MCP3439000Q,250037885,Montgomery_County_Police,Property Damage Crash,2025-08-24 20:20:00,Maryland_State_Route,CONNECTICUT AVE,UNIVERSITY BLVD E,Single Vehicle,Speed Related,Clear,Dry,Dark - Lighted,No Control,None Detected,26283E6E-9057-4E25-BBC9-D007B709C0DD,MD,8D048011-3536-4120-8152-C0203626D4C8,Eleven O Clock,PassengerCar,MovingConstantSpeed,Eastbound,30.0,No,No,2016,FORD,39.25643234,-77.14576377,Taurus_Ford,20,2025,8,24,20,Sunday,2025-08-24,34
361,MCP3080005T,250038746,Montgomery_County_Police,Property Damage Crash,2025-08-29 17:51:00,County_Route,KEY WEST AVE,ODENDHAL AVE,Back-to-Back,Backing Error,Clear,Dry,Daylight,No Control,None Detected,BACE0AEB-8A00-43A3-A96B-ECAA403BA265,DC,3805FDFB-9943-4208-AB4B-75D1FABC9994,Seven O Clock,PassengerCar,Backing,Not On Roadway,2.5,No,No,2007,JEEP,39.16012333,-77.27951561,Liberty_Jeep,17,2025,8,29,17,Friday,2025-08-29,35
362,MCP32550078,250038886,Montgomery_County_Police,Property Damage Crash,2025-08-30 17:00:00,Maryland_State_Route,GLENALLAN AVE,UNIVERSITY BLVD E,Rear-End (Same Direction),Congestion / Backup,Clear,Dry,Daylight,Traffic Signal,None Detected,65E25712-3CBB-4AE2-ABD2-2B96A5F436CE,MD,0668C54E-C210-4E47-A28B-3982BB46E35B,Six O Clock,PassengerCar,StoppedInTrafficLane,Not On Roadway,2.5,No,No,2012,HONDA,39.17233983,-77.20611433,Fit_Honda,17,2025,8,30,17,Saturday,2025-08-30,35
363,MCP3429000Z,250037757,Montgomery_County_Police,Property Damage Crash,2025-08-23 17:06:00,Maryland_State_Route,CONNECTICUT AVE,JEFFRY ST,Angle Collision,Right-of-Way Violation,Clear,Dry,Daylight,Stop Sign,None Detected,47CCF5C1-B9DD-47FD-BC9A-16465B7F977F,VA,9D7BD91A-6937-435F-8950-855915D621D8,Twelve O Clock,Other,MakingRightTurn,West,25.0,No,No,2018,FORD,39.06592508,-77.07425152,F-150_Ford,17,2025,8,23,17,Saturday,2025-08-23,34
364,MCP287500BB,250037732,Montgomery_County_Police,Property Damage Crash,2025-08-23 13:36:00,Maryland_State_Route,RIDGE RD,PARKER AVE,Sideswipe (Same Direction),Passing / Turning,Clear,Dry,Daylight,No Control,None Detected,5927E9EC-8264-4D4C-BBA9-39C75FD2F06C,MD,7064150A-D95B-4D39-B3B5-D53048001162,Nine O Clock,PickupTruck,Passing,Northbound,40.0,No,No,2006,GMC,39.26934405,-77.21726525,Sierra_GMC,13,2025,8,23,13,Saturday,2025-08-23,34
365,MCP3094006F,250038396,Montgomery_County_Police,Injury Crash,2025-08-27 18:27:00,County_Route,EAST VILLAGE AVE,LEWISBERRY DR,Head-On,Right-of-Way Violation,Clear,Dry,Daylight,Stop Sign,None Detected,EE0C2EFD-E84B-4FAF-B389-FFE179364E28,MD,30CE285B-DC14-4D19-A709-3E5F5439D28C,Twelve O Clock,PassengerCar,MovingConstantSpeed,Southbound,30.0,No,No,2020,JEEP,39.18502491,-77.17586549,Grand Cherokee_Jeep,18,2025,8,27,18,Wednesday,2025-08-27,35
366,MCP34010028,250035251,Montgomery_County_Police,Property Damage Crash,2025-08-07 20:27:00,County_Route,GRACEFIELD RD,VEIRS MILL RD,Rear-End (Same Direction),Tailgating,Clear,Dry,Dark - Not Lighted,No Control,None Detected,C28182CF-1C30-4BB1-9585-F34408414636,MD,6DC15827-7E1C-4346-B16E-832AB4A10921,Twelve O Clock,PassengerCar,MovingConstantSpeed,Northbound,25.0,No,No,2018,HONDA,39.055284,-76.95038767,Accord_Honda,20,2025,8,7,20,Thursday,2025-08-07,32
367,MCP24550089,250038391,Montgomery_County_Police,Property Damage Crash,2025-08-27 17:06:00,County_Route,GEORGIA AVE,GEORGIAN WOODS PL,Angle Collision,Right-of-Way Violation,Clear,Dry,Daylight,No Control,None Detected,0816C330-F481-407E-9298-ECD49BEB532A,MD,F97ABBBF-BD72-4BD3-AA77-0EBD5DF13391,Four O Clock,PassengerCar,EnteringTrafficLane,Eastbound,35.0,No,No,2016,VOLVO,39.07276763,-77.11247343,S60_Volvo,17,2025,8,27,17,Wednesday,2025-08-27,35
368,MCP311100B1,250038295,Montgomery_County_Police,Injury Crash,2025-08-27 08:31:00,County_Route,TUCKERMAN LA,WARFIELD RD,Rear-End (Same Direction),Tailgating,Clear,Dry,Daylight,No Control,None Detected,5E66190E-3A06-41F1-955D-422EF422AC78,SC,9B31DF1D-AD39-47D6-959C-C1232268254A,One O Clock,TruckTractor,MovingConstantSpeed,Eastbound,35.0,No,No,2021,BMW,39.03374949,-77.12293716,3 Series_BMW,8,2025,8,27,8,Wednesday,2025-08-27,35
369,MCP2305003X,250038417,Montgomery_County_Police,Injury Crash,2025-08-27 21:31:00,County_Route,MT VERNON AVE,BETHESDA CHURCH RD WOODFIELD RD,Head-On,Lane Violation,Clear,Dry,Dark - Lighted,No Control,None Detected,F5581B10-2990-4786-AF61-0F88AA68F6A8,MD,B7396843-2CEF-4DE4-AE97-6ADB1C6BB15B,Twelve O Clock,Van - Passenger (&lt;9 Seats),MovingConstantSpeed,Northbound,35.0,No,No,2017,NISSAN,39.28365197,-77.20185936,Altima_Nissan,21,2025,8,27,21,Wednesday,2025-08-27,35
370,MCP34140020,250036699,Montgomery_County_Police,Injury Crash,2025-08-17 08:30:00,Maryland_State_Route,PINEY BRANCH RD,SNOWDEN FARM PKWY (PROP),Rear-End (Same Direction),Driver Inattention,Clear,Dry,Daylight,Traffic Signal,None Detected,C3981A84-2046-4737-B1AD-0E6DA02E6B09,MD,5605E7BC-A855-4398-A732-F244AC346438,Twelve O Clock,PassengerCar,SlowingOrStopping,Northbound,30.0,No,No,2014,TOYOTA,38.99317067,-77.00931033,Camry_Toyota,8,2025,8,17,8,Sunday,2025-08-17,33
371,MCP299100BP,250035625,Montgomery_County_Police,Property Damage Crash,2025-08-10 15:00:00,Maryland_State_Route,GEORGIA AVE (SB/L),PAVILION DR,Rear-End (Same Direction),Congestion / Backup,Clear,Dry,Daylight,Traffic Signal,None Detected,4DD64E3E-9B57-4712-BCDE-D43C2AEFBC4E,MD,C5B78165-5704-4E46-BC1A-CC9A0C63C01A,Six O Clock,PassengerCar,SlowingOrStopping,Southbound,35.0,No,No,2012,TOYOTA,39.12662994,-77.0723257,Camry_Toyota,15,2025,8,10,15,Sunday,2025-08-10,32
372,MCP3320003X,250037761,Montgomery_County_Police,Property Damage Crash,2025-08-23 17:00:00,County_Route,UNIVERSITY BLVD E,SLIGO CREEK PKWY,Head-On,Lane Violation,Clear,Dry,Daylight,Other,None Detected,631F6449-A8F5-4168-BD21-30FFA1E15C7C,MD,459F61E9-B200-4480-91AE-6211771587A5,VehicleNotAtScene,PassengerCar,SlowingOrStopping,Not On Roadway,2.5,No,No,2012,BMW,39.01044658,-77.04191879,3 Series_BMW,17,2025,8,23,17,Saturday,2025-08-23,34
373,MCP23950035,250037743,Montgomery_County_Police,Property Damage Crash,2025-08-23 15:50:00,Maryland_State_Route,BOWIE MILL RD,FIRSTFIELD RD (EB/L),Single Vehicle,Driver Inattention,Clear,Dry,Daylight,No Control,None Detected,A310EE80-3004-41B9-9EC4-C4E3D523262C,MD,6D48B59B-7A73-42CC-80B5-8C065519DC79,Twelve O Clock,SportUtilityVehicle,MovingConstantSpeed,Southbound,40.0,No,No,2018,GMC,39.14228751,-77.29380348,Yukon XL_GMC,15,2025,8,23,15,Saturday,2025-08-23,34
374,MCP3400002M,250037265,Montgomery_County_Police,Property Damage Crash,2025-08-15 14:40:00,Local_Route,METRORAIL TRACK B2 RAIL,LONE OAK DR,Rear-End (Same Direction),Driver Inattention,Rain,Wet,Daylight,Traffic Signal,None Detected,D49829B2-AB16-4B1A-B6F7-B8FA2793B80F,VA,78927DD6-3C83-4DAD-9C7B-A25FFB173670,Twelve O Clock,PassengerCar,MovingConstantSpeed,Southbound,30.0,No,No,2019,FORD,39.01584793,-77.04287815,Ranger_Ford,14,2025,8,15,14,Friday,2025-08-15,33
375,MCP299100BP,250035625,Montgomery_County_Police,Property Damage Crash,2025-08-10 15:00:00,Maryland_State_Route,GEORGIA AVE (SB/L),MASSACHUSETTS AVE,Rear-End (Same Direction),Tailgating,Clear,Dry,Daylight,Traffic Signal,Suspect Alcohol + Drug,7E8696F0-5057-4BA3-B1CF-9C26F59E5154,MA,2E06FD09-787F-4A48-AA7B-DDAF1CABBE30,Twelve O Clock,SportUtilityVehicle,SlowingOrStopping,Southbound,35.0,No,No,2013,BMW,39.12662994,-77.0723257,5 Series_BMW,15,2025,8,10,15,Sunday,2025-08-10,32
376,DD5538005N,250038534,Rockville_Police_Department,Property Damage Crash,2025-08-28 16:29:00,County_Route,GEORGIA AVE,FENTON ST,Rear vs Side,Right-of-Way Violation,Clear,Snow,Daylight,Traffic Signal,None Detected,DA4BF6C9-4F6D-489F-8D44-8C9ED1848D7D,MD,20E4AA60-9770-4AB7-99E1-2246AD4E7E7F,Three O Clock,OtherTruck,SlowingOrStopping,Not On Roadway,2.5,No,No,2016,TOYOTA,39.07545361,-77.1379488,Camry_Toyota,16,2025,8,28,16,Thursday,2025-08-28,35
377,MCP2739004D,250038064,Montgomery_County_Police,Injury Crash,2025-08-25 21:29:00,Maryland_State_Route,WOODFIELD RD,MAIN ST,Sideswipe (Same Direction),Congestion / Backup,Clear,Dry,Dark - Lighted,Traffic Signal,None Detected,8E09248E-D656-4F54-BD55-6149EA21913B,MD,9846DE4F-67DA-4F9B-BEBE-A8F30D46A8CA,Six O Clock,PassengerCar,StoppedInTrafficLane,Southbound,35.0,No,No,2021,TOYOTA,39.28754284,-77.20168507,C-HR_Toyota,21,2025,8,25,21,Monday,2025-08-25,35
378,MCP25860081,250038388,Montgomery_County_Police,Injury Crash,2025-08-27 17:30:00,Maryland_State_Route,RIDGE RD,MIDDLEBROOK RD,Rear-End (Same Direction),Tailgating,Clear,Dry,Daylight,No Control,None Detected,372E5D7F-F636-4250-9B29-AEEEB7AB1488,MD,02DEBEF7-D2E8-48BF-9849-F042F9064E41,Eleven O Clock,Van - Passenger (&lt;9 Seats),MovingConstantSpeed,Northbound,40.0,No,No,2019,DODGE,39.25950476,-77.22373872,Grand Caravan_Dodge,17,2025,8,27,17,Wednesday,2025-08-27,35
380,DD5567009L,250037527,Rockville_Police_Department,Injury Crash,2025-08-22 12:15:00,Maryland_State_Route,ROCKVILLE PIKE,CHURCH ST (WB/L),Angle Collision,Right-of-Way Violation,Clear,Dry,Daylight,Traffic Signal,None Detected,C9F8BDB4-E532-4EF4-B86C-E57ECA2785E1,MD,D35AA7D2-CA88-4C89-B407-390F8A9B807F,Four O Clock,SportUtilityVehicle,MakingLeftTurn,Eastbound,30.0,No,No,2003,INFINITI,39.08349214,-77.14677505,Q50_Infiniti,12,2025,8,22,12,Friday,2025-08-22,34
381,MCP3313002R,250037914,Montgomery_County_Police,Property Damage Crash,2025-08-25 03:55:00,County_Route,FLINT ROCK RD,ROAD END,Rear-End (Same Direction),Driver Inattention,Clear,Dry,Dark - Lighted,No Control,Suspect Alcohol Only,03D6738F-D26E-4944-973D-1B549DC20F9B,MD,E68B36C5-0AA1-41EB-A1B2-C157E9413FA1,One O Clock,PassengerCar,MovingConstantSpeed,Westbound,30.0,No,No,2018,LEXUS,39.08890309,-77.10148411,IS_Lexus,3,2025,8,25,3,Monday,2025-08-25,35
382,EJ7870007Q,250038378,Gaithersburg_Police_Department,Injury Crash,2025-08-27 16:35:00,Crossover,MONTROSE RD,BUREAU DR (SB/L),Angle Collision,Right-of-Way Violation,Clear,Dry,Daylight,Stop Sign,None Detected,F81C10AE-B776-4E8D-8302-CCCAE113D964,MD,F95C9EE5-5C09-4D03-818C-15CECFA25010,One O Clock,PassengerCar,MakingLeftTurn,Westbound,25.0,No,No,2018,TESLA,39.14303729,-77.21725004,Model 3_Tesla,16,2025,8,27,16,Wednesday,2025-08-27,35
383,MCP3374003D,250037712,Montgomery_County_Police,Injury Crash,2025-08-23 11:59:00,County_Route,ABERDEEN RD,BRADLEY BLVD,Angle Collision,Right-of-Way Violation,Clear,Dry,Daylight,Stop Sign,None Detected,0CFDFA55-302A-446A-9DE0-854C9AD562E9,VA,273C6F80-2AB6-4048-9BA0-E37452998D9E,Twelve O Clock,PassengerCar,EnteringTrafficLane,West,35.0,No,No,2014,TOYOTA,38.9914415,-77.117692,Camry_Toyota,11,2025,8,23,11,Saturday,2025-08-23,34
384,MCP3386003C,250038517,Montgomery_County_Police,Property Damage Crash,2025-08-28 15:11:00,Maryland_State_Route,OLD GEORGETOWN RD,PERRY AVE,Rear-End (Same Direction),Tailgating,Clear,Dry,Daylight,Traffic Signal,Suspect Alcohol Only,D8B71F5A-F65E-447C-B77D-0FB4AED70ECF,DC,682DFD66-D3BC-4D52-81F2-A995D2C093D0,VehicleNotAtScene,PassengerCar,Passing,Northbound,25.0,No,No,2025,JEEP,38.98575067,-77.0958575,Grand Cherokee_Jeep,15,2025,8,28,15,Thursday,2025-08-28,35
385,MCP2671004M,250038182,Montgomery_County_Police,Property Damage Crash,2025-08-26 15:10:00,Maryland_State_Route,ROCKVILLE PIKE,16TH ST,Angle Collision,Right-of-Way Violation,Clear,Wet,Daylight,Flashing Traffic Signal,None Detected,B4D51449-B599-4DDD-BFBF-0C4BF5C65973,MD,37EE802F-8B2B-4F6C-94C5-3724FFF0C73F,One O Clock,PassengerCar,MakingLeftTurn,Not On Roadway,2.5,No,No,2019,KIA,38.9960874,-77.0241238,Niro_Kia,15,2025,8,26,15,Tuesday,2025-08-26,35
386,MCP2864005D,250038125,Montgomery_County_Police,Injury Crash,2025-08-26 11:17:00,Maryland_State_Route,VEIRS MILL RD,SALT DOME,Head-On,Lane Violation,Clear,Dry,Daylight,No Control,None Detected,074BC419-5EAB-402B-8EBB-F861FE171016,MD,57531BEB-F30A-4B29-97B9-A37F6516C817,Eleven O Clock,SportUtilityVehicle,MovingConstantSpeed,Eastbound,35.0,No,No,2017,LEXUS,38.98275046,-77.11380943,RX 350_Lexus,11,2025,8,26,11,Tuesday,2025-08-26,35
387,MCP3320003X,250037761,Montgomery_County_Police,Property Damage Crash,2025-08-23 17:00:00,Maryland_State_Route,GEORGIA AVE,GLEN MILL RD,Head-On,Road Obstruction,Clear,Dry,Daylight,No Control,None Detected,EC6C7ACE-577E-45B5-9161-881D3D84BEBF,MD,BB8F5EF0-A384-466B-B861-6C8B220A5DCB,Eleven O Clock,PassengerCar,Parked,North,2.5,No,Yes,2022,TESLA,39.01044658,-77.04191879,Model 3_Tesla,17,2025,8,23,17,Saturday,2025-08-23,34
389,MCP3339005H,250038181,Montgomery_County_Police,Property Damage Crash,2025-08-26 13:53:00,Spur_Route,MONTGOMERY VILLAGE AVE,RANDOLPH RD (WB/L),Sideswipe (Same Direction),Lane Violation,Clear,Dry,Daylight,Traffic Signal,None Detected,6DBFC89E-B484-4A1F-B0BB-D7FE151D1A29,MD,E4B1C43B-CDA2-4E7B-AEE2-2308BB0DA275,Seven O Clock,SchoolBus,StoppedInTrafficLane,Westbound,35.0,No,No,2021,FORD,39.05953671,-77.06161886,F-150_Ford,13,2025,8,26,13,Tuesday,2025-08-26,35
390,MCP3044008L,250038193,Montgomery_County_Police,Injury Crash,2025-08-26 16:07:00,County_Route,BRIGGS CHANEY RD,GREAT FALLS RD,Rear-End (Same Direction),Congestion / Backup,Clear,Dry,Daylight,Traffic Signal,None Detected,F8A98406-2038-420D-BB3C-FE0E9EEE506E,MD,8F7BFDEC-240E-4436-BBC5-5105C5ECF236,Seven O Clock,SportUtilityVehicle,StoppedInTrafficLane,Northbound,35.0,No,No,2024,FORD,39.08246011,-76.94769075,Explorer_Ford,16,2025,8,26,16,Tuesday,2025-08-26,35
391,MCP29320098,250037670,Montgomery_County_Police,Property Damage Crash,2025-08-23 05:22:00,County_Route,EASTWOOD AVE,RAMP 7 FR RAMP 2 (FR IS495) TO MD 185 SB,Sideswipe (Opposite Direction),Lane Violation,Clear,Dry,Dark - Lighted,No Control,None Detected,6AF8127B-775E-42F1-981E-7879A1ECDB19,MD,B784D2BF-9208-41AD-8411-0691A4252771,Eleven O Clock,SportUtilityVehicle,MovingConstantSpeed,Southbound,25.0,No,No,2019,TOYOTA,39.02699598,-77.01272054,RAV4_Toyota,5,2025,8,23,5,Saturday,2025-08-23,34
392,MCP3190006R,250038766,Montgomery_County_Police,Property Damage Crash,2025-08-29 19:13:00,Maryland_State_Route,GEORGIA AVE,ADCLARE RD,Rear-End (Same Direction),Tailgating,Clear,Dry,Daylight,No Control,None Detected,16F9772A-80A3-4584-9505-639902C63BB4,MD,AA4D497D-39C1-41A1-877B-8F66ED0E4D17,Six O Clock,SportUtilityVehicle,MovingConstantSpeed,Northbound,45.0,No,No,2015,BMW,39.10265116,-77.07671875,X3_BMW,19,2025,8,29,19,Friday,2025-08-29,35
393,MCP25860080,250037739,Montgomery_County_Police,Injury Crash,2025-08-23 16:11:00,Maryland_State_Route,CALVERTON BLVD,HIPSLEY MILL RD,Rear vs Side,Right-of-Way Violation,Clear,Dry,Daylight,Stop Sign,None Detected,15FBFBDB-6B58-42B4-98BA-9B080036ED47,MD,0ECEA01A-8317-4D03-ADE0-13AEE334E32A,Twelve O Clock,SportUtilityVehicle,Accelerating,West,25.0,No,No,2024,TOYOTA,39.25243228,-77.1392241,Corolla Cross_Toyota,16,2025,8,23,16,Saturday,2025-08-23,34
394,MCP34140022,250036708,Montgomery_County_Police,Property Damage Crash,2025-08-17 10:35:00,County_Route,ELLSWORTH DR,VETERANS PL,Angle Collision,Right-of-Way Violation,Clear,Dry,Daylight,Stop Sign,None Detected,17432CE8-24A2-428E-A69A-91149581DD5E,MD,EAF1AE30-33D3-4A76-9E03-3864B0F2E3D7,Seven O Clock,Van - Passenger (&lt;9 Seats),Parked,South,25.0,No,Yes,2021,FORD,38.99788013,-77.02464437,Transit_Ford,10,2025,8,17,10,Sunday,2025-08-17,33
395,MCP2730005C,250035701,Montgomery_County_Police,Property Damage Crash,2025-08-11 07:45:00,County_Route,WISTERIA DR,COLESVILLE RD,Sideswipe (Same Direction),Lane Violation,Clear,Dry,Daylight,No Control,None Detected,1EF6915F-04DB-43AE-870D-932650FF7162,MD,D858A064-9382-4739-9401-15E6EE12B8F8,One O Clock,PassengerCar,MovingConstantSpeed,Northbound,25.0,No,No,2016,NISSAN,39.18208147,-77.27707529,Versa_Nissan,7,2025,8,11,7,Monday,2025-08-11,33
396,MCP33510034,250036040,Montgomery_County_Police,Property Damage Crash,2025-08-13 04:09:00,Spur_Route,ETHAN ALLEN AVE,SPRING ST,Rear-End (Same Direction),Driver Inattention,Clear,Dry,Dark - Lighted,No Control,Suspect Alcohol Only,992B685B-754C-46D1-98EE-2F986819AF2F,MD,A72EE2BA-4045-419B-B4E5-A5B5A02F6612,Twelve O Clock,SportUtilityVehicle,MovingConstantSpeed,Not On Roadway,35.0,No,No,2025,JEEP,38.98792702,-77.02316993,Wrangler_Jeep,4,2025,8,13,4,Wednesday,2025-08-13,33
397,MCP3405000W,250038943,Montgomery_County_Police,Property Damage Crash,2025-08-31 00:51:00,County_Route,CAPITAL BELTWAY,CHARLES RD,Angle Collision,Driver Inattention,Clear,Wet,Dark - Lighted,No Control,Suspect Alcohol Only,5E3E7FBA-6907-45C9-A9F0-B15274FF71AF,MD,F62CBF27-76F0-4852-9E53-ABB745B26C9D,VehicleNotAtScene,SportUtilityVehicle,MakingLeftTurn,Not On Roadway,2.5,No,No,2007,CHEVROLET,39.16983767,-77.26035143,Express_Chevrolet,0,2025,8,31,0,Sunday,2025-08-31,35
398,MCP3408001Q,250037604,Montgomery_County_Police,Injury Crash,2025-08-22 17:54:00,Crossover,CROSSOVER,RAMP 7 FR RP 2 (FR IS495 WB) TO 193 UNIVERSITY BLVD E (WB/L),Angle Collision,Right-of-Way Violation,Clear,Dry,Daylight,Traffic Signal,None Detected,01610A04-35F1-4DDC-8064-86E55A395D32,MD,FDCD9E87-E809-4F70-8F75-942C3925CAEE,Three O Clock,PassengerCar,MovingConstantSpeed,Northbound,35.0,No,No,2017,LEXUS,39.0159105,-77.00545233,IS_Lexus,17,2025,8,22,17,Friday,2025-08-22,34
399,DD5674001T,250038122,Rockville_Police_Department,Property Damage Crash,2025-08-26 11:17:00,County_Route,BONIFANT RD,DALLAS AVE,Rear-End (Same Direction),Driver Inattention,Clear,Dry,Daylight,Traffic Signal,None Detected,0F7D0265-1EF7-427C-8DD9-E766E47857D8,MD,9B6337F5-D02F-4B60-A9C9-75A17C37E99C,VehicleNotAtScene,PassengerCar,Accelerating,Unknown,2.5,No,No,2010,HONDA,39.08997664,-77.15939076,Civic_Honda,11,2025,8,26,11,Tuesday,2025-08-26,35
400,MCP32630056,250038612,Montgomery_County_Police,Property Damage Crash,2025-08-29 07:19:00,Maryland_State_Route,RIVER RD (WB/L),RAMP 5 FR MD 97 SB TO IS 495 EB,Angle Collision,Lane Violation,Clear,Dry,Daylight,No Control,None Detected,52EC76CF-30A7-44BC-9EAE-52202F4C64AD,MD,3B5B2DB3-B22F-42D5-BD10-DA8998231432,One O Clock,OtherTruck,ChangingLanes,Eastbound,35.0,No,No,2018,CHEVROLET,38.96818817,-77.108259,Suburban_Chevrolet,7,2025,8,29,7,Friday,2025-08-29,35
402,MCP299100BP,250035625,Montgomery_County_Police,Property Damage Crash,2025-08-10 15:00:00,Maryland_State_Route,GEORGIA AVE (SB/L),16TH ST,Rear-End (Same Direction),Congestion / Backup,Clear,Dry,Daylight,Traffic Signal,None Detected,0BFEC0C8-6449-4C8F-AE13-EB6C0F9045C1,MD,230E3D64-E4F2-49DD-93EE-715C1166D370,Six O Clock,SportUtilityVehicle,SlowingOrStopping,Southbound,35.0,No,No,2016,TOYOTA,39.12662994,-77.0723257,RAV4_Toyota,15,2025,8,10,15,Sunday,2025-08-10,32
403,MCP1534001L,250036915,Montgomery_County_Police,Property Damage Crash,2025-08-18 14:05:00,Maryland_State_Route,SHADY GROVE RD (SB/L),GUNNERS BRANCH RD,Single Vehicle,Backing Error,Clear,Dry,Daylight,Stop Sign,None Detected,5D58CA6B-BEC6-4417-A343-D615027D8017,MD,48454135-356E-409F-AA32-C4D56DE7CBED,Six O Clock,PassengerCar,Backing,Not On Roadway,2.5,No,No,2016,FORD,39.2846822,-77.20227158,Taurus_Ford,14,2025,8,18,14,Monday,2025-08-18,34
404,MCP2864005D,250038125,Montgomery_County_Police,Injury Crash,2025-08-26 11:17:00,Maryland_State_Route,KEY WEST AVE,SHADY GROVE RD,Head-On,Lane Violation,Clear,Dry,Daylight,No Control,None Detected,6C02C984-07A3-48CB-8796-1CC109333F27,MD,FFA228EA-12C2-4617-9058-89B3BE8C1587,Twelve O Clock,SportUtilityVehicle,MovingConstantSpeed,Westbound,35.0,No,No,2024,VOLVO,38.98275046,-77.11380943,XC90_Volvo,11,2025,8,26,11,Tuesday,2025-08-26,35
405,MCP3271005Q,250037746,Montgomery_County_Police,Property Damage Crash,2025-08-23 16:00:00,Interstate_Route,CAPITAL BELTWAY,MCCAULEY ST,Rear-End (Same Direction),Tailgating,Clear,Dry,Daylight,No Control,None Detected,68C2FD11-72E5-4419-AF8D-51106B6D1C94,MD,E4B85A7A-F4F7-4C3D-90F1-D8B051715B3E,Twelve O Clock,PassengerCar,StoppedInTrafficLane,Northbound,55.0,No,No,2016,HONDA,39.00894263,-77.08829267,Civic_Honda,16,2025,8,23,16,Saturday,2025-08-23,34
406,MCP3407001F,250037852,Montgomery_County_Police,Property Damage Crash,2025-08-24 14:58:00,County_Route,MIDDLEBROOK RD,EXIT #13,Angle Collision,Road Obstruction,Clear,Dry,Daylight,No Control,None Detected,75B8E144-FA03-426C-B4E5-3AB2CF89FCFF,MD,22084C74-D4B9-499D-B001-24CE7608EBF0,Twelve O Clock,PassengerCar,MovingConstantSpeed,Eastbound,40.0,No,No,2009,NISSAN,39.17946852,-77.2402262,Altima_Nissan,14,2025,8,24,14,Sunday,2025-08-24,34
407,MCP2603006W,250038634,Montgomery_County_Police,Property Damage Crash,2025-08-29 10:12:00,Maryland_State_Route,VEIRS MILL RD,MUNCASTER RD REDLAND RD,Angle Collision,Right-of-Way Violation,Clear,Dry,Daylight,Traffic Signal,None Detected,A55D2C19-4930-489A-B183-FB8C24EE127B,MD,45DAFEFD-C01C-4132-B688-491AE64E63B6,Twelve O Clock,Van - Passenger (&lt;9 Seats),MakingLeftTurn,Southbound,35.0,No,No,2015,FORD,39.14562194,-77.14395048,Transit_Ford,10,2025,8,29,10,Friday,2025-08-29,35
408,MCP31380087,250038693,Montgomery_County_Police,Property Damage Crash,2025-08-29 14:08:00,Maryland_State_Route,GEORGIA AVE,BALTIMORE RD,Rear-End (Same Direction),Tailgating,Clear,Dry,Daylight,No Control,None Detected,D72D2BE8-36F7-4D4C-9756-C9BE98528729,MD,90AAFEAA-FE58-4585-A0B3-B68CFCE5986F,Twelve O Clock,PassengerCar,MovingConstantSpeed,Northbound,35.0,No,No,2002,CHEVROLET,39.05565045,-77.04991804,Silverado_Chevrolet,14,2025,8,29,14,Friday,2025-08-29,35
409,MCP3407001F,250037852,Montgomery_County_Police,Property Damage Crash,2025-08-24 14:58:00,County_Route,MIDDLEBROOK RD,SUMMER SWEET TERR,Angle Collision,Right-of-Way Violation,Clear,Dry,Daylight,Stop Sign,None Detected,91D673D8-9CFD-44CA-A178-E8CEA9F103A6,MD,CAE9E55E-9AEE-4F9C-B7CA-1434F48759E2,Ten O Clock,PassengerCar,MakingLeftTurn,Not On Roadway,40.0,No,No,2017,TOYOTA,39.17946852,-77.2402262,Sienna_Toyota,14,2025,8,24,14,Sunday,2025-08-24,34
410,MCP3322003Z,250038058,Montgomery_County_Police,Injury Crash,2025-08-25 20:35:00,Maryland_State_Route,GEORGIA AVE (SB/L),MATENY RD,Rear-End (Same Direction),Tailgating,Clear,Dry,Dark - Lighted,No Control,None Detected,5F7953F7-145D-4E9C-850E-1A769BA59908,MD,E5EC7926-1578-4237-B575-4A5A6A9A7D2C,Twelve O Clock,Motorcycle2Wheeled,MovingConstantSpeed,Northbound,45.0,No,No,2019,TOYOTA,39.09068683,-77.08010117,Tundra_Toyota,20,2025,8,25,20,Monday,2025-08-25,35