Unnamed: 0,Report Number,Local Case Number,Agency Name,ACRS Report Type,Crash Date/Time,Route Type,Road Name,Cross-Street Name,Collision Type,Circumstance_Category,Weather,Surface Condition,Light,Traffic Control,Driver Substance Abuse,Person ID,Drivers License State,Vehicle ID,Vehicle First Impact Location,Vehicle Body Type,Vehicle Movement,Vehicle Going Dir,Speed Limit,Driverless Vehicle,Parked Vehicle,Vehicle Year,Vehicle Make,Latitude,Longitude,Vehicle Model,hour,Crash_year,Crash_month,Crash_day,Crash_hour,Crash_day_name,Crash_date,Crash_week
411,DD5538005N,250038534,Rockville_Police_Department,Property Damage Crash,2025-08-28 16:29:00,County_Route,FREDERICK RD,RAMP 6 FR MIDDLEBROOK RD EB TO IS 270 SB,Rear vs Side,Backing Error,Clear,Slush,Daylight,No Control,None Detected,72F44BE7-9604-4604-AD7E-D4266195955A,MD,EAA1D574-EAB4-4A58-976D-671E4167ABC9,Seven O Clock,PassengerCar,Backing,Not On Roadway,2.5,No,No,2024,SUBARU,39.07545361,-77.1379488,Crosstrek_Subaru,16,2025,8,28,16,Thursday,2025-08-28,35
412,MCP3329004M,250038728,Montgomery_County_Police,Property Damage Crash,2025-08-29 16:51:00,County_Route,INDUSTRIAL PKWY,GEORGIA AVE (SB/L) METRORAIL TRACK B2 RAIL,Angle Collision,Lane Violation,Clear,Dry,Daylight,No Control,None Detected,62A04811-7688-423F-A130-0ACA59102E3A,MD,9B061DAE-BFFA-456A-8D39-42F2D064F89E,Eleven O Clock,PassengerCar,ChangingLanes,Eastbound,25.0,No,No,2023,HONDA,39.05359316,-76.96862777,Civic_Honda,16,2025,8,29,16,Friday,2025-08-29,35
413,MCP20000028,250038795,Montgomery_County_Police,Property Damage Crash,2025-08-29 23:28:00,County_Route,SYCAMORE FARM DR,WOODFIELD RD,Rear-End (Same Direction),Tailgating,Clear,Dry,Dark - Lighted,No Control,None Detected,E23F9EF7-6F43-4E40-97F5-025D4198561D,MD,463743A0-7D9D-435D-8E26-6322A0143CA4,One O Clock,PassengerCar,MovingConstantSpeed,Eastbound,30.0,No,No,2001,LEXUS,39.23196103,-77.25485611,ES_Lexus,23,2025,8,29,23,Friday,2025-08-29,35
414,EJ7870007Q,250038378,Gaithersburg_Police_Department,Injury Crash,2025-08-27 16:35:00,Crossover,WISCONSIN AVE,BUREAU DR (SB/L),Angle Collision,Right-of-Way Violation,Clear,Dry,Daylight,No Control,None Detected,C490A1D4-D782-4634-9469-F85039FFCFE7,DC,6B4386D6-223E-4A25-B60D-C0CA84AE464C,Twelve O Clock,PickupTruck,MovingConstantSpeed,Southbound,25.0,No,No,2015,GMC,39.14303729,-77.21725004,Sierra_GMC,16,2025,8,27,16,Wednesday,2025-08-27,35
415,DD5674001R,250037920,Rockville_Police_Department,Property Damage Crash,2025-08-25 07:09:00,County_Route,CRABBS BRANCH WAY,SUNDOWN RD,Rear-End (Same Direction),Tailgating,Clear,Dry,Daylight,No Control,None Detected,B4035186-658B-4817-BAFE-A0A31DCEBB3B,MD,810FDABE-A315-41C5-86A4-6F10D95B9A3C,Six O Clock,PickupTruck,SlowingOrStopping,Westbound,25.0,No,No,2022,CHEVROLET,39.09185006,-77.19443972,Colorado_Chevrolet,7,2025,8,25,7,Monday,2025-08-25,35
416,MCP285300BD,250036787,Montgomery_County_Police,Property Damage Crash,2025-08-17 19:44:00,Maryland_State_Route,UNIVERSITY BLVD E (WB/L),GREAT SENECA HWY,Single Vehicle,Speed Related,Rain,Wet,Dark - Lighted,Traffic Signal,None Detected,D97B2599-6885-444C-A53A-B0661EA8AD28,MD,8D8E4FAF-D525-45F8-A921-5095ADECB2AD,Twelve O Clock,PickupTruck,MovingConstantSpeed,Westbound,35.0,No,No,1999,FORD,39.01613233,-77.00546767,F-250_Ford,19,2025,8,17,19,Sunday,2025-08-17,33
417,MCP3438000Y,250037461,Montgomery_County_Police,Property Damage Crash,2025-08-21 22:51:00,Ramp_Route,RAMP 3 FR RAMP 6 (FR IS495) TO MD 187 NB,OLD GEORGETOWN RD RAMP 5 FR MD 187 SB TO RAMP 4 (TO IS495),Head-On,Right-of-Way Violation,Clear,Dry,Dark - Lighted,Traffic Signal,None Detected,EBD4D6CE-48B1-4439-983A-AA77CAF97BAC,MD,DF782F22-1367-4861-BF58-7FB5224A708A,Eleven O Clock,PassengerCar,MovingConstantSpeed,North,35.0,No,No,2023,HONDA,39.01519995,-77.11874549,Civic_Honda,22,2025,8,21,22,Thursday,2025-08-21,34
418,MCP1534001M,250038474,Montgomery_County_Police,Property Damage Crash,2025-08-28 10:56:00,County_Route,ZION RD,FALLSMEAD WAY,Angle Collision,Right-of-Way Violation,Clear,Dry,Daylight,No Control,None Detected,4385C7EA-8E5A-412C-9C22-A440F9F13F39,MD,54E8C647-2F52-423F-8D76-970C2DC45546,Twelve O Clock,PassengerCar,MakingLeftTurn,South,2.5,No,No,2022,HONDA,39.18232288,-77.10051058,Civic_Honda,10,2025,8,28,10,Thursday,2025-08-28,35
419,MCP2291008Y,250038891,Montgomery_County_Police,Injury Crash,2025-08-30 18:05:00,Maryland_State_Route,ROCKVILLE PIKE,COZY CT,Rear-End (Same Direction),Tailgating,Clear,Dry,Daylight,No Control,None Detected,F8860D44-E3B2-449E-B8AC-BF44FBF2E777,MD,A25FCA69-E515-4841-94FD-2C40F1D31F41,Six O Clock,SportUtilityVehicle,SlowingOrStopping,Northbound,35.0,No,No,2013,HONDA,39.03132767,-77.10537133,Odyssey_Honda,18,2025,8,30,18,Saturday,2025-08-30,35
420,MCP20160090,250038661,Montgomery_County_Police,Property Damage Crash,2025-08-29 12:23:00,Municipality_Route,RIDGEMONT AVE (EB/L),FREDERICK RD,Angle Collision,Right-of-Way Violation,Clear,Dry,Daylight,Traffic Signal,None Detected,69A2C51B-D63E-49F0-9646-FCF2A79AAB83,MD,E5FFC362-0704-440E-B945-75C2583DC103,Twelve O Clock,PassengerCar,MakingLeftTurn,Southbound,40.0,No,No,2006,FORD,39.11912917,-77.17177767,F-150_Ford,12,2025,8,29,12,Friday,2025-08-29,35
421,MCP312900DB,250037279,Montgomery_County_Police,Injury Crash,2025-08-20 20:00:00,Maryland_State_Route,UNIVERSITY BLVD W,DEMOCRACY BLVD,Rear-End (Same Direction),Driver Inattention,Clear,Dry,Dark - Lighted,No Control,None Detected,869A7B87-6F0E-45A4-9A30-CD8B3CD85BE7,MD,EFA9C0F3-F8A1-4D5B-9A3D-963B5F29D9EA,Six O Clock,PassengerCar,SlowingOrStopping,Eastbound,35.0,No,No,2015,HONDA,39.03546349,-77.02586829,Fit_Honda,20,2025,8,20,20,Wednesday,2025-08-20,34
422,MCP3386003C,250038517,Montgomery_County_Police,Property Damage Crash,2025-08-28 15:11:00,Maryland_State_Route,OLD GEORGETOWN RD,DEMOCRACY BLVD,Rear-End (Same Direction),Congestion / Backup,Clear,Dry,Daylight,Traffic Signal,None Detected,93841BCD-3D9A-4C46-9C0F-224532527C69,DC,42BA4B69-F586-42F6-AE45-A502C4B94328,Seven O Clock,TransitBus,StoppedInTrafficLane,Northbound,25.0,No,No,2016,FORD,38.98575067,-77.0958575,F-150_Ford,15,2025,8,28,15,Thursday,2025-08-28,35
423,MCP93180046,250038523,Montgomery_County_Police,Property Damage Crash,2025-08-28 16:01:00,County_Route,MANCHESTER RD,WALDORF DR WYNNFIELD DR,Other,Driver Inattention,Clear,Wet,Daylight,No Control,None Detected,D9D6E08E-81F7-4192-90CC-91F6E82EA174,MD,2DFDF0D0-A361-46CF-8363-0C6956AA7BB4,VehicleNotAtScene,PassengerCar,Accelerating,Westbound,2.5,No,No,2006,TOYOTA,39.02046998,-77.01355353,Camry_Toyota,16,2025,8,28,16,Thursday,2025-08-28,35
424,MCP3290004C,250036597,Montgomery_County_Police,Injury Crash,2025-08-16 13:48:00,Maryland_State_Route,UNIVERSITY BLVD E,MERRIMAC DR,Rear-End (Same Direction),Tailgating,Clear,Dry,Daylight,Traffic Signal,None Detected,60F39B64-E970-48D4-9A8C-4F57C3373BDB,MD,6FD8A75A-B0E6-48AE-B911-EDE3F60E0682,VehicleNotAtScene,PassengerCar,SlowingOrStopping,South,35.0,No,No,2023,TOYOTA,38.99267505,-76.99157187,Camry_Toyota,13,2025,8,16,13,Saturday,2025-08-16,33
425,MCP3374003G,250038501,Montgomery_County_Police,Property Damage Crash,2025-08-16 17:00:00,Local_Route,PARKING LOT CUT THRU CUT,MARLBORO DR,Single Vehicle,Weather Related,Clear,Wet,Daylight,No Control,None Detected,987B7EAC-3832-4340-810F-A9CD5C7BA3B7,MD,7473B7FE-4354-4CD2-B1B2-BA31FE6A568C,VehicleNotAtScene,PassengerCar,MovingConstantSpeed,North,10.0,No,No,2020,NISSAN,38.99110847,-77.15234883,Rogue_Nissan,17,2025,8,16,17,Saturday,2025-08-16,33
426,MCP3280007C,250038827,Montgomery_County_Police,Injury Crash,2025-08-30 09:35:00,County_Route,CALVERTON BLVD,BROADBIRCH DR                 CHERRY HILL RD,Rear-End (Same Direction),Tailgating,Clear,Dry,Daylight,Traffic Signal,Combined Substance Contributed,5981D134-1A7D-400F-9BE8-1C957F4B5D35,MD,0F27B584-8EF2-4409-ADC1-424D5B35A1E6,VehicleNotAtScene,PassengerCar,SlowingOrStopping,Eastbound,30.0,No,No,2017,INFINITI,39.05606641,-76.95426711,Q50_Infiniti,9,2025,8,30,9,Saturday,2025-08-30,35
427,MCP3426002F,250037564,Montgomery_County_Police,Property Damage Crash,2025-08-22 13:50:00,Maryland_State_Route,KNOWLES AVE,SUMMIT AVE,Rear-End (Same Direction),Tailgating,Clear,Dry,Daylight,Traffic Signal,None Detected,624573C7-7F79-4348-BF1F-BC1C50450F0A,MD,AE97BBD0-87E9-49AD-824C-5A90AF6DFA5A,Twelve O Clock,PassengerCar,MovingConstantSpeed,Northbound,30.0,No,No,2022,FORD,39.02776889,-77.07959189,Explorer_Ford,13,2025,8,22,13,Friday,2025-08-22,34
428,MCP32080073,250036965,Montgomery_County_Police,Property Damage Crash,2025-08-18 21:29:00,Maryland_State_Route,UNIVERSITY BLVD E (WB/L),ENNALLS AVE,Sideswipe (Same Direction),Lane Violation,Clear,Dry,Dark - Lighted,No Control,None Detected,DC1FF813-FB0C-4282-8212-54F03DEED0AF,MD,94367C82-1637-49F5-8B9C-017D34EABC92,VehicleNotAtScene,SportUtilityVehicle,MovingConstantSpeed,Westbound,35.0,No,No,2025,GMC,39.01166916,-77.00218464,Yukon_GMC,21,2025,8,18,21,Monday,2025-08-18,34
429,MCP3358003F,250038823,Montgomery_County_Police,Property Damage Crash,2025-08-30 08:48:00,Maryland_State_Route,ROCKVILLE PIKE,FREDERICK RD,Angle Collision,Road Obstruction,Clear,Dry,Daylight,No Control,None Detected,634778A6-70A3-4846-BBFB-319AC3DFB87E,MD,E24D517E-9F60-4564-845B-CBD7492BF69C,Eight O Clock,PassengerCar,SlowingOrStopping,Northbound,35.0,No,No,2017,TOYOTA,39.02295614,-77.10282033,Corolla_Toyota,8,2025,8,30,8,Saturday,2025-08-30,35
430,MCP31630094,250038889,Montgomery_County_Police,Property Damage Crash,2025-08-30 17:45:00,Maryland_State_Route,ROCKVILLE PIKE (SB/L),EDSON LA,Sideswipe (Same Direction),Congestion / Backup,Clear,Dry,Daylight,Traffic Signal,None Detected,C28F0A81-BA30-4CAF-A70A-0D18401F3A64,MD,03BB7EDA-7330-482B-A39E-7EAAD15D1D64,Ten O Clock,PassengerCar,MovingConstantSpeed,North,35.0,No,No,2025,NISSAN,39.04035358,-77.10961244,Altima_Nissan,17,2025,8,30,17,Saturday,2025-08-30,35
431,MCP3123008D,250038862,Montgomery_County_Police,Property Damage Crash,2025-08-30 14:21:00,Maryland_State_Route,GEORGIA AVE (SB/L),RITCHIE AVE,Angle Collision,Driver Inattention,Clear,Dry,Daylight,No Control,None Detected,7455DB74-8BF4-4B11-A23F-E762F7B39077,MD,408B5BA9-C950-4943-9E16-A5E8C0C66B7B,VehicleNotAtScene,SportUtilityVehicle,Passing,Southbound,30.0,No,No,2012,JEEP,39.02752217,-77.04694705,Grand Cherokee_Jeep,14,2025,8,30,14,Saturday,2025-08-30,35
432,MCP3397001C,250038364,Montgomery_County_Police,Injury Crash,2025-08-26 12:00:00,Bicycle_Route,COLUMBIA PIKE,GREENCASTLE RD,Rear-End (Same Direction),Congestion / Backup,Clear,Dry,Daylight,Yield Sign,None Detected,534CDCFF-4335-4D36-91B7-920BC6CA9AFB,MD,AB9457B8-679E-4AF2-90AB-406CDDFE5E72,Twelve O Clock,SportUtilityVehicle,MovingConstantSpeed,Unknown,30.0,No,No,2013,TOYOTA,39.14232469,-77.22079573,Tundra_Toyota,12,2025,8,26,12,Tuesday,2025-08-26,35
433,MCP283200C1,250038614,Montgomery_County_Police,Property Damage Crash,2025-08-29 08:21:00,Maryland_State_Route,EAST WEST HWY (WB/L),FREDERICK RD,Sideswipe (Same Direction),Lane Violation,Clear,Dry,Daylight,No Control,None Detected,3C6F0174-9A57-4B58-B29C-9B297E5E4203,MD,400C7441-DD95-45AF-913C-82B0883FA0B6,Seven O Clock,TransitBus,ChangingLanes,Westbound,25.0,No,No,2022,TOYOTA,38.98475897,-77.093755,Camry_Toyota,8,2025,8,29,8,Friday,2025-08-29,35
434,MCP3374003F,250038477,Montgomery_County_Police,Injury Crash,2025-08-28 11:49:00,County_Route,W CEDAR LA,RIVER RD,Sideswipe (Same Direction),Lane Violation,Clear,Dry,Daylight,No Control,None Detected,E0A7362A-8D50-4326-B736-70588AF50F8B,MD,BDF56444-5E4C-40F4-AEBF-1FC813D68156,Ten O Clock,PassengerCar,Backing,Unknown,35.0,No,No,2009,TOYOTA,39.0048495,-77.10750617,Camry_Toyota,11,2025,8,28,11,Thursday,2025-08-28,35
435,MCP2662003J,250038263,Montgomery_County_Police,Property Damage Crash,2025-08-26 22:25:00,County_Route,SNOWDEN FARM PKWY,WINDING WOODS WAY,Single Vehicle,Lane Violation,Clear,Dry,Dark - Lighted,No Control,None Detected,F7341472-704B-4DEA-952B-9F70784E0DC7,MD,F8574D1D-7706-42BE-8A87-B965735962E5,Twelve O Clock,PassengerCar,MovingConstantSpeed,Southbound,30.0,No,No,2014,MERCEDES-BENZ,39.22594743,-77.2473807,CLA_Mercedes-Benz,22,2025,8,26,22,Tuesday,2025-08-26,35
436,MCP33870036,250037941,Montgomery_County_Police,Injury Crash,2025-08-25 10:40:00,County_Route,BROADBIRCH DR,ELKIN ST,Sideswipe (Same Direction),Right-of-Way Violation,Clear,Dry,Daylight,No Control,None Detected,49C9A5AE-9445-4DE2-A564-855B6B1DA316,MD,18897605-B1EA-4C2C-9C32-47AB1F9BA99D,Eleven O Clock,PassengerCar,EnteringTrafficLane,Northbound,35.0,No,No,2022,CHEVROLET,39.0556476,-76.95591644,Silverado_Chevrolet,10,2025,8,25,10,Monday,2025-08-25,35
437,MCP06170073,250038278,Montgomery_County_Police,Injury Crash,2025-08-27 06:11:00,County_Route,GLENALLAN AVE (WB/L),LAYHILL RD,Angle Collision,Passing / Turning,Clear,Dry,Daylight,No Control,None Detected,DAD5BB91-ECFB-4784-8598-F5C6CB06468B,MD,6F934E3F-9234-4C19-A7AC-C53B6C567280,Nine O Clock,SportUtilityVehicle,MakingUTurn,Westbound,30.0,No,No,2017,HONDA,39.06315636,-77.05015019,Civic_Honda,6,2025,8,27,6,Wednesday,2025-08-27,35
438,MCP219800HQ,250038215,Montgomery_County_Police,Property Damage Crash,2025-08-26 17:42:00,Interstate_Route,EISENHOWER MEMORIAL HWY (SB/L),KENTLANDS BLVD (NB/L),Rear-End (Same Direction),Congestion / Backup,Clear,Dry,Daylight,No Control,None Detected,56481CA5-30D9-4F19-B1F7-209A62C2586E,MD,555D1CBC-B13F-46CF-8D41-8A674118E78A,Six O Clock,PassengerCar,SlowingOrStopping,South,55.0,No,No,2018,TOYOTA,39.14127317,-77.21299917,Camry_Toyota,17,2025,8,26,17,Tuesday,2025-08-26,35
439,MCP289200HZ,250038370,Montgomery_County_Police,Property Damage Crash,2025-08-27 15:58:00,County_Route,COLUMBIA BLVD (NB/L),GLENVILLE RD,Angle Collision,Right-of-Way Violation,Clear,Dry,Daylight,No Control,None Detected,CC1DC8F0-6207-4905-84E8-8223ECC4E99E,MD,D3534076-F36F-44E4-ACCE-2BD496451048,Twelve O Clock,PassengerCar,MakingRightTurn,Not On Roadway,30.0,No,No,2025,FORD,39.00872667,-77.03976713,Mustang_Ford,15,2025,8,27,15,Wednesday,2025-08-27,35
440,DD5686000T,250037578,Rockville_Police_Department,Injury Crash,2025-08-22 16:38:00,Municipality_Route,WOOTTON PKWY,HOUSTON ST,Rear-End (Same Direction),Tailgating,Clear,Dry,Daylight,Other,None Detected,DAB70406-A1D4-479E-A24E-74BCC1408E76,MD,1464884E-8D86-4732-A492-ECCE027D3332,Six O Clock,PassengerCar,SlowingOrStopping,Southbound,25.0,No,No,2021,LEXUS,39.0868479,-77.1893619,RX 350_Lexus,16,2025,8,22,16,Friday,2025-08-22,34
441,MCP31620065,250038845,Montgomery_County_Police,Property Damage Crash,2025-08-30 12:30:00,Maryland_State_Route,GEORGIA AVE,BLOOM DR,Rear-End (Same Direction),Congestion / Backup,Clear,Dry,Daylight,No Control,None Detected,28F1F4A8-7E1A-48C8-9697-5E7AC6D3C9E2,DC,10D3F314-2AB2-415A-9214-059B5E336983,Six O Clock,PassengerCar,StoppedInTrafficLane,Northbound,35.0,No,No,2011,TOYOTA,39.00980314,-77.04060535,Avalon_Toyota,12,2025,8,30,12,Saturday,2025-08-30,35
442,MCP32550077,250037977,Montgomery_County_Police,Injury Crash,2025-08-25 13:45:00,Maryland_State_Route,W MONTGOMERY AVE (WB/L),VALLEY VIEW AVE,Rear-End (Same Direction),Congestion / Backup,Clear,Dry,Daylight,Traffic Signal,None Detected,16F7474F-F5D1-4C08-8EAA-868AACF02C1D,MD,0BAF6D73-43CC-49E7-AF84-6CD2F7AA9283,Seven O Clock,PassengerCar,StoppedInTrafficLane,Northbound,40.0,No,No,2010,SUBARU,39.1031745,-77.18996517,Forester_Subaru,13,2025,8,25,13,Monday,2025-08-25,35
443,MCP2016008Z,250038345,Montgomery_County_Police,Property Damage Crash,2025-08-27 12:55:00,Municipality_Route,CHAPMAN AVE,FOREMAN BLVD,Sideswipe (Same Direction),Lane Violation,Clear,Dry,Daylight,Traffic Signal,None Detected,08BD9D09-80FF-4DBB-AAAF-80F4C36DB88D,MD,52BC3A4F-70D1-40A2-9287-0DC6585A6679,One O Clock,PassengerCar,MovingConstantSpeed,Westbound,35.0,No,No,2022,BMW,39.05866059,-77.11885829,X5_BMW,12,2025,8,27,12,Wednesday,2025-08-27,35
444,MCP31630092,250037948,Montgomery_County_Police,Property Damage Crash,2025-08-25 11:11:00,Local_Route,SHIELDS DR,OLD GEORGETOWN RD (SB/L),Rear-End (Same Direction),Right-of-Way Violation,Clear,Dry,Daylight,No Control,None Detected,34249566-7A34-4446-AA71-DF260711F124,MD,9334C868-6382-420F-BD7B-9C1CB24D6AD3,Six O Clock,PassengerCar,MakingRightTurn,Southbound,35.0,No,No,2017,MERCEDES-BENZ,39.00686414,-77.11205551,C-Class_Mercedes-Benz,11,2025,8,25,11,Monday,2025-08-25,35
445,MCP27560072,25003831,Montgomery_County_Police,Injury Crash,2025-08-27 17:02:00,Maryland_State_Route,GEORGIA AVE (SB/L),SIOUX LA,Single Vehicle,Lane Violation,Clear,Dry,Daylight,No Control,None Detected,2AFD265C-EC9E-4ABF-A4B2-AD0EDAFBA841,MD,4C90F8DE-BDC7-44E0-A7E3-B6B4EEB30A9F,Twelve O Clock,PassengerCar,MovingConstantSpeed,Southbound,35.0,No,No,2008,HYUNDAI,39.02701719,-77.04685988,Azera_Hyundai,17,2025,8,27,17,Wednesday,2025-08-27,35
446,MCP3232006W,250037244,Montgomery_County_Police,Injury Crash,2025-08-20 16:21:00,County_Route,BROOKEVILLE RD,SENTINEL RD,Other,Lane Violation,Clear,Dry,Daylight,No Control,None Detected,AD55947B-77A4-45EF-9BB4-E476CF63AE47,MD,846D6FB7-D8FC-412A-9D46-85F53FA2C507,Eleven O Clock,PassengerCar,MovingConstantSpeed,Southbound,35.0,No,No,2014,FORD,39.18113907,-77.06333178,Focus_Ford,16,2025,8,20,16,Wednesday,2025-08-20,34
447,MCP3313002S,250038797,Montgomery_County_Police,Injury Crash,2025-08-29 23:33:00,Maryland_State_Route,CONNECTICUT AVE (SB/L),COLESVILLE ROAD,Rear-End (Same Direction),Driver Inattention,Clear,Dry,Dark - Lighted,Traffic Signal,Suspect Alcohol Only,417F9737-0A48-41E2-9DCD-3906E2732325,MD,6F4EF08F-E6D7-4175-882F-6C2383BF639D,Twelve O Clock,PassengerCar,MovingConstantSpeed,Westbound,35.0,No,No,1997,BMW,39.07805259,-77.08098325,3 Series_BMW,23,2025,8,29,23,Friday,2025-08-29,35
448,MCP34010028,250035251,Montgomery_County_Police,Property Damage Crash,2025-08-07 20:27:00,County_Route,GRACEFIELD RD,ROCKVILLE PIKE,Rear-End (Same Direction),Tailgating,Clear,Dry,Dark - Not Lighted,No Control,None Detected,210E5EC7-B4A0-46D2-A2FE-B2D7F197DE3F,MD,CE3AF4B3-D106-4020-A26C-50B5834DA750,VehicleNotAtScene,PassengerCar,MovingConstantSpeed,Northbound,25.0,No,No,2008,BUICK,39.055284,-76.95038767,Encore_Buick,20,2025,8,7,20,Thursday,2025-08-07,32
449,MCP31380088,250038818,Montgomery_County_Police,Property Damage Crash,2025-08-30 07:07:00,Maryland_State_Route,BURLINGTON AVE,HUNTERS LA,Other,Backing Error,Clear,Dry,Daylight,No Control,Alcohol Contributed,85360007-119E-4E0D-AB5E-28E1638DD6F5,MD,28E34E2E-33C6-4C45-8640-BE0F34AC9FD2,VehicleNotAtScene,PassengerCar,Backing,Westbound,2.5,No,No,2012,HYUNDAI,39.05276875,-77.075361,Elantra_Hyundai,7,2025,8,30,7,Saturday,2025-08-30,35
450,MCP2160003J,250038516,Montgomery_County_Police,Property Damage Crash,2025-08-28 15:12:00,County_Route,CONNECTICUT AVE (SB/L),CEDAR AVE,Rear-End (Same Direction),Backing Error,Clear,Dry,Daylight,Traffic Signal,None Detected,FBC3DB1C-9DFE-45CC-AFD6-1D6809CD3B5C,MD,FD2F8C1F-8EAE-4A68-8701-46AAE63B860E,Seven O Clock,SportUtilityVehicle,Backing,Northbound,35.0,No,No,2021,FORD,39.18976,-77.185262,Explorer_Ford,15,2025,8,28,15,Thursday,2025-08-28,35
451,MCP31380084,250037919,Montgomery_County_Police,Injury Crash,2025-08-25 06:54:00,County_Route,BARBARA RD,COLIE DR,Rear-End (Same Direction),Lane Violation,Clear,Dry,Daylight,No Control,None Detected,339E49C2-5615-4113-BED3-961DE6AAC76C,MD,BCAF2FCB-0729-4315-8FA7-601CB3041C63,Twelve O Clock,PassengerCar,MovingConstantSpeed,Southbound,25.0,No,No,2004,TOYOTA,39.05823303,-77.08199924,Sienna_Toyota,6,2025,8,25,6,Monday,2025-08-25,35
452,MCP29310089,250038001,Montgomery_County_Police,Injury Crash,2025-08-25 15:29:00,Maryland_State_Route,FREDERICK RD (SB/L),LAKELANDS DR,Rear vs Side,Traffic Control Violation,Clear,Dry,Daylight,Traffic Signal,None Detected,1BE894ED-AF5D-42E4-9A75-64E3A4803C7C,MD,65E503D7-CB3E-4345-982B-FA3FBD3D6310,One O Clock,PassengerCar,MovingConstantSpeed,South,40.0,No,No,2016,BMW,39.10943827,-77.16022467,5 Series_BMW,15,2025,8,25,15,Monday,2025-08-25,35
453,MCP2739004D,250038064,Montgomery_County_Police,Injury Crash,2025-08-25 21:29:00,Maryland_State_Route,WOODFIELD RD,MAIN ST,Sideswipe (Same Direction),Lane Violation,Clear,Dry,Dark - Lighted,Traffic Signal,Suspect Alcohol + Drug,A5795878-7A4E-4E65-976B-E29A2311E9F2,MD,227A0FE2-90FD-4A8F-B925-5F064647407B,Eleven O Clock,PassengerCar,MovingConstantSpeed,Southbound,35.0,No,No,2011,FORD,39.28754284,-77.20168507,Mustang_Ford,21,2025,8,25,21,Monday,2025-08-25,35
454,MCP33870036,250037941,Montgomery_County_Police,Injury Crash,2025-08-25 10:40:00,County_Route,BROADBIRCH DR,UNIVERSITY BLVD E,Sideswipe (Same Direction),Right-of-Way Violation,Clear,Dry,Daylight,No Control,None Detected,87270855-3730-4B65-AAA7-9D4FD086EED8,MD,A41F024F-5919-405E-B938-BEA9EE45901F,Five O Clock,PassengerCar,EnteringTrafficLane,Not On Roadway,35.0,No,No,2022,HONDA,39.0556476,-76.95591644,Civic_Honda,10,2025,8,25,10,Monday,2025-08-25,35
455,MCP3094006H,250038738,Montgomery_County_Police,Property Damage Crash,2025-08-29 17:34:00,Maryland_State_Route,MUNCASTER MILL RD,SHADY GROVE RD (SB/L),Rear-End (Same Direction),Tailgating,Clear,Dry,Daylight,Traffic Signal,None Detected,49D9309C-9D71-4044-845C-78FB89D1079D,MD,46B0332F-F4BF-4ECD-9FB8-D753471613DD,Twelve O Clock,PickupTruck,MovingConstantSpeed,Southbound,35.0,No,No,2016,HYUNDAI,39.14884092,-77.14719008,Elantra_Hyundai,17,2025,8,29,17,Friday,2025-08-29,35
456,MCP94190063,250038452,Montgomery_County_Police,Injury Crash,2025-08-28 08:53:00,Maryland_State_Route,FREDERICK RD (SB/L),BRINK RD,Rear-End (Same Direction),Tailgating,Clear,Dry,Daylight,Traffic Signal,None Detected,A7C24EFD-6447-495E-8234-61C911690F1A,MD,B8029F38-0BF5-46BA-8C79-1BB5628812ED,Six O Clock,PassengerCar,SlowingOrStopping,Southbound,40.0,No,No,2025,HONDA,39.12328752,-77.17886132,Civic_Honda,8,2025,8,28,8,Thursday,2025-08-28,35
457,MCP320000GH,250037697,Montgomery_County_Police,Injury Crash,2025-08-23 10:28:00,County_Route,S GLEN RD,GLEN RD,Single Vehicle,Right-of-Way Violation,Clear,Dry,Daylight,No Control,None Detected,58943E23-0D56-4192-AA99-5EAC4DDD8977,MD,00E48E8A-471F-483A-B178-11AA303D5AA3,Twelve O Clock,PassengerCar,MakingLeftTurn,Southbound,30.0,No,No,2012,HYUNDAI,39.04591437,-77.21718449,Sonata_Hyundai,10,2025,8,23,10,Saturday,2025-08-23,34
458,MCP27980071,250038748,Montgomery_County_Police,Property Damage Crash,2025-08-29 18:20:00,County_Route,LOG HOUSE RD,SPUR FR MD 124,Single Vehicle,Lane Violation,Clear,Dry,Daylight,No Control,None Detected,9EE7CC13-4813-475A-B690-67928C9D3851,MD,BFDE484E-66A5-4F2D-A2C1-F2F2634B72D5,Twelve O Clock,PassengerCar,MovingConstantSpeed,Southbound,35.0,No,No,2017,HONDA,39.2460255,-77.2051367,Civic_Honda,18,2025,8,29,18,Friday,2025-08-29,35
459,MCP3061002W,250038255,Montgomery_County_Police,Property Damage Crash,2025-08-26 21:45:00,County_Route,CRYSTAL ROCK DR (SB/L),FATHER HURLEY BLVD,Angle Collision,Right-of-Way Violation,Clear,Dry,Dark - Lighted,Traffic Signal,None Detected,DE568C5E-D659-4950-B2BF-29D6265FBB77,MD,B2508F8E-BDAA-4EB8-AA3A-D49D22A6E5FD,Eleven O Clock,SportUtilityVehicle,MakingLeftTurn,North,45.0,No,No,2010,INFINITI,39.19362371,-77.27025662,QX56_Infiniti,21,2025,8,26,21,Tuesday,2025-08-26,35