Unnamed: 0,Report Number,Local Case Number,Agency Name,ACRS Report Type,Crash Date/Time,Route Type,Road Name,Cross-Street Name,Collision Type,Circumstance_Category,Weather,Surface Condition,Light,Traffic Control,Driver Substance Abuse,Person ID,Drivers License State,Vehicle ID,Vehicle First Impact Location,Vehicle Body Type,Vehicle Movement,Vehicle Going Dir,Speed Limit,Driverless Vehicle,Parked Vehicle,Vehicle Year,Vehicle Make,Latitude,Longitude,Vehicle Model,hour,Crash_year,Crash_month,Crash_day,Crash_hour,Crash_day_name,Crash_date,Crash_week
461,MCP3400002M,250037265,Montgomery_County_Police,Property Damage Crash,2025-08-15 14:40:00,Local_Route,METRORAIL TRACK B2 RAIL,DALE DR,Rear-End (Same Direction),Congestion / Backup,Clear,Dry,Daylight,Traffic Signal,None Detected,35DA2B85-B02F-437B-B11F-41326E34F66D,MD,9E31B419-129E-4D66-B98A-CCE4FFDEF38F,Six O Clock,PassengerCar,SlowingOrStopping,Southbound,30.0,No,No,2013,HONDA,39.01584793,-77.04287815,CR-V_Honda,14,2025,8,15,14,Friday,2025-08-15,33
462,MCP3257008Z,250037794,Montgomery_County_Police,Injury Crash,2025-08-23 22:20:00,Maryland_State_Route,GERMANTOWN RD,LIVINGSTON ST,Sideswipe (Opposite Direction),Right-of-Way Violation,Clear,Dry,Dark - Lighted,Traffic Signal,None Detected,0C508D4E-E7C9-4AB1-A113-AB168B4AA973,MD,C631876D-16FA-42D0-8AC7-A4E62B2CE575,One O Clock,PassengerCar,MakingLeftTurn,Eastbound,30.0,No,No,2021,HYUNDAI,38.98793484,-77.07713418,Elantra_Hyundai,22,2025,8,23,22,Saturday,2025-08-23,34
463,MCP3097003L,250037814,Montgomery_County_Police,Property Damage Crash,2025-08-24 04:59:00,County_Route,HOUSTON AVE,EXIT #35,Other,Speed Related,Clear,Dry,Dark - Lighted,No Control,Suspect Alcohol Only,2CE6AD94-77A7-4489-ACF0-78CA42376225,MD,3C278107-DBC4-4FB6-820C-3D68AB9F32AB,One O Clock,PassengerCar,MakingRightTurn,Westbound,20.0,No,No,2018,TOYOTA,38.99136086,-77.00057864,Camry_Toyota,4,2025,8,24,4,Sunday,2025-08-24,34
464,MCP34290010,250037789,Montgomery_County_Police,Property Damage Crash,2025-08-23 21:19:00,County_Route,HEWITT AVE,GEORGIA AVE (SB/L) MATTHEW HENSON TRL,Angle Collision,Right-of-Way Violation,Clear,Dry,Dark - Lighted,Traffic Signal,None Detected,59240C99-4BFE-48F6-AA3F-19D8E82EFD86,MD,21F551C2-7600-43E2-8558-D1B4A81AFE95,Twelve O Clock,PassengerCar,MovingConstantSpeed,South,45.0,No,No,2022,FORD,39.07757438,-77.07070725,Edge_Ford,21,2025,8,23,21,Saturday,2025-08-23,34
465,MCP3232006W,250037244,Montgomery_County_Police,Injury Crash,2025-08-20 16:21:00,County_Route,BROOKEVILLE RD,FULKS CORNER AVE,Other,Lane Violation,Clear,Dry,Daylight,No Control,None Detected,2502DC95-9E59-4FD9-956A-981958520411,MD,485CB57A-1C17-4D3E-AEA4-528C54898686,Eleven O Clock,SportUtilityVehicle,MovingConstantSpeed,Northbound,35.0,No,No,2016,LEXUS,39.18113907,-77.06333178,GX_Lexus,16,2025,8,20,16,Wednesday,2025-08-20,34
466,MCP32080073,250036965,Montgomery_County_Police,Property Damage Crash,2025-08-18 21:29:00,Maryland_State_Route,UNIVERSITY BLVD E (WB/L),WINTERGATE DR,Sideswipe (Same Direction),Lane Violation,Clear,Dry,Dark - Lighted,No Control,None Detected,E54177FA-F9C0-45DD-8BBF-7F242C70A936,MD,A263337F-DC27-462D-B842-A21B765164E1,Four O Clock,PassengerCar,MovingConstantSpeed,Westbound,35.0,No,No,2014,NISSAN,39.01166916,-77.00218464,Altima_Nissan,21,2025,8,18,21,Monday,2025-08-18,34
467,MCP3397001D,250038508,Montgomery_County_Police,Injury Crash,2025-08-28 14:59:00,US_State_Route,COLUMBIA PIKE,INDUSTRIAL PKWY,Rear-End (Same Direction),Congestion / Backup,Clear,Dry,Daylight,Traffic Signal,None Detected,F57A35A7-7951-4A4A-914D-23F1C7D0B42B,MD,55FB421C-1F0A-4013-9D24-444AF02936FB,Twelve O Clock,PassengerCar,MovingConstantSpeed,East,45.0,No,No,2019,TOYOTA,39.05606477,-76.97129352,RAV4_Toyota,14,2025,8,28,14,Thursday,2025-08-28,35
468,MCP31620065,250038845,Montgomery_County_Police,Property Damage Crash,2025-08-30 12:30:00,Maryland_State_Route,GEORGIA AVE,MUNCASTER MILL RD,Rear-End (Same Direction),Tailgating,Clear,Dry,Daylight,No Control,None Detected,4422BBE0-6C98-4E63-A849-0B64009C6B95,DC,3F283002-8F59-4B4A-B32E-5B4B6CA1D4BC,Twelve O Clock,PassengerCar,MovingConstantSpeed,Northbound,35.0,No,No,2006,TOYOTA,39.00980314,-77.04060535,Corolla_Toyota,12,2025,8,30,12,Saturday,2025-08-30,35
469,MCP3400002N,250038540,Montgomery_County_Police,Injury Crash,2025-08-28 17:30:00,Maryland_State_Route,CHERRY HILL RD,PROSPERITY DR,Single Vehicle,Passing / Turning,Clear,Dry,Daylight,Traffic Signal,None Detected,78147BB0-B543-449C-BB74-6619694F82A1,MD,73E9F1E3-9EAC-4500-8B41-458E3CD55F22,Twelve O Clock,PassengerCar,MakingLeftTurn,Westbound,40.0,No,No,2022,HONDA,39.06200025,-76.96062015,Civic_Honda,17,2025,8,28,17,Thursday,2025-08-28,35
470,MCP3080005T,250038746,Montgomery_County_Police,Property Damage Crash,2025-08-29 17:51:00,County_Route,GEORGIA AVE,ROUNDABOUT,Back-to-Back,Backing Error,Clear,Dry,Daylight,Traffic Signal,None Detected,0D0BE014-256B-43FE-9ECA-BBDA32222539,MD,E2F343BC-6F51-4D8E-9A71-CC046C8BADDD,Six O Clock,PassengerCar,Backing,Not On Roadway,2.5,No,No,2015,HONDA,39.16012333,-77.27951561,CR-V_Honda,17,2025,8,29,17,Friday,2025-08-29,35
471,MCP3232006W,250037244,Montgomery_County_Police,Injury Crash,2025-08-20 16:21:00,County_Route,BROOKEVILLE RD,ENT TO WHITE FLINT MALL,Other,Lane Violation,Clear,Dry,Daylight,No Control,None Detected,61585D0F-505E-48B2-94E2-068888074B4E,MD,06758EF1-55F7-4B50-9C70-7132C13DD15E,Seven O Clock,PassengerCar,MovingConstantSpeed,Northbound,35.0,No,No,2016,SUBARU,39.18113907,-77.06333178,Crosstrek_Subaru,16,2025,8,20,16,Wednesday,2025-08-20,34
472,MCP24600026,250038904,Montgomery_County_Police,Property Damage Crash,2025-08-30 19:30:00,County_Route,ROTHBURY DR,SPRING ST,Other,Lane Violation,Clear,Dry,Dusk,No Control,None Detected,FC1EC555-C6A9-43E7-9C05-907254285E02,MD,9CBF5C27-E4EB-49FF-9E39-8639D84237C2,Twelve O Clock,SportUtilityVehicle,MovingConstantSpeed,Westbound,30.0,No,No,2014,TOYOTA,39.1854135,-77.18885867,RAV4_Toyota,19,2025,8,30,19,Saturday,2025-08-30,35
473,MCP3430000M,250036984,Montgomery_County_Police,Injury Crash,2025-08-19 06:35:00,US_State_Route,GEORGIA AVE (SB/L),GEORGIA AVE,Rear-End (Same Direction),Congestion / Backup,Rain,Wet,Daylight,Traffic Signal,None Detected,59AC40B3-3233-4027-BF35-D1659B33292C,MD,802C28BA-D665-4CE6-8F7A-4B4F7AC92E94,Six O Clock,PassengerCar,StoppedInTrafficLane,Northbound,30.0,No,No,2016,HONDA,38.99606761,-77.02806267,Accord_Honda,6,2025,8,19,6,Tuesday,2025-08-19,34
474,MCP32630054,250037725,Montgomery_County_Police,Property Damage Crash,2025-08-23 13:36:00,County_Route,BROAD ST,GROSVENOR LA,Rear-End (Same Direction),Road Obstruction,Clear,Dry,Daylight,No Control,None Detected,A18806DC-FDE5-4437-A8F9-C777A6EC2CC0,VA,95A83DE6-6467-4A3F-977D-68B2C21D2CF6,Six O Clock,PassengerCar,SlowingOrStopping,East,25.0,No,No,2019,TOYOTA,39.02258524,-77.11587147,RAV4_Toyota,13,2025,8,23,13,Saturday,2025-08-23,34
475,MCP32990051,250038829,Montgomery_County_Police,Property Damage Crash,2025-08-30 10:13:00,County_Route,BEL PRE RD,OLD DOVER RD,Rear-End (Same Direction),Tailgating,Clear,Dry,Daylight,No Control,None Detected,303427A0-CB05-472F-B588-6962E722250F,MD,853713C7-765B-42C7-B83D-CD4A70B6F173,Eleven O Clock,PassengerCar,MovingConstantSpeed,Westbound,35.0,No,No,2013,MAZDA,39.09111371,-77.06187982,CX-5_Mazda,10,2025,8,30,10,Saturday,2025-08-30,35
476,MCP3430000M,250036984,Montgomery_County_Police,Injury Crash,2025-08-19 06:35:00,US_State_Route,GEORGIA AVE (SB/L),GEORGIA AVE,Rear-End (Same Direction),Speed Related,Rain,Wet,Daylight,Traffic Signal,None Detected,C11EB31E-228D-425A-9B53-0A57E59A5D9F,DC,E784C18E-8AB7-41AE-B754-E800568BE7F0,Eleven O Clock,PassengerCar,MovingConstantSpeed,Northbound,30.0,No,No,2017,HONDA,38.99606761,-77.02806267,Civic_Honda,6,2025,8,19,6,Tuesday,2025-08-19,34
478,MCP3384001N,250038731,Montgomery_County_Police,Property Damage Crash,2025-08-29 17:00:00,Maryland_State_Route,WOODFIELD RD,CONNECTICUT AVE,Rear-End (Same Direction),Tailgating,Clear,Dry,Daylight,No Control,None Detected,6E207759-E88D-4EB3-ABBB-4D58D59B2AC1,MD,BE0CCC23-BED9-4990-9BDE-8F5280701039,Twelve O Clock,PassengerCar,SlowingOrStopping,Eastbound,30.0,No,No,2020,HONDA,38.99516983,-77.02488417,CR-V_Honda,17,2025,8,29,17,Friday,2025-08-29,35
480,DD56710015,250038554,Rockville_Police_Department,Property Damage Crash,2025-08-28 17:38:00,County_Route,GARRETT PARK RD,BALTIMORE AVE,Single Vehicle,Backing Error,Clear,Snow,Daylight,Traffic Signal,None Detected,C10793BA-2B6E-4547-8AB1-63DB6BD967D1,OH,FE72A67B-D2F4-4EBE-900E-07DBDD2C15A0,Six O Clock,OtherTruck,Backing,Unknown,2.5,No,No,2020,FORD,39.10313214,-77.13294282,F-150_Ford,17,2025,8,28,17,Thursday,2025-08-28,35
481,EJ7870007N,250038145,Gaithersburg_Police_Department,Injury Crash,2025-08-26 12:44:00,County_Route,W DIAMOND AVE,FLOWER AVE,Single Vehicle,Driver Inattention,Clear,Dry,Daylight,Traffic Signal,None Detected,9440D276-ACD0-4020-A91D-1C20606D284A,MD,B5297B8C-7608-47B3-ADCA-9BF35FBA4630,One O Clock,PassengerCar,MovingConstantSpeed,Eastbound,2.5,No,No,2019,LEXUS,39.14887541,-77.22342038,ES_Lexus,12,2025,8,26,12,Tuesday,2025-08-26,35
482,MCP3213002D,250036381,Montgomery_County_Police,Property Damage Crash,2025-08-14 23:26:00,Maryland_State_Route,GEORGIA AVE (SB/L),FOREST GLEN RD (WB/L),Sideswipe (Opposite Direction),Right-of-Way Violation,Clear,Dry,Dark - Lighted,No Control,None Detected,FC47FA97-2967-4B30-AC81-5EE3361D67CD,MD,E7E0A63B-FF58-466C-B09D-6077987E6FBB,Four O Clock,PassengerCar,MakingLeftTurn,South,35.0,No,No,2022,CHEVROLET,39.01568569,-77.04262692,Malibu_Chevrolet,23,2025,8,14,23,Thursday,2025-08-14,33
483,DD5567009M,250037979,Rockville_Police_Department,Property Damage Crash,2025-08-25 13:56:00,Municipality_Route,WOOTTON PKWY,CRYSTAL ROCK DR,Rear-End (Same Direction),Tailgating,Clear,Dry,Daylight,No Control,None Detected,E5AEDBA6-285D-4C64-A76B-47284CDC8641,MD,C5CC0E6C-9FDB-4675-A272-615AE01B4368,Eleven O Clock,PassengerCar,Accelerating,Northbound,30.0,No,No,2006,BMW,39.0690707,-77.16912858,5 Series_BMW,13,2025,8,25,13,Monday,2025-08-25,35
484,MCP2723009W,250038716,Montgomery_County_Police,Injury Crash,2025-08-29 16:10:00,Crossover,CALVERTON BLVD,LAYHILL RD (SB/L),Angle Collision,Road Obstruction,Clear,Dry,Daylight,No Control,None Detected,62C36418-070A-4E69-8A35-ABC389FC79ED,MI,169C0AFD-2B90-4A3D-85D0-77D3D22519AB,Three O Clock,PassengerCar,MovingConstantSpeed,West,40.0,No,No,2024,BUICK,39.09236437,-77.04509215,Encore_Buick,16,2025,8,29,16,Friday,2025-08-29,35
485,MCP289200HZ,250038370,Montgomery_County_Police,Property Damage Crash,2025-08-27 15:58:00,County_Route,COLUMBIA BLVD (NB/L),E JEFFERSON ST,Angle Collision,Passing / Turning,Clear,Dry,Daylight,No Control,None Detected,EFAE3342-210E-48A2-81AB-71A525D91B68,MD,162E46C6-AB7B-4833-8BA5-761372058E7F,Four O Clock,SchoolBus,MovingConstantSpeed,Eastbound,30.0,No,No,2024,TOYOTA,39.00872667,-77.03976713,Prius_Toyota,15,2025,8,27,15,Wednesday,2025-08-27,35
486,MCP913000L6,250037544,Montgomery_County_Police,Property Damage Crash,2025-08-22 13:50:00,Maryland_State_Route,RANDOLPH RD,NO NAME,Angle Collision,Road Obstruction,Clear,Dry,Daylight,No Control,None Detected,4C673B3F-65ED-442A-A3AE-C1C9CEBED3F5,MD,FA440B30-DF53-47CE-9596-829717DAEEB6,Twelve O Clock,SportUtilityVehicle,MakingLeftTurn,West,25.0,No,No,2007,TOYOTA,39.00124559,-76.98613481,Camry_Toyota,13,2025,8,22,13,Friday,2025-08-22,34
487,MCP2160003J,250038516,Montgomery_County_Police,Property Damage Crash,2025-08-28 15:12:00,County_Route,UNIVERSITY BLVD E,OMEGA DR,Rear-End (Same Direction),Tailgating,Clear,Dry,Daylight,Traffic Signal,None Detected,FAE136B9-A482-41E2-A8A1-0047F120E4F3,MD,BF36E3CC-1FEA-4337-BBA6-2F2BD5349C59,NonCollision,StationWagon,StoppedInTrafficLane,Northbound,35.0,No,No,2019,SUBARU,39.18976,-77.185262,Forester_Subaru,15,2025,8,28,15,Thursday,2025-08-28,35
488,MCP2671004M,250038182,Montgomery_County_Police,Property Damage Crash,2025-08-26 15:10:00,Interstate_Route,WASHINGTON GROVE LA (SB/L),HOLSEY RD,Angle Collision,Passing / Turning,Clear,Dry,Daylight,No Control,None Detected,407C44F7-9F74-4F9A-A09B-D4520CFCC1B5,MD,6D5E9F19-F713-4C4F-AEDB-8789E39ADBB1,Eight O Clock,SportUtilityVehicle,MovingConstantSpeed,Not On Roadway,2.5,No,No,2023,TOYOTA,38.9960874,-77.0241238,Camry_Toyota,15,2025,8,26,15,Tuesday,2025-08-26,35
489,DD5674001R,250037920,Rockville_Police_Department,Property Damage Crash,2025-08-25 07:09:00,County_Route,HASKIN PL,WILSON LA,Rear-End (Same Direction),Tailgating,Clear,Dry,Daylight,No Control,None Detected,337C6CB6-BCC1-454D-AC1D-5C9CFF01E1BB,MD,AD5F4A7B-AC84-4BAB-A45F-08887798907D,Twelve O Clock,PassengerCar,Accelerating,Westbound,25.0,No,No,2014,HONDA,39.09185006,-77.19443972,Civic_Honda,7,2025,8,25,7,Monday,2025-08-25,35
490,MCP2739004D,250038064,Montgomery_County_Police,Injury Crash,2025-08-25 21:29:00,Maryland_State_Route,WOODFIELD RD,MAIN ST,Sideswipe (Same Direction),Lane Violation,Clear,Dry,Dark - Lighted,Traffic Signal,None Detected,29FC05B1-B473-4B57-9293-2F72A2AD191E,MD,DD844765-4E70-4F74-AAAD-B4A4874CA174,Two O Clock,PassengerCar,StoppedInTrafficLane,Southbound,35.0,No,No,2022,FORD,39.28754284,-77.20168507,Explorer_Ford,21,2025,8,25,21,Monday,2025-08-25,35
491,MCP31380084,250037919,Montgomery_County_Police,Injury Crash,2025-08-25 06:54:00,County_Route,BARBARA RD,COLIE DR,Rear-End (Same Direction),Road Obstruction,Clear,Dry,Daylight,No Control,None Detected,BEA17D94-C92B-4599-86CF-152AB78A7B61,VA,FD76635B-C8AF-4CB5-AFEB-5504B0EFAF0D,Seven O Clock,OtherTruck,Parked,North,25.0,No,Yes,2013,MERCEDES-BENZ,39.05823303,-77.08199924,C300_Mercedes-Benz,6,2025,8,25,6,Monday,2025-08-25,35
492,DD56760013,250038732,Rockville_Police_Department,Property Damage Crash,2025-08-29 17:00:00,Maryland_State_Route,FIRST ST,CARRIAGE RD,Rear-End (Same Direction),Tailgating,Clear,Dry,Daylight,Traffic Signal,None Detected,13D40A4A-DCAB-43C9-8D38-F9D9776998B3,MD,E89D3F36-E9F7-465D-81A8-3A433C8E103F,Six O Clock,PassengerCar,SlowingOrStopping,Eastbound,30.0,No,No,2016,TOYOTA,39.07749112,-77.13898913,Corolla_Toyota,17,2025,8,29,17,Friday,2025-08-29,35
493,MCP311100B2,250038678,Montgomery_County_Police,Injury Crash,2025-08-29 13:10:00,Maryland_State_Route,RIVER RD,GOLDSBORO RD (SB/L),Angle Collision,Right-of-Way Violation,Clear,Dry,Daylight,Traffic Signal,None Detected,A5D258D9-089B-4FEC-A42F-8BF60985E710,MD,733BE331-373A-42BD-8921-3CFE235EB2F3,Twelve O Clock,PassengerCar,MakingLeftTurn,South,35.0,No,No,2022,TESLA,38.97316367,-77.12216483,Model 3_Tesla,13,2025,8,29,13,Friday,2025-08-29,35
494,MCP32630054,250037725,Montgomery_County_Police,Property Damage Crash,2025-08-23 13:36:00,County_Route,BROAD ST,GROSVENOR LA,Rear-End (Same Direction),Road Obstruction,Clear,Dry,Daylight,No Control,None Detected,06104AAB-5905-4F61-9AD9-83E8CDBBE3DF,DC,E79D0C00-6E41-41CA-8B63-F33F126A8FD6,Twelve O Clock,PassengerCar,MovingConstantSpeed,South,25.0,No,No,2016,VOLKSWAGEN,39.02258524,-77.11587147,Jetta_Volkswagen,13,2025,8,23,13,Saturday,2025-08-23,34
495,MCP24550089,250038391,Montgomery_County_Police,Property Damage Crash,2025-08-27 17:06:00,County_Route,GERMANTOWN RD,FLORA LA,Angle Collision,Right-of-Way Violation,Clear,Dry,Daylight,No Control,None Detected,E37E6C71-9ED0-40F3-AC13-3CB822FA4249,MD,30BAD56D-C26B-4C72-A143-9AB7A6A7D1BE,Twelve O Clock,PickupTruck,MovingConstantSpeed,Northbound,35.0,No,No,2024,CHEVROLET,39.07276763,-77.11247343,Silverado_Chevrolet,17,2025,8,27,17,Wednesday,2025-08-27,35
496,MCP30400089,250034456,Montgomery_County_Police,Property Damage Crash,2025-08-02 18:00:00,Maryland_State_Route,GEORGIA AVE,TUCKER LA,Angle Collision,Right-of-Way Violation,Clear,Dry,Daylight,No Control,None Detected,0DB9CB75-AF1B-4A72-8861-C0A9392EC38E,MD,C9F45967-EC86-4367-B050-667310859E60,Eleven O Clock,StationWagon,MovingConstantSpeed,Northbound,40.0,No,No,2011,AUDI,39.13007598,-77.02934937,A4_Audi,18,2025,8,2,18,Saturday,2025-08-02,31
497,MCP2723009W,250038716,Montgomery_County_Police,Injury Crash,2025-08-29 16:10:00,Crossover,EAST WEST HWY,LAYHILL RD (SB/L),Angle Collision,Right-of-Way Violation,Clear,Dry,Daylight,Stop Sign,None Detected,82C8DDAA-4701-4A1B-9466-8FBFCBCAA346,MD,2CE19F0D-7F3E-4E18-9B88-870E0C9580CE,Twelve O Clock,PassengerCar,MakingLeftTurn,Eastbound,40.0,No,No,2021,LEXUS,39.09236437,-77.04509215,ES_Lexus,16,2025,8,29,16,Friday,2025-08-29,35
498,MCP32680063,250038087,Montgomery_County_Police,Property Damage Crash,2025-08-26 07:13:00,Maryland_State_Route,NEW HAMPSHIRE AVE,ENT TO BUSINESS,Rear-End (Same Direction),Congestion / Backup,Clear,Dry,Daylight,No Control,None Detected,5C499FEF-EF2F-4892-8F26-FD74E0E8D17A,MD,2D521AC6-B8A0-4B91-83CD-ECC88767FA68,Six O Clock,PassengerCar,StoppedInTrafficLane,Northbound,35.0,No,No,2024,TOYOTA,39.053581,-76.994315,Corolla_Toyota,7,2025,8,26,7,Tuesday,2025-08-26,35
500,MCP156300BV,250037974,Montgomery_County_Police,Property Damage Crash,2025-08-25 13:32:00,Maryland_State_Route,ROCKVILLE PIKE (SB/L),OLD GEORGETOWN RD (SB/L),Rear-End (Same Direction),Tailgating,Clear,Dry,Daylight,Traffic Signal,None Detected,CC24C7E1-423E-424C-8BB0-EF12DC718AA2,PA,74D7743B-44B8-4110-A944-A5AD7EECEEBB,VehicleNotAtScene,SportUtilityVehicle,SlowingOrStopping,Southbound,40.0,No,No,2001,HYUNDAI,39.04954776,-77.11443449,Elantra_Hyundai,13,2025,8,25,13,Monday,2025-08-25,35
501,MCP15500067,250037500,Montgomery_County_Police,Property Damage Crash,2025-08-22 09:44:00,County_Route,POOKS HILL RD,ROCKVILLE PIKE,Angle Collision,Right-of-Way Violation,Clear,Dry,Daylight,Traffic Signal,None Detected,56657F7D-BA53-4A7E-B5AB-766C50BEB07F,MD,4A40FCBA-E441-4DAA-A719-A1F4CBCDB6C4,Eight O Clock,SportUtilityVehicle,MakingLeftTurn,South,30.0,No,No,2021,NISSAN,39.01498733,-77.099797,Rogue_Nissan,9,2025,8,22,9,Friday,2025-08-22,34
502,MCP3238003M,250038315,Montgomery_County_Police,Property Damage Crash,2025-08-27 10:08:00,Maryland_State_Route,OLD GEORGETOWN RD,KERSEY LA,Other,Surface Condition,Clear,Dry,Daylight,No Control,None Detected,080CA429-7C3C-4820-A9AC-0C83C06EE16A,MD,FE5C1B9F-F924-4012-8966-89E81FC2C330,Five O Clock,TransitBus,MovingConstantSpeed,North,35.0,No,No,2016,NISSAN,38.99974383,-76.99304722,Altima_Nissan,10,2025,8,27,10,Wednesday,2025-08-27,35
503,MCP3322003Z,250038058,Montgomery_County_Police,Injury Crash,2025-08-25 20:35:00,Maryland_State_Route,GEORGIA AVE (SB/L),DILSTON RD,Rear-End (Same Direction),Lane Violation,Clear,Dry,Dark - Lighted,No Control,None Detected,405492A4-3D33-4145-9BCF-F44A8D11F472,MD,DA12A289-5AEC-432C-BCE2-251222464CDE,Six O Clock,SportUtilityVehicle,EnteringTrafficLane,Northbound,45.0,No,No,2022,HONDA,39.09068683,-77.08010117,Pilot_Honda,20,2025,8,25,20,Monday,2025-08-25,35
504,MCP31630093,250038034,Montgomery_County_Police,Injury Crash,2025-08-25 17:56:00,County_Route,E GUDE DR,DELMONT LA,Head-On,Road Obstruction,Clear,Dry,Daylight,No Control,None Detected,5A9842FE-6CEF-4111-A8B9-5A3395B6F4EF,MD,2A3F4A86-74DB-4522-8389-35E690B61F96,One O Clock,SportUtilityVehicle,MovingConstantSpeed,South,35.0,No,No,2021,VOLKSWAGEN,39.01524083,-77.08902133,ID.4_Volkswagen,17,2025,8,25,17,Monday,2025-08-25,35
505,MCP2771005J,250037976,Montgomery_County_Police,Property Damage Crash,2025-08-25 13:20:00,Maryland_State_Route,UNIVERSITY BLVD W,GEORGIA AVE,Sideswipe (Same Direction),Lane Violation,Clear,Dry,Daylight,Traffic Signal,None Detected,1F0E57DA-084F-4C9A-9BC2-811498633633,DC,6D1397F9-1406-452A-BCE8-8CA4F75154D3,Nine O Clock,SingleUnitTruck,MakingLeftTurn,Northbound,35.0,No,No,2012,FORD,39.04144725,-77.05168559,E-Series_Ford,13,2025,8,25,13,Monday,2025-08-25,35
506,MCP2816004Q,250038086,Montgomery_County_Police,Injury Crash,2025-08-26 06:29:00,Maryland_State_Route,DARNESTOWN RD,RAMP 8 FR US 29 SB TO IS 495 WB,Angle Collision,Right-of-Way Violation,Clear,Dry,Daylight,No Control,None Detected,B14C7C34-DB35-466C-A792-9F5B982B5747,MD,CE5C3CF8-1D58-48C6-921E-E0CCFE391535,Five O Clock,PassengerCar,MovingConstantSpeed,Eastbound,30.0,No,No,2024,TOYOTA,39.10310241,-77.29109072,Tacoma_Toyota,6,2025,8,26,6,Tuesday,2025-08-26,35
507,MCP31380089,250038846,Montgomery_County_Police,Property Damage Crash,2025-08-30 10:20:00,Maryland_State_Route,VEIRS MILL RD (WB/L),CLARIDGE RD,Rear-End (Same Direction),Congestion / Backup,Clear,Dry,Daylight,Traffic Signal,None Detected,F93EB7DE-85EA-4799-B195-5786D02C121C,MD,536D74B8-A43C-487D-BD53-A47774C15194,Six O Clock,PassengerCar,StoppedInTrafficLane,Northbound,35.0,No,No,2012,HONDA,39.0485803,-77.06915972,Civic_Honda,10,2025,8,30,10,Saturday,2025-08-30,35
508,MCP31630092,250037948,Montgomery_County_Police,Property Damage Crash,2025-08-25 11:11:00,Local_Route,SHIELDS DR,OLD GEORGETOWN RD (SB/L),Rear-End (Same Direction),Tailgating,Clear,Dry,Daylight,No Control,None Detected,0E18CB70-949F-4991-A1FC-26BBFC7DB441,VA,58B59645-33FB-43B9-9ABB-74165715B208,One O Clock,Other,SlowingOrStopping,Southbound,35.0,No,No,2014,FORD,39.00686414,-77.11205551,E-Series_Ford,11,2025,8,25,11,Monday,2025-08-25,35
509,MCP31380087,250038693,Montgomery_County_Police,Property Damage Crash,2025-08-29 14:08:00,Maryland_State_Route,GEORGIA AVE,HEURICH RD,Rear-End (Same Direction),Tailgating,Clear,Dry,Daylight,No Control,None Detected,C5475C6A-6590-4B64-A17C-0F92E3EA5701,MD,CBB1638E-D602-45E3-8213-9987F061A299,Six O Clock,PassengerCar,SlowingOrStopping,Northbound,35.0,No,No,2012,JEEP,39.05565045,-77.04991804,Grand Cherokee_Jeep,14,2025,8,29,14,Friday,2025-08-29,35
510,MCP3374003D,250037712,Montgomery_County_Police,Injury Crash,2025-08-23 11:59:00,County_Route,ABERDEEN RD,BRADLEY BLVD,Angle Collision,Right-of-Way Violation,Clear,Dry,Daylight,No Control,None Detected,57CBAECF-BD74-4E6E-AEF8-7DD6EB0AAF08,MD,CB5381CF-E594-4520-8E6E-78E5DC012F2C,Three O Clock,PassengerCar,MovingConstantSpeed,Northbound,35.0,No,No,2017,SUBARU,38.9914415,-77.117692,Crosstrek_Subaru,11,2025,8,23,11,Saturday,2025-08-23,34
511,DD562000CM,250038611,Rockville_Police_Department,Property Damage Crash,2025-08-29 07:50:00,Bicycle_Route,WOODFIELD RD EXT,CONNECTICUT AVE,Rear-End (Same Direction),Tailgating,Clear,Dry,Daylight,No Control,None Detected,896C96F8-5E7A-4F54-8545-59AEA40DCE00,MD,BC83CD1D-B7D6-4A26-8FEA-7ADE97556B11,Six O Clock,SportUtilityVehicle,SlowingOrStopping,Eastbound,40.0,No,No,2021,ACURA,39.08970832,-77.17831425,RDX_Acura,7,2025,8,29,7,Friday,2025-08-29,35
512,MCP33620064,250037730,Montgomery_County_Police,Injury Crash,2025-08-23 14:18:00,County_Route,BROADBIRCH DR,PARHAM RD,Angle Collision,Right-of-Way Violation,Clear,Dry,Daylight,No Control,None Detected,A98F4DE2-1682-47F6-8DCC-364A9006377E,MD,12BF97ED-CDFF-4A56-8D2B-B662A8459045,Three O Clock,PassengerCar,MovingConstantSpeed,Eastbound,35.0,No,No,2014,MAZDA,39.05564809,-76.95593116,Mazda3_Mazda,14,2025,8,23,14,Saturday,2025-08-23,34