Unnamed: 0,Report Number,Local Case Number,Agency Name,ACRS Report Type,Crash Date/Time,Route Type,Road Name,Cross-Street Name,Collision Type,Circumstance_Category,Weather,Surface Condition,Light,Traffic Control,Driver Substance Abuse,Person ID,Drivers License State,Vehicle ID,Vehicle First Impact Location,Vehicle Body Type,Vehicle Movement,Vehicle Going Dir,Speed Limit,Driverless Vehicle,Parked Vehicle,Vehicle Year,Vehicle Make,Latitude,Longitude,Vehicle Model,hour,Crash_year,Crash_month,Crash_day,Crash_hour,Crash_day_name,Crash_date,Crash_week
513,MCP29320094,250037458,Montgomery_County_Police,Property Damage Crash,2025-08-21 21:00:00,Maryland_State_Route,CONNECTICUT AVE,JONES LA,Sideswipe (Same Direction),Lane Violation,Clear,Dry,Dark - Lighted,No Control,None Detected,BD867155-87FD-4FFE-AEC9-5A8B0A88DEAC,MD,A05FD906-5DCE-4459-96CA-C84DB32FD3E0,Two O Clock,SportUtilityVehicle,MovingConstantSpeed,Northbound,35.0,No,No,2021,TOYOTA,39.00039203,-77.07679566,RAV4_Toyota,21,2025,8,21,21,Thursday,2025-08-21,34
514,MCP3094006H,250038738,Montgomery_County_Police,Property Damage Crash,2025-08-29 17:34:00,Maryland_State_Route,MUNCASTER MILL RD,SHADY GROVE RD (SB/L),Rear-End (Same Direction),Congestion / Backup,Clear,Dry,Daylight,Traffic Signal,None Detected,781A382F-16E6-49EA-AF32-E586A1B1301E,MD,7EEA48CA-35D2-4865-B2F9-234FCDD65CF1,Six O Clock,PassengerCar,StoppedInTrafficLane,Southbound,35.0,No,No,2019,TOYOTA,39.14884092,-77.14719008,Camry_Toyota,17,2025,8,29,17,Friday,2025-08-29,35
515,MCP3444000Y,250038137,Montgomery_County_Police,Property Damage Crash,2025-08-26 12:03:00,Ramp_Route,RAMP 8 FR MD 97 SB TO IS 495 WB,METRORAIL TRACK B2 RAIL,Sideswipe (Same Direction),Driver Inattention,Clear,Dry,Daylight,Traffic Signal,None Detected,9B4AC2A1-C063-4480-9A0F-AB4A026D040E,MD,B45AA98F-5217-4E34-A56A-3EC650C86045,Nine O Clock,PassengerCar,MovingConstantSpeed,Southbound,30.0,No,No,2009,HONDA,39.01514036,-77.04258459,Accord_Honda,12,2025,8,26,12,Tuesday,2025-08-26,35
516,MCP34140020,250036699,Montgomery_County_Police,Injury Crash,2025-08-17 08:30:00,Maryland_State_Route,PINEY BRANCH RD,WATKINS POND BLVD,Rear-End (Same Direction),Congestion / Backup,Clear,Dry,Daylight,Traffic Signal,None Detected,D5B8E643-1C87-4C22-BABC-CDC780F43DCD,MD,C0917DB6-52EE-4B67-B83F-1DE70852ED7F,Six O Clock,PassengerCar,StoppedInTrafficLane,Northbound,30.0,No,No,2017,HONDA,38.99317067,-77.00931033,Accord_Honda,8,2025,8,17,8,Sunday,2025-08-17,33
517,MCP1534001M,250038474,Montgomery_County_Police,Property Damage Crash,2025-08-28 10:56:00,County_Route,ZION RD,PATTON DR,Angle Collision,Lane Violation,Clear,Dry,Daylight,No Control,None Detected,09C08F99-9332-40EC-92A1-949F14C90533,MD,676763D0-0C0A-4877-880E-8CEB0B9FD0FB,Three O Clock,PassengerCar,MovingConstantSpeed,Southbound,25.0,No,No,2018,DODGE,39.18232288,-77.10051058,Charger_Dodge,10,2025,8,28,10,Thursday,2025-08-28,35
518,MCP235800F1,250038344,Montgomery_County_Police,Property Damage Crash,2025-08-27 13:00:00,Maryland_State_Route,ROCKVILLE PIKE (SB/L),GREAT SENECA HWY,Head-On,Lane Violation,Clear,Dry,Daylight,No Control,None Detected,694A75CB-465C-470D-8D41-16D656864982,MD,A5ADEF90-62AC-43D4-B620-0BE5AF6D3E90,One O Clock,PassengerCar,MovingConstantSpeed,Southbound,35.0,No,No,2006,HONDA,39.04834908,-77.11366282,Civic_Honda,13,2025,8,27,13,Wednesday,2025-08-27,35
519,MCP3289004B,250037710,Montgomery_County_Police,Property Damage Crash,2025-08-23 12:02:00,US_State_Route,GEORGIA AVE,MANCHESTER RD,Sideswipe (Same Direction),Lane Violation,Clear,Dry,Daylight,No Control,None Detected,58A3DE73-2456-4F01-8B53-5B1D3AA10037,MD,7748466A-B212-453A-BFDD-CFC50282C0E0,VehicleNotAtScene,TransitBus,StoppedInTrafficLane,Southbound,30.0,No,No,2013,ACURA,38.98643187,-77.02676713,RLX_Acura,12,2025,8,23,12,Saturday,2025-08-23,34
520,MCP235800F1,250038344,Montgomery_County_Police,Property Damage Crash,2025-08-27 13:00:00,Maryland_State_Route,ROCKVILLE PIKE (SB/L),SEVEN LOCKS RD,Head-On,Right-of-Way Violation,Clear,Dry,Daylight,No Control,None Detected,0B60B439-0170-40DE-BB22-A2BBB535B8A5,MD,E1149E7B-EB3D-483A-9328-904D09352425,VehicleNotAtScene,PassengerCar,MakingLeftTurn,Northbound,35.0,No,No,2013,HONDA,39.04834908,-77.11366282,Civic_Honda,13,2025,8,27,13,Wednesday,2025-08-27,35
521,MCP33870038,250038138,Montgomery_County_Police,Property Damage Crash,2025-08-26 12:20:00,County_Route,CONNECTICUT AVE,NEW HAMPSHIRE AVE,Rear-End (Same Direction),Congestion / Backup,Clear,Dry,Daylight,Traffic Signal,None Detected,2D095E91-9BF6-46B1-A939-5FEEE6A11D3C,MD,CAA02EE2-8E67-411D-B14F-5B27A7408DF4,Six O Clock,PassengerCar,StoppedInTrafficLane,Southbound,35.0,No,No,2022,VOLVO,39.02223223,-76.97752017,XC60_Volvo,12,2025,8,26,12,Tuesday,2025-08-26,35
522,MCP20160090,250038661,Montgomery_County_Police,Property Damage Crash,2025-08-29 12:23:00,Municipality_Route,RIDGEMONT AVE (EB/L),FREDERICK RD,Angle Collision,Traffic Control Violation,Clear,Dry,Daylight,Traffic Signal,None Detected,78C6DF09-8824-4030-A585-9BB72DC5BEFD,MD,DC04C87F-FDED-4BED-B7F0-010B83910CED,Nine O Clock,PassengerCar,MovingConstantSpeed,Northbound,40.0,No,No,2025,CHEVROLET,39.11912917,-77.17177767,Trax_Chevrolet,12,2025,8,29,12,Friday,2025-08-29,35
523,MCP32630055,250038581,Montgomery_County_Police,Property Damage Crash,2025-08-28 20:19:00,US_State_Route,GEORGIA AVE (SB/L),WAYNE AVE,Angle Collision,Passing / Turning,Clear,Dry,Dark - Lighted,Traffic Signal,None Detected,D22E5547-43A0-44F7-B9FF-47B7339AD0FB,MD,A0E06557-A7F5-4AD0-AC1A-261D9190E642,VehicleNotAtScene,PickupTruck,MakingRightTurn,South,25.0,No,No,2014,LEXUS,38.9944614,-77.02707523,RX 350_Lexus,20,2025,8,28,20,Thursday,2025-08-28,35
524,DD562000CM,250038611,Rockville_Police_Department,Property Damage Crash,2025-08-29 07:50:00,Bicycle_Route,COLUMBIA PIKE,JONES BRIDGE RD,Rear-End (Same Direction),Tailgating,Clear,Dry,Daylight,No Control,None Detected,F5216C8A-0E03-4F49-A426-69A21BAC0117,PA,2343FA82-013C-4E0D-ACC6-15DCB7FF1532,Twelve O Clock,SportUtilityVehicle,SlowingOrStopping,Eastbound,40.0,No,No,2016,MERCEDES-BENZ,39.08970832,-77.17831425,C300_Mercedes-Benz,7,2025,8,29,7,Friday,2025-08-29,35
525,MCP29320096,250037468,Montgomery_County_Police,Property Damage Crash,2025-08-21 23:28:00,Maryland_State_Route,NEW HAMPSHIRE AVE (SB/L),RAMP 6 FR IS 495 EB TO MD 650 SB,Sideswipe (Same Direction),Lane Violation,Clear,Dry,Dark - Lighted,Traffic Signal,None Detected,A198CDE8-26EC-4348-BF9F-F17D08154796,MD,2F3CF7AF-30AB-470F-AA44-6200CD5BE313,Eleven O Clock,SportUtilityVehicle,EnteringTrafficLane,Southbound,35.0,No,No,2008,HONDA,39.01730344,-76.97731662,CR-V_Honda,23,2025,8,21,23,Thursday,2025-08-21,34
526,MCP3444000Y,250038137,Montgomery_County_Police,Property Damage Crash,2025-08-26 12:03:00,Ramp_Route,RAMP 8 FR MD 97 SB TO IS 495 WB,METRORAIL TRACK B2 RAIL,Sideswipe (Same Direction),Driver Inattention,Clear,Dry,Daylight,Traffic Signal,None Detected,013E4973-CA22-4274-8870-9A5D07C21A85,MD,013BFBBD-6158-4AD5-82BE-0AFA95148804,Five O Clock,OtherTruck,ChangingLanes,Southbound,30.0,No,No,2015,TOYOTA,39.01514036,-77.04258459,Corolla_Toyota,12,2025,8,26,12,Tuesday,2025-08-26,35
527,MCP3382002P,250037835,Montgomery_County_Police,Injury Crash,2025-08-24 12:33:00,Local_Route,INDEPENDENCE ST,CONNECTICUT AVE,Angle Collision,Road Obstruction,Cloudy,Dry,Daylight,No Control,None Detected,23DEAFAF-6248-4FC1-AD1B-24E7415BB1D1,MD,68D9737C-8260-4281-B17D-698250B32D7A,Twelve O Clock,PassengerCar,MovingConstantSpeed,West,35.0,No,No,2020,HONDA,39.07630037,-77.08061507,Odyssey_Honda,12,2025,8,24,12,Sunday,2025-08-24,34
528,MCP3450001C,250037774,Montgomery_County_Police,Injury Crash,2025-08-23 20:09:00,County_Route,INDUSTRIAL PKWY,CONNECTICUT AVE,Angle Collision,Right-of-Way Violation,Clear,Dry,Dark - Lighted,No Control,None Detected,BB8D0E91-7C66-492E-B1BE-3B75E18B8005,MD,9CE367A3-1B6E-4402-9EB2-05AE34F1F263,Twelve O Clock,PassengerCar,MovingConstantSpeed,Westbound,30.0,No,No,2007,CHEVROLET,39.05552467,-76.97062883,Silverado_Chevrolet,20,2025,8,23,20,Saturday,2025-08-23,34
529,MCP06170074,250038304,Montgomery_County_Police,Injury Crash,2025-08-27 09:24:00,County_Route,GOLD MINE RD,NEW HAMPSHIRE AVE,Angle Collision,Right-of-Way Violation,Clear,Dry,Daylight,Stop Sign,None Detected,5E7E5BA4-49C7-4C7D-A0BE-F3D8BC51D83F,MD,272FD49E-C11D-4932-B62F-871FC6915C81,One O Clock,PassengerCar,MakingLeftTurn,North,30.0,No,No,2017,TOYOTA,39.17922417,-77.02702274,Camry_Toyota,9,2025,8,27,9,Wednesday,2025-08-27,35
530,EJ7870007R,250038395,Gaithersburg_Police_Department,Property Damage Crash,2025-08-25 14:38:00,Local_Route,GRAND CORNER AVE,RAMP 1 FR US29 NB TO BRIGGS CHANEY RD WB,Angle Collision,Right-of-Way Violation,Clear,Dry,Daylight,No Control,None Detected,BA3E406F-E706-4885-B07B-1EA4EC7EF1BB,MD,81597F7A-985E-4B40-8AEA-4D24F49A5157,Nine O Clock,PassengerCar,MovingConstantSpeed,Southbound,25.0,No,No,2007,HONDA,39.11829142,-77.20348739,Accord_Honda,14,2025,8,25,14,Monday,2025-08-25,35
531,MCP3094006F,250038396,Montgomery_County_Police,Injury Crash,2025-08-27 18:27:00,County_Route,EAST VILLAGE AVE,LEWISBERRY DR,Head-On,Right-of-Way Violation,Clear,Dry,Daylight,Stop Sign,None Detected,F5B96BD1-BE76-415F-B837-153C5D9C06C1,MD,CCC4D55F-A2DC-459C-94C1-A6BAC1496C55,Ten O Clock,PassengerCar,MakingLeftTurn,South,30.0,No,No,2007,HONDA,39.18502491,-77.17586549,CR-V_Honda,18,2025,8,27,18,Wednesday,2025-08-27,35
532,MCP3107003J,250038185,Montgomery_County_Police,Property Damage Crash,2025-08-26 12:46:00,Maryland_State_Route,FREDERICK RD (SB/L),FOREST GLEN RD,Rear-End (Same Direction),Tailgating,Clear,Dry,Daylight,Traffic Signal,Alcohol Present,4F21F924-E217-4C1B-876E-2CF3C62F4A30,MD,3DEB68F4-33CF-44E7-8D01-F71582E13267,VehicleNotAtScene,PassengerCar,SlowingOrStopping,Southbound,40.0,No,No,2005,FORD,39.1067249,-77.15864788,Escape_Ford,12,2025,8,26,12,Tuesday,2025-08-26,35
533,MCP3358003F,250038823,Montgomery_County_Police,Property Damage Crash,2025-08-30 08:48:00,Maryland_State_Route,ROCKVILLE PIKE,BOILING BROOK PKWY,Angle Collision,Right-of-Way Violation,Clear,Dry,Daylight,No Control,None Detected,13E624A7-122F-456E-ABDB-2AE613991086,MD,76017AF0-C285-44C8-A18D-22EE0614FD8B,VehicleNotAtScene,PassengerCar,ChangingLanes,Northbound,35.0,No,No,2005,TOYOTA,39.02295614,-77.10282033,Camry_Toyota,8,2025,8,30,8,Saturday,2025-08-30,35
534,MCP003600JG,250038164,Montgomery_County_Police,Property Damage Crash,2025-08-26 13:57:00,County_Route,NORTH HIGH ST,GEORGIA AVE (SB/L),Angle Collision,Right-of-Way Violation,Clear,Dry,Daylight,Stop Sign,None Detected,E828D3B8-640C-46C3-98AE-CD16466B68D6,MD,6D1F4FB3-EEC3-4723-8D13-BC7D9850AC3E,Twelve O Clock,PassengerCar,MakingLeftTurn,Westbound,30.0,No,No,2016,NISSAN,39.15132365,-77.06685676,Versa Note_Nissan,13,2025,8,26,13,Tuesday,2025-08-26,35
535,MCP3319003T,250038443,Montgomery_County_Police,Property Damage Crash,2025-08-28 07:52:00,County_Route,GARWOOD ST,FRANKLIN AVE,Angle Collision,Right-of-Way Violation,Clear,Dry,Daylight,No Control,None Detected,707B0657-5B20-411E-8832-E3ECF4B56D3F,MD,ED81D075-AEFC-450F-9FFE-3A271C7ECD61,Nine O Clock,PassengerCar,StoppedInTrafficLane,Southbound,25.0,No,No,2024,HONDA,39.0117118,-77.00359771,Accord_Honda,7,2025,8,28,7,Thursday,2025-08-28,35
536,MCP27560073,250038365,Montgomery_County_Police,Property Damage Crash,2025-08-27 15:28:00,Maryland_State_Route,UNIVERSITY BLVD W (WB/L),SPUR TO SHADY GROVE RD,Sideswipe (Same Direction),Lane Violation,Clear,Dry,Daylight,No Control,None Detected,353131FC-1CAF-4D16-A7DE-F83D9D275002,MD,2AAABEB2-FDBC-4574-B0F2-3F26757C5CCD,Four O Clock,PassengerCar,ChangingLanes,Westbound,35.0,No,No,2023,FORD,39.03360624,-77.02368776,Bronco Sport_Ford,15,2025,8,27,15,Wednesday,2025-08-27,35
537,MCP33870038,250038138,Montgomery_County_Police,Property Damage Crash,2025-08-26 12:20:00,County_Route,GEORGIA AVE,NEW HAMPSHIRE AVE,Rear-End (Same Direction),Congestion / Backup,Clear,Dry,Daylight,Traffic Signal,None Detected,3BDF8828-13F0-4C0A-BA6E-FC81B3854468,MD,D4F0A3F2-0CC2-4DCC-83F0-3859A0C562C5,Six O Clock,PassengerCar,StoppedInTrafficLane,Southbound,35.0,No,No,2011,FORD,39.02223223,-76.97752017,F-150_Ford,12,2025,8,26,12,Tuesday,2025-08-26,35
538,MCP20770068,250038312,Montgomery_County_Police,Property Damage Crash,2025-08-27 09:14:00,US_State_Route,VEIRS MILL RD,FALLS RD,Other,Backing Error,Clear,Dry,Daylight,No Control,None Detected,2BDD247B-437E-4768-ABEB-3E7338BFF166,MD,43DAF192-EAE8-43BA-B9D4-C2F771C8B05F,VehicleNotAtScene,PassengerCar,Backing,Southbound,2.5,No,No,2023,FORD,39.02784249,-77.14508272,F-150_Ford,9,2025,8,27,9,Wednesday,2025-08-27,35
539,MCP3450001C,250037774,Montgomery_County_Police,Injury Crash,2025-08-23 20:09:00,County_Route,INDUSTRIAL PKWY,OMEGA DR,Angle Collision,Right-of-Way Violation,Clear,Dry,Dark - Lighted,No Control,None Detected,51F4ED04-19C8-4940-9F66-5961C1C6972F,MD,8630F074-ACFC-470B-98C8-3D55B443C917,Ten O Clock,PassengerCar,MakingUTurn,Westbound,30.0,No,No,2015,LINCOLN,39.05552467,-76.97062883,MKZ_Lincoln,20,2025,8,23,20,Saturday,2025-08-23,34
540,MCP2305003X,250038417,Montgomery_County_Police,Injury Crash,2025-08-27 21:31:00,County_Route,MT VERNON AVE,BETHESDA CHURCH RD WOODFIELD RD,Head-On,Right-of-Way Violation,Clear,Dry,Dark - Lighted,No Control,None Detected,C5DF25F6-125E-49D7-A82E-0E16A103935A,MD,0F833AFE-25B2-49AD-9C13-D325D3E4DB5B,Twelve O Clock,PassengerCar,MakingLeftTurn,Southbound,35.0,No,No,2005,HONDA,39.28365197,-77.20185936,Civic_Honda,21,2025,8,27,21,Wednesday,2025-08-27,35
542,MCP32550077,250037977,Montgomery_County_Police,Injury Crash,2025-08-25 13:45:00,Maryland_State_Route,W MONTGOMERY AVE (WB/L),HALPINE RD,Rear-End (Same Direction),Congestion / Backup,Clear,Dry,Daylight,Traffic Signal,None Detected,48C5F341-E4F4-45B1-84DA-47020047E8E2,MD,24BD3CFE-8F1E-4C0D-B2BD-90575EFB1006,Six O Clock,PassengerCar,StoppedInTrafficLane,Northbound,40.0,No,No,2007,TOYOTA,39.1031745,-77.18996517,Sienna_Toyota,13,2025,8,25,13,Monday,2025-08-25,35
543,MCP33960027,250037895,Montgomery_County_Police,Injury Crash,2025-08-24 21:18:00,Maryland_State_Route,VEIRS MILL RD (WB/L),MIDDLEBROOK RD,Rear-End (Same Direction),Driver Inattention,Clear,Dry,Dark - Not Lighted,No Control,None Detected,82A38F1E-369F-4365-B81A-8550B7DEEB97,MD,3B69408D-F0E0-4C17-BC6D-CF50CE4D8758,Six O Clock,PassengerCar,MovingConstantSpeed,Northbound,35.0,No,No,2006,HONDA,39.04980233,-77.07111633,CR-V_Honda,21,2025,8,24,21,Sunday,2025-08-24,34
544,MCP32950057,250038902,Montgomery_County_Police,Property Damage Crash,2025-08-30 18:37:00,County_Route,OLD COLUMBIA PIKE,ARCOLA AVE,Rear-End (Same Direction),Tailgating,Clear,Dry,Daylight,Stop Sign,None Detected,82AAC7D9-0A84-4181-978C-F93D905504A9,VA,BBF4ADBF-009E-4E92-8752-4600026C5C0E,Five O Clock,PassengerCar,StoppedInTrafficLane,Southbound,35.0,No,No,2020,BMW,39.05764269,-76.96801065,X4_BMW,18,2025,8,30,18,Saturday,2025-08-30,35
545,MCP33870038,250038138,Montgomery_County_Police,Property Damage Crash,2025-08-26 12:20:00,County_Route,RIVER RD,NEW HAMPSHIRE AVE,Rear-End (Same Direction),Tailgating,Clear,Dry,Daylight,Traffic Signal,None Detected,F224CE97-0376-4413-A599-785F1C9F6B71,MD,D05A3D1B-91F4-4250-80FB-320D447D567E,Twelve O Clock,PassengerCar,MovingConstantSpeed,Southbound,35.0,No,No,2018,CHRYSLER,39.02223223,-76.97752017,300_Chrysler,12,2025,8,26,12,Tuesday,2025-08-26,35
546,MCP2723009X,250038733,Montgomery_County_Police,Injury Crash,2025-08-29 17:20:00,County_Route,BAUER DR,ARCTIC AVE,Angle Collision,Right-of-Way Violation,Clear,Dry,Daylight,Stop Sign,None Detected,E25602C3-66E5-403B-A2B7-8B6CD2D6841E,MD,ED814BB0-3828-491A-89A6-C1F5CB864A51,Eleven O Clock,PassengerCar,Accelerating,Westbound,25.0,No,No,2022,LAND ROVER,39.08886667,-77.09423905,Range Rover Sport_Land Rover,17,2025,8,29,17,Friday,2025-08-29,35
547,MCP29670075,250038241,Montgomery_County_Police,Injury Crash,2025-08-26 19:49:00,Maryland_State_Route,FALLS RD,VEIRS MILL RD,Rear-End (Same Direction),Tailgating,Clear,Dry,Dark - Lighted,No Control,None Detected,46933B1E-F191-4795-BF8B-A9D1C2F381A0,MD,B73C9966-BD65-48DE-8088-3D024346E33B,Twelve O Clock,SportUtilityVehicle,SlowingOrStopping,Southbound,35.0,No,No,2018,JEEP,39.01874067,-77.20869867,Grand Cherokee_Jeep,19,2025,8,26,19,Tuesday,2025-08-26,35
548,MCP2349001D,250038850,Montgomery_County_Police,Property Damage Crash,2025-08-30 13:00:00,Local_Route,CLARKSBURG OUTLETS EXIT,CABIN BRANCH AVE (NB/L),Angle Collision,Right-of-Way Violation,Clear,Dry,Daylight,Stop Sign,None Detected,7DA22632-DCD0-45A7-89F1-93BB8F8382C4,MD,2C790D6A-103B-4AF9-A228-CB898404C38B,Eleven O Clock,SportUtilityVehicle,Accelerating,Northbound,25.0,No,No,2015,JEEP,39.225158,-77.28863333,Grand Cherokee_Jeep,13,2025,8,30,13,Saturday,2025-08-30,35
549,MCP2974005S,250038102,Montgomery_County_Police,Property Damage Crash,2025-08-26 08:40:00,County_Route,LOCKWOOD DR,EAST WEST HWY,Sideswipe (Same Direction),Passing / Turning,Clear,Dry,Daylight,No Control,None Detected,890D8AA4-7829-4769-8EDF-0147EF2F89AE,WV,1FD7D981-A251-41C5-833A-2D6213362132,Three O Clock,TransitBus,Passing,Eastbound,25.0,No,No,2020,NISSAN,39.04033696,-76.98927383,Altima_Nissan,8,2025,8,26,8,Tuesday,2025-08-26,35
550,MCP3382002P,250037835,Montgomery_County_Police,Injury Crash,2025-08-24 12:33:00,Local_Route,INDEPENDENCE ST,CONNECTICUT AVE,Angle Collision,Right-of-Way Violation,Cloudy,Dry,Daylight,No Control,None Detected,04C8084F-4E88-4856-B272-B359ADE46E20,MD,1334EE34-4AEC-45EA-9BC5-B3422861A09F,Eleven O Clock,PassengerCar,MovingConstantSpeed,East,25.0,No,No,2019,HONDA,39.07630037,-77.08061507,Accord_Honda,12,2025,8,24,12,Sunday,2025-08-24,34
551,EJ79130016,250037993,Gaithersburg_Police_Department,Property Damage Crash,2025-08-25 15:05:00,Municipality_Route,S SUMMIT AVE,OLDE TOWNE AVE,Angle Collision,Traffic Control Violation,Clear,Dry,Daylight,Traffic Signal,None Detected,C708289C-9825-45FE-8BF9-68C0001B4765,MD,D1A84F6B-BDC2-4B41-937F-54F45C6D8A89,Four O Clock,PassengerCar,MovingConstantSpeed,Southbound,25.0,No,No,2003,TOYOTA,39.14058538,-77.19367954,Corolla_Toyota,15,2025,8,25,15,Monday,2025-08-25,35
552,MCP3450001B,250037613,Montgomery_County_Police,Property Damage Crash,2025-08-22 20:05:00,Spur_Route,BAUER DR,BURNT MILLS AVE,Head-On,Tailgating,Clear,Dry,Daylight,No Control,None Detected,8C69C9D9-6ED6-44FF-A4C7-9D6FCD3460AE,MD,384B0D5A-C753-41F3-B948-02538DD528FB,Twelve O Clock,SportUtilityVehicle,MovingConstantSpeed,Westbound,30.0,No,No,2010,CADILLAC,39.03459399,-76.99331736,SRX_Cadillac,20,2025,8,22,20,Friday,2025-08-22,34
553,MCP34030024,250036680,Montgomery_County_Police,Property Damage Crash,2025-08-17 02:25:00,Other_Public_Roadway,CAMILLUS DR,E MELBOURNE AVE,Single Vehicle,Driver Inattention,Clear,Dry,Dark - Lighted,No Control,None Detected,FB463A2B-EFB1-4427-A0F0-0305690A270F,MD,6B6ED73C-409F-4CA3-BB19-CB12A8DF3160,One O Clock,PickupTruck,MakingRightTurn,Eastbound,20.0,No,No,2011,TOYOTA,39.01012633,-76.98092467,Tacoma_Toyota,2,2025,8,17,2,Sunday,2025-08-17,33
554,MCP3313002S,250038797,Montgomery_County_Police,Injury Crash,2025-08-29 23:33:00,Maryland_State_Route,CONNECTICUT AVE (SB/L),CALVERTON BLVD,Rear-End (Same Direction),Driver Inattention,Clear,Dry,Dark - Lighted,Traffic Signal,None Detected,D914E51F-36B9-4BAE-A4A8-7C9112465314,MD,3B651B77-E865-4E57-B126-52C959900C9E,Six O Clock,PassengerCar,MovingConstantSpeed,Westbound,35.0,No,No,2020,FORD,39.07805259,-77.08098325,Edge_Ford,23,2025,8,29,23,Friday,2025-08-29,35
555,MCP29320094,250037458,Montgomery_County_Police,Property Damage Crash,2025-08-21 21:00:00,Maryland_State_Route,CONNECTICUT AVE,DENLEY RD,Sideswipe (Same Direction),Lane Violation,Clear,Dry,Dark - Lighted,No Control,None Detected,24D7C12E-6EF8-478C-BAAB-30AD05C8A637,MD,EE3958C3-58D7-4DA0-B4D6-671C8B6DD8D1,VehicleNotAtScene,SportUtilityVehicle,ChangingLanes,Northbound,35.0,No,No,2018,TOYOTA,39.00039203,-77.07679566,RAV4_Toyota,21,2025,8,21,21,Thursday,2025-08-21,34
557,MCP26080060,250038879,Montgomery_County_Police,Injury Crash,2025-08-30 16:55:00,County_Route,CAPITAL BELTWAY,DIAMONDBACK DR,Single Vehicle,Backing Error,Clear,Wet,Daylight,No Control,None Detected,572EAF27-C2E5-445A-BB5B-0162DBCD2F84,MD,A9266CA3-646C-4244-9749-445782837B4F,Six O Clock,SportUtilityVehicle,Backing,Not On Roadway,2.5,No,No,2024,HONDA,39.0271419,-77.01138092,Civic_Honda,16,2025,8,30,16,Saturday,2025-08-30,35
558,MCP32680063,250038087,Montgomery_County_Police,Property Damage Crash,2025-08-26 07:13:00,Maryland_State_Route,NEW HAMPSHIRE AVE,E GUDE DR,Rear-End (Same Direction),Tailgating,Clear,Dry,Daylight,No Control,None Detected,102B60A6-C72F-4EAA-8396-3D3F1C6D7784,MD,E0339333-FABF-468F-AE45-AB0CE0E168B2,Twelve O Clock,PassengerCar,MovingConstantSpeed,Northbound,35.0,No,No,2017,HONDA,39.053581,-76.994315,Accord_Honda,7,2025,8,26,7,Tuesday,2025-08-26,35
559,MCP30930069,250038518,Montgomery_County_Police,Property Damage Crash,2025-08-28 15:15:00,County_Route,BATTERY LA,GREAT SENECA HWY,Rear-End (Same Direction),Tailgating,Clear,Dry,Daylight,Traffic Signal,Suspect Alcohol Only,558CD6CB-5AC0-4519-AB67-C2296E101A5D,DC,CB513DDC-4529-4B8A-B2DE-1A791D3F16E9,Twelve O Clock,SportUtilityVehicle,MovingConstantSpeed,Northbound,25.0,No,No,2025,JEEP,38.99031931,-77.10346829,Grand Cherokee_Jeep,15,2025,8,28,15,Thursday,2025-08-28,35
560,MCP3429000Z,250037757,Montgomery_County_Police,Property Damage Crash,2025-08-23 17:06:00,Maryland_State_Route,CONNECTICUT AVE,JEFFRY ST,Angle Collision,Congestion / Backup,Clear,Dry,Daylight,No Control,None Detected,A93A8DAD-46D5-423C-AB34-90F0EE4F9897,MD,84E064D3-8D19-429E-87CB-2BC1D75FD9A0,Four O Clock,PassengerCar,ChangingLanes,West,45.0,No,No,2020,TOYOTA,39.06592508,-77.07425152,Sienna_Toyota,17,2025,8,23,17,Saturday,2025-08-23,34
561,MCP312900DD,250038445,Montgomery_County_Police,Injury Crash,2025-08-28 07:52:00,County_Route,NORBECK RD,PARKLAWN DR,Sideswipe (Same Direction),Lane Violation,Clear,Dry,Daylight,No Control,None Detected,614AECB1-7E08-461A-9A86-2B95F2EF025A,MD,3768B90D-B72B-45C6-B187-6833E937A3D2,One O Clock,PassengerCar,MovingConstantSpeed,Eastbound,25.0,No,No,2017,CHRYSLER,39.09246461,-77.08225023,300_Chrysler,7,2025,8,28,7,Thursday,2025-08-28,35
562,MCP003600JG,250038164,Montgomery_County_Police,Property Damage Crash,2025-08-26 13:57:00,County_Route,NORTH HIGH ST,GEORGIA AVE (SB/L),Angle Collision,Lane Violation,Clear,Dry,Daylight,No Control,None Detected,82FE5D22-9C0F-4E76-84CD-EA03AB6949C2,MD,0E269036-1E61-48F9-ABE3-938506965AD4,Three O Clock,PassengerCar,MovingConstantSpeed,Southbound,30.0,No,No,2022,CHEVROLET,39.15132365,-77.06685676,Silverado_Chevrolet,13,2025,8,26,13,Tuesday,2025-08-26,35
563,MCP32990052,250038976,Montgomery_County_Police,Injury Crash,2025-08-31 12:16:00,Maryland_State_Route,GEORGIA AVE (SB/L),STARKEY DR,Rear-End (Same Direction),Congestion / Backup,Clear,Dry,Daylight,No Control,None Detected,646B6C45-76DB-4997-9434-1C14CF2F27FA,MD,8FDB65F2-26FD-4C53-83CD-04AFC4120203,Six O Clock,PassengerCar,StoppedInTrafficLane,Southbound,45.0,No,No,2014,MERCEDES-BENZ,39.1266835,-77.07236567,C-Class_Mercedes-Benz,12,2025,8,31,12,Sunday,2025-08-31,35