Unnamed: 0,Report Number,Local Case Number,Agency Name,ACRS Report Type,Crash Date/Time,Route Type,Road Name,Cross-Street Name,Collision Type,Circumstance_Category,Weather,Surface Condition,Light,Traffic Control,Driver Substance Abuse,Person ID,Drivers License State,Vehicle ID,Vehicle First Impact Location,Vehicle Body Type,Vehicle Movement,Vehicle Going Dir,Speed Limit,Driverless Vehicle,Parked Vehicle,Vehicle Year,Vehicle Make,Latitude,Longitude,Vehicle Model,hour,Crash_year,Crash_month,Crash_day,Crash_hour,Crash_day_name,Crash_date,Crash_week
564,MCP9432004M,250038624,Montgomery_County_Police,Property Damage Crash,2025-08-28 12:57:00,County_Route,WOODMONT AVE,EMORY LA,Rear vs Side,Backing Error,Clear,Dry,Daylight,No Control,None Detected,66DC0D80-E4F7-4A85-9B54-740FAC7F18FD,MD,8C94364E-91DD-4B0D-9C8C-22A2167253D7,Six O Clock,SportUtilityVehicle,Backing,Not On Roadway,30.0,No,No,2012,VOLKSWAGEN,38.9804994,-77.0943604,Tiguan_Volkswagen,12,2025,8,28,12,Thursday,2025-08-28,35
565,DD5567009L,250037527,Rockville_Police_Department,Injury Crash,2025-08-22 12:15:00,Maryland_State_Route,ROCKVILLE PIKE,CHURCH ST (WB/L),Angle Collision,Road Obstruction,Clear,Dry,Daylight,Traffic Signal,None Detected,A9D2073E-37E0-4C34-8BA6-B8042F98ED18,MD,C10F45AC-D8FC-4CB0-A55A-04F6E83F0783,One O Clock,TransitBus,MovingConstantSpeed,North,30.0,No,No,2009,HONDA,39.08349214,-77.14677505,Civic_Honda,12,2025,8,22,12,Friday,2025-08-22,34
566,MCP3289004B,250037710,Montgomery_County_Police,Property Damage Crash,2025-08-23 12:02:00,US_State_Route,GEORGIA AVE,GERMANTOWN RD,Sideswipe (Same Direction),Lane Violation,Clear,Dry,Daylight,No Control,None Detected,7F6A4E49-65A7-4254-85F2-CBDD093D17E3,MD,890C7929-F254-48B0-ADE4-AD45EF64B948,Ten O Clock,PassengerCar,MovingConstantSpeed,Southbound,30.0,No,No,2013,FORD,38.98643187,-77.02676713,F-150_Ford,12,2025,8,23,12,Saturday,2025-08-23,34
567,MCP913000L5,250036407,Montgomery_County_Police,Property Damage Crash,2025-08-15 07:22:00,Maryland_State_Route,UNIVERSITY BLVD E (WB/L),SPIRE ST,Rear-End (Same Direction),Tailgating,Clear,Dry,Daylight,No Control,None Detected,1143721B-7475-4A46-B8AC-8CFBAF6CD762,MD,895A3786-8892-4FF1-A1F1-246383A3DD55,Twelve O Clock,PickupTruck,MovingConstantSpeed,Westbound,35.0,No,No,2013,CHEVROLET,38.99744903,-76.99371274,Silverado_Chevrolet,7,2025,8,15,7,Friday,2025-08-15,33
568,MCP3328004Z,250036630,Montgomery_County_Police,Property Damage Crash,2025-08-16 17:08:00,Maryland_State_Route,VEIRS MILL RD (WB/L),SPENCERVILLE RD,Single Vehicle,Lane Violation,Clear,Dry,Daylight,Traffic Signal,None Detected,FA6AB767-A13C-40EE-B09B-363B04ED94A2,MD,EB8F9CF8-2C02-4113-8325-872548C2FB9D,Twelve O Clock,SportUtilityVehicle,MovingConstantSpeed,Westbound,35.0,No,No,2011,FORD,39.04848824,-77.06906713,Escape_Ford,17,2025,8,16,17,Saturday,2025-08-16,33
569,MCP29320096,250037468,Montgomery_County_Police,Property Damage Crash,2025-08-21 23:28:00,Maryland_State_Route,NEW HAMPSHIRE AVE (SB/L),RAMP 6 FR IS 495 EB TO MD 650 SB,Sideswipe (Same Direction),Lane Violation,Clear,Dry,Dark - Lighted,Traffic Signal,None Detected,1EE3BB2B-B6D9-48FD-8D00-948DFDC81FC9,MD,9881DA0A-0FCE-4C3D-830C-5E6F8D085AD1,Two O Clock,TransitBus,MovingConstantSpeed,Southbound,35.0,No,No,2016,TOYOTA,39.01730344,-76.97731662,Corolla_Toyota,23,2025,8,21,23,Thursday,2025-08-21,34
570,MCP31630093,250038034,Montgomery_County_Police,Injury Crash,2025-08-25 17:56:00,County_Route,W DEER PARK RD,DELMONT LA,Head-On,Right-of-Way Violation,Clear,Dry,Daylight,Stop Sign,None Detected,D9ECDFCD-C939-4CB9-ABBB-BBBB83EB2082,MD,936506ED-751F-4160-AC24-07CBEE071ACE,Twelve O Clock,PassengerCar,Accelerating,North,35.0,No,No,2017,HYUNDAI,39.01524083,-77.08902133,Elantra_Hyundai,17,2025,8,25,17,Monday,2025-08-25,35
571,MCP3213002D,250036381,Montgomery_County_Police,Property Damage Crash,2025-08-14 23:26:00,Maryland_State_Route,GEORGIA AVE (SB/L),FOREST GLEN RD (WB/L),Sideswipe (Opposite Direction),Lane Violation,Clear,Dry,Dark - Lighted,No Control,None Detected,7553E750-8AA5-4E53-9CE2-24B94A956E8A,MD,2210F0AE-65B8-4AF2-AB6C-B89B4883F7D8,Twelve O Clock,PickupTruck,MovingConstantSpeed,Southbound,35.0,No,No,2017,TOYOTA,39.01568569,-77.04262692,Tacoma_Toyota,23,2025,8,14,23,Thursday,2025-08-14,33
572,MCP33790025,250038392,Montgomery_County_Police,Property Damage Crash,2025-08-27 17:46:00,County_Route,SANDY SPRING RD,ELM AVE,Angle Collision,Right-of-Way Violation,Clear,Dry,Daylight,No Control,None Detected,FF2F6C8E-E650-4315-9E8E-1C6D2BC133A5,MD,0ED8254A-6AE1-478E-9811-A5291DF022C8,Twelve O Clock,PassengerCar,MovingConstantSpeed,Northbound,2.5,No,No,2021,FORD,39.18105573,-77.27012905,F-150_Ford,17,2025,8,27,17,Wednesday,2025-08-27,35
573,MCP32550079,250038900,Montgomery_County_Police,Property Damage Crash,2025-08-30 19:00:00,County_Route,HARMONY HALL RD,MUDDY BRANCH RD,Angle Collision,Right-of-Way Violation,Clear,Dry,Daylight,Traffic Signal,None Detected,1F0A3EFE-D272-470F-BB81-EBB0F53B48AA,MD,3E93F962-720D-4217-B584-CD8AB72C0A67,Twelve O Clock,PassengerCar,MakingLeftTurn,Unknown,35.0,No,No,2001,BUICK,39.13666967,-77.2054635,Encore_Buick,19,2025,8,30,19,Saturday,2025-08-30,35
574,MCP3374003H,250038638,Montgomery_County_Police,Injury Crash,2025-08-29 11:04:00,County_Route,POOKS HILL RD,ROCKVILLE PIKE (SB/L),Angle Collision,Right-of-Way Violation,Clear,Dry,Daylight,Traffic Signal,None Detected,CC21E0E7-0CF0-492A-9A23-D10F9F0FB7A9,MD,01212E08-A6FC-4F1B-85F7-FBE731B95910,Two O Clock,PassengerCar,MakingLeftTurn,Westbound,35.0,No,No,2020,TOYOTA,39.01481317,-77.10005867,C-HR_Toyota,11,2025,8,29,11,Friday,2025-08-29,35
575,MCP33220040,250038187,Montgomery_County_Police,Property Damage Crash,2025-08-26 15:28:00,Maryland_State_Route,FRANKLIN AVE,BEST BUY ENT,Sideswipe (Opposite Direction),Passing / Turning,Clear,Dry,Daylight,Other,None Detected,05520380-C2EB-4D5C-B1D8-380FD9C7DD94,MD,38481C9A-DB7B-49B6-8AD6-00CDB51614CB,Eleven O Clock,SchoolBus,Parked,West,2.5,No,Yes,2018,NISSAN,39.09273676,-77.10837442,Altima_Nissan,15,2025,8,26,15,Tuesday,2025-08-26,35
582,MCP33070034,250036240,Montgomery_County_Police,Property Damage Crash,2025-08-14 08:45:00,Maryland_State_Route,UNIVERSITY BLVD W (WB/L),VEIRS MILL RD,Sideswipe (Same Direction),Road Obstruction,Clear,Dry,Daylight,Traffic Signal,None Detected,339722B5-25D5-47A8-97F7-2589CD618C5C,MD,5A5B8738-3F97-41FC-83BA-A0D99D8C849E,Three O Clock,PickupTruck,MakingLeftTurn,North,25.0,No,No,2016,FORD,39.04002246,-77.05553791,F-150_Ford,8,2025,8,14,8,Thursday,2025-08-14,33
583,MCP3301003C,250037315,Montgomery_County_Police,Injury Crash,2025-08-21 05:16:00,County_Route,LOCKWOOD DR,BURNT MILLS AVE,Rear vs Side,Right-of-Way Violation,Clear,Dry,Dark - Lighted,Stop Sign,None Detected,92927E78-76E6-49EC-AAE9-888DEBF4A581,MD,E0BA0B64-B8D9-4457-8D58-9D530E7718A5,Seven O Clock,PassengerCar,MovingConstantSpeed,Westbound,30.0,No,No,2020,HYUNDAI,39.03543565,-76.99710868,Elantra_Hyundai,5,2025,8,21,5,Thursday,2025-08-21,34
586,EJ78910030,250038722,Gaithersburg_Police_Department,Property Damage Crash,2025-08-29 16:17:00,Municipality_Route,GIRARD ST (WB/L),BRIGHTON DR,Angle Collision,Right-of-Way Violation,Clear,Dry,Daylight,No Control,None Detected,DEC6DECC-CA75-4CCB-859F-DED37EFBCB67,MD,560954CF-F71F-4F1F-997C-A0A001B70925,Two O Clock,PickupTruck,MovingConstantSpeed,Westbound,30.0,No,No,2006,FORD,39.1507095,-77.1920695,F-150_Ford,16,2025,8,29,16,Friday,2025-08-29,35
592,MCP24870043,250037917,Montgomery_County_Police,Injury Crash,2025-08-25 05:35:00,Maryland_State_Route,CASTLE BLVD,BEL PRE RD,Angle Collision,Right-of-Way Violation,Clear,Dry,Dark - Lighted,No Control,None Detected,4F89B108-3E70-401C-AEFC-9824C0260E77,DC,C5728C0B-DD5D-4FDF-AEB8-5CAFED6C604D,Twelve O Clock,SportUtilityVehicle,MakingRightTurn,Not On Roadway,2.5,No,No,2023,CHEVROLET,39.114146,-77.2364895,Equinox_Chevrolet,5,2025,8,25,5,Monday,2025-08-25,35
595,EJ7871008M,250038942,Gaithersburg_Police_Department,Property Damage Crash,2025-08-31 02:10:00,Municipality_Route,ORCHARD RIDGE DR,GREAT SENECA HWY,Rear vs Side,Right-of-Way Violation,Clear,Dry,Dark - Lighted,Flashing Traffic Signal,None Detected,7C45B779-B947-4238-ABAA-4D95B7A5C491,MD,EB0D06DF-8C1E-44EE-AF9F-A66F83BF9A2C,Twelve O Clock,PassengerCar,MovingConstantSpeed,Southbound,35.0,No,No,2016,FORD,39.12377678,-77.23148058,Escape_Ford,2,2025,8,31,2,Sunday,2025-08-31,35
597,MCP27450036,250038662,Montgomery_County_Police,Injury Crash,2025-08-29 12:16:00,County_Route,MIDCOUNTY HWY,WASHINGTON GROVE LA (SB/L),Sideswipe (Opposite Direction),Right-of-Way Violation,Clear,Dry,Daylight,Traffic Signal,None Detected,F4ADF3D1-6F46-47DE-9441-35C7174CBBCE,MD,0A3A4E28-5B08-4984-B503-DD06CBBF8D99,Four O Clock,PassengerCar,MakingLeftTurn,Northbound,35.0,No,No,2023,KIA,39.14743905,-77.16924124,Soul_Kia,12,2025,8,29,12,Friday,2025-08-29,35
600,MCP3301003C,250037315,Montgomery_County_Police,Injury Crash,2025-08-21 05:16:00,County_Route,LOCKWOOD DR,BURNT MILLS AVE,Rear vs Side,Speed Related,Clear,Dry,Dark - Lighted,No Control,None Detected,4D1FCD56-7C3B-481A-BEFA-2CF8F4AE37E5,MD,1A13ADB6-E120-4E57-98C3-CA82EB11534E,One O Clock,PassengerCar,MovingConstantSpeed,Northbound,30.0,No,No,2023,TOYOTA,39.03543565,-76.99710868,Camry_Toyota,5,2025,8,21,5,Thursday,2025-08-21,34
601,MCP33470033,250038704,Montgomery_County_Police,Property Damage Crash,2025-08-29 14:55:00,Maryland_State_Route,CONNECTICUT AVE,SOUTHWOOD AVE,Sideswipe (Same Direction),Passing / Turning,Clear,Dry,Daylight,No Control,None Detected,D3A4649C-59A5-4F2C-8AF3-82D687897E11,MD,3A62E290-8285-4372-BD16-3F75A87CAD47,Two O Clock,PassengerCar,Passing,Eastbound,30.0,No,No,2016,HONDA,38.98789522,-77.0792168,Accord_Honda,14,2025,8,29,14,Friday,2025-08-29,35
602,MCP3320003Y,250038760,Montgomery_County_Police,Injury Crash,2025-08-29 18:30:00,Maryland_State_Route,GEORGIA AVE (SB/L),VEIRS MILL RD,Rear-End (Same Direction),Right-of-Way Violation,Clear,Dry,Daylight,No Control,None Detected,71A9C2D8-9F46-4968-920E-5BA6B3B8CAFD,MN,8F9272EC-017A-493D-9B5E-BC1B2CE18B8E,Six O Clock,PassengerCar,Accelerating,Southbound,30.0,No,No,2023,TOYOTA,39.016219,-77.04292017,Corolla Cross_Toyota,18,2025,8,29,18,Friday,2025-08-29,35
603,MCP3229002N,250037351,Montgomery_County_Police,Property Damage Crash,2025-08-21 13:00:00,County_Route,ARLINGTON RD,11TH AVE,Sideswipe (Same Direction),Right-of-Way Violation,Cloudy,Wet,Daylight,No Control,None Detected,94935664-729A-4F94-81CA-87F54F72AD56,MD,31910A29-450E-463D-8F31-0D404898F86E,Eleven O Clock,PassengerCar,EnteringTrafficLane,Westbound,25.0,No,No,2009,NISSAN,38.97975308,-77.09834731,Altima_Nissan,13,2025,8,21,13,Thursday,2025-08-21,34
608,MCP3009008Y,250038681,Montgomery_County_Police,Property Damage Crash,2025-08-29 13:30:00,Maryland_State_Route,FREDERICK RD (SB/L),CRABBS BRANCH WAY,Rear-End (Same Direction),Congestion / Backup,Clear,Dry,Daylight,No Control,None Detected,1F20B01F-EA5A-48C5-9848-C2708BD5B379,MD,5E1501AB-DE88-4512-B3FB-24E73D79A637,Six O Clock,TransitBus,StoppedInTrafficLane,Southbound,40.0,No,No,2017,BMW,39.18539667,-77.23970817,3 Series_BMW,13,2025,8,29,13,Friday,2025-08-29,35
612,MCP33070034,250036240,Montgomery_County_Police,Property Damage Crash,2025-08-14 08:45:00,Maryland_State_Route,UNIVERSITY BLVD W (WB/L),VEIRS MILL RD,Sideswipe (Same Direction),Lane Violation,Clear,Dry,Daylight,Traffic Signal,None Detected,8A8E08C7-DCA9-4B3A-998B-D9273025DAC8,DC,E3FB21A7-773F-48D7-87B3-415C6903E548,VehicleNotAtScene,PassengerCar,Accelerating,South,25.0,No,No,2018,HYUNDAI,39.04002246,-77.05553791,Elantra_Hyundai,8,2025,8,14,8,Thursday,2025-08-14,33
616,MCP2770004G,250035584,Montgomery_County_Police,Property Damage Crash,2025-08-10 07:00:00,County_Route,GREAT SENECA HWY,SHOREFIELD RD,Single Vehicle,Lane Violation,Clear,Dry,Daylight,No Control,None Detected,A2B6785F-7737-470A-9E93-B8430704050E,CA,80E9250D-BD06-4A16-A750-1BC70D608DC7,Twelve O Clock,PassengerCar,MovingConstantSpeed,Northbound,40.0,No,No,2013,VOLKSWAGEN,39.167045,-77.17268333,Passat_Volkswagen,7,2025,8,10,7,Sunday,2025-08-10,32
622,MCP3374003H,250038638,Montgomery_County_Police,Injury Crash,2025-08-29 11:04:00,County_Route,POOKS HILL RD,ROCKVILLE PIKE (SB/L),Angle Collision,Road Obstruction,Clear,Dry,Daylight,Traffic Signal,None Detected,BCE7481C-5832-471A-83F5-3F154D7DFB71,MD,60638A6B-1C01-4AD8-8D68-4486DAD7433B,One O Clock,PassengerCar,MovingConstantSpeed,North,35.0,No,No,2021,BMW,39.01481317,-77.10005867,X1_BMW,11,2025,8,29,11,Friday,2025-08-29,35
625,MCP203900CW,250038134,Montgomery_County_Police,Injury Crash,2025-08-26 12:00:00,County_Route,KINGSHOUSE RD,ARBUTUS AVE,Sideswipe (Same Direction),Lane Violation,Cloudy,Dry,Daylight,No Control,None Detected,40E3FD3C-269D-4877-96CE-A217A84FE5E5,MD,AE27D7CC-3629-4019-A6BA-8FA966515E75,One O Clock,PassengerCar,MovingConstantSpeed,Northbound,25.0,No,No,2005,TOYOTA,39.10644303,-76.96800218,Camry_Toyota,12,2025,8,26,12,Tuesday,2025-08-26,35
631,MCP3384001P,250038880,Montgomery_County_Police,Property Damage Crash,2025-08-30 17:10:00,County_Route,BOWIE MILL RD,FENTON ST,Rear vs Side,Backing Error,Clear,Dry,Daylight,Yield Sign,None Detected,31CD3A51-D090-493E-84BD-5F0EFE982E57,DC,FD241DF6-A2BB-4CF9-BCDC-6306A5A0490B,Six O Clock,PassengerCar,Backing,Unknown,2.5,No,No,2013,NISSAN,38.98594915,-77.02716517,Sentra_Nissan,17,2025,8,30,17,Saturday,2025-08-30,35
636,EJ79040032,250038826,Gaithersburg_Police_Department,Injury Crash,2025-08-30 09:37:00,Maryland_State_Route,FREDERICK RD,WAYNE AVE,Rear-End (Same Direction),Tailgating,Clear,Dry,Daylight,No Control,None Detected,5AE45598-930D-436A-AE74-7BF63CBB6890,MD,24CD1EC0-184F-4072-972B-E25AAE42141C,Twelve O Clock,PassengerCar,Accelerating,Southbound,40.0,No,No,2017,HYUNDAI,39.16286815,-77.22543564,Elantra_Hyundai,9,2025,8,30,9,Saturday,2025-08-30,35
644,MCP156300BX,250038987,Montgomery_County_Police,Injury Crash,2025-08-31 13:16:00,County_Route,DARNESTOWN RD,WISCONSIN AVE,Angle Collision,Traffic Control Violation,Clear,Dry,Daylight,Traffic Signal,None Detected,0F4C9325-A088-4EDD-A3CC-B0D1B23C775A,MD,8C0B416E-D208-40B9-8D6B-23EEFCA18C21,Eleven O Clock,SportUtilityVehicle,MovingConstantSpeed,Northbound,25.0,No,No,2015,FORD,38.99521569,-77.09640072,F-150_Ford,13,2025,8,31,13,Sunday,2025-08-31,35
645,MCP28250025,250037723,Montgomery_County_Police,Injury Crash,2025-08-23 12:56:00,Maryland_State_Route,VEIRS MILL RD,GEORGIA AVE,Rear-End (Same Direction),Tailgating,Clear,Dry,Daylight,No Control,None Detected,8885B31D-CF73-4F1D-BE32-5FB228080E4F,MD,35C33EB4-A235-443D-B07B-14D7EB3EE362,Seven O Clock,SportUtilityVehicle,SlowingOrStopping,Northbound,40.0,No,No,2018,NISSAN,39.19312852,-77.33410146,Rogue_Nissan,12,2025,8,23,12,Saturday,2025-08-23,34
653,MCP3228006R,250038572,Montgomery_County_Police,Property Damage Crash,2025-08-28 20:16:00,US_State_Route,GEORGIA AVE,N WASHINGTON ST,Sideswipe (Same Direction),Driver Inattention,Clear,Dry,Dark - Lighted,No Control,None Detected,87753924-CBEC-4A7D-AA9F-21B180636F9C,MD,83743F84-A0C3-4269-A613-7682401CD0BD,VehicleNotAtScene,SportUtilityVehicle,MovingConstantSpeed,Southbound,35.0,No,No,2012,HYUNDAI,38.99364698,-77.02659013,Tucson_Hyundai,20,2025,8,28,20,Thursday,2025-08-28,35
660,DM8514002G,250038999,Takoma_Park_Police_Department,Property Damage Crash,2025-08-31 13:45:00,Maryland_State_Route,UNIVERSITY BLVD,ALLEY #4,Other,Driver Inattention,Clear,Dry,Daylight,Traffic Signal,None Detected,5608D342-E448-49A3-BD0E-5C0C6E6DFD0C,MD,01199F95-B79A-4416-9054-6B774A2DF33B,Nine O Clock,PassengerCar,MovingConstantSpeed,Eastbound,35.0,No,No,2014,FORD,38.98797835,-76.98643726,Explorer_Ford,13,2025,8,31,13,Sunday,2025-08-31,35
666,EJ7895007V,250038578,Gaithersburg_Police_Department,Injury Crash,2025-08-28 20:50:00,County_Route,SHADY GROVE RD,PRINCE GEORGES CO/L,Head-On,Right-of-Way Violation,Clear,Dry,Dark - Lighted,Traffic Signal,None Detected,15439260-1524-48C9-9A59-CDF8310BE2F9,MD,A489494D-F864-4B3C-9C36-126E64B80111,Eleven O Clock,PassengerCar,MakingLeftTurn,South,15.0,No,No,2021,TOYOTA,39.12507115,-77.17499424,Corolla_Toyota,20,2025,8,28,20,Thursday,2025-08-28,35
668,MCP3067003F,250039225,Montgomery_County_Police,Property Damage Crash,2025-08-26 12:01:00,Municipality_Route,BLUERIDGE AVE,DENFELD AVE,Angle Collision,Backing Error,Clear,Dry,Daylight,No Control,None Detected,58179F48-8428-4127-B18C-907BE462CC0E,MD,E6595CF8-9AA9-4BF2-B772-77BBFE36491B,Six O Clock,PassengerCar,Backing,Not On Roadway,2.5,No,No,2004,LEXUS,39.19397405,-77.17949199,GX_Lexus,12,2025,8,26,12,Tuesday,2025-08-26,35
679,EJ7895007V,250038578,Gaithersburg_Police_Department,Injury Crash,2025-08-28 20:50:00,County_Route,SHADY GROVE RD,BEL PRE RD,Head-On,Driver Inattention,Clear,Dry,Dark - Lighted,Traffic Signal,Suspect Alcohol Only,B3421EC1-0131-46FB-A682-CF709429995A,NJ,B5DA1218-095C-41B7-A99E-8D392F2173BD,Twelve O Clock,SportUtilityVehicle,MovingConstantSpeed,Westbound,35.0,No,No,2020,HONDA,39.12507115,-77.17499424,CR-V_Honda,20,2025,8,28,20,Thursday,2025-08-28,35
680,MCP3228006S,250038571,Montgomery_County_Police,Property Damage Crash,2025-08-28 20:16:00,US_State_Route,GEORGIA AVE,RAMP 6 FR MD 28 EB TO IS 270 SB,Sideswipe (Same Direction),Lane Violation,Clear,Dry,Dark - Lighted,Traffic Signal,None Detected,75ABBD89-5C40-43C9-8131-D94F540B2AA7,MD,24DBC964-6870-4962-B20C-A026AC5F67DE,Nine O Clock,PassengerCar,MovingConstantSpeed,Northbound,35.0,No,No,2014,TOYOTA,38.99442038,-77.02672461,Camry_Toyota,20,2025,8,28,20,Thursday,2025-08-28,35
689,MCP3228006S,250038571,Montgomery_County_Police,Property Damage Crash,2025-08-28 20:16:00,US_State_Route,GEORGIA AVE,EAST WEST HWY (W/B COUPLET),Sideswipe (Same Direction),Passing / Turning,Clear,Dry,Dark - Lighted,No Control,None Detected,09BEF855-8777-46BD-A4D2-A26DE2377DC3,MD,2EB9215E-45B8-47FF-B164-F483D37DD9C3,VehicleNotAtScene,SportUtilityVehicle,MakingRightTurn,Northbound,35.0,No,No,2005,HYUNDAI,38.99442038,-77.02672461,Tucson_Hyundai,20,2025,8,28,20,Thursday,2025-08-28,35
692,MCP3384001P,250038880,Montgomery_County_Police,Property Damage Crash,2025-08-30 17:10:00,Municipality_Route,FIRSTFIELD RD,FALCON ST,Rear vs Side,Passing / Turning,Clear,Dry,Daylight,No Control,None Detected,ACA39E11-FB8E-48EE-B75C-197340EE9D90,MD,BE9CCF66-DCD9-4F81-8BEA-CD8BCC3AB8FA,Eight O Clock,PassengerCar,Parked,Southbound,2.5,No,Yes,2023,NISSAN,38.98594915,-77.02716517,Rogue_Nissan,17,2025,8,30,17,Saturday,2025-08-30,35
694,DM85030025,250037359,Takoma_Park_Police_Department,Property Damage Crash,2025-08-21 13:27:00,Municipality_Route,BEECH AVE,W DEER PARK RD,Sideswipe (Same Direction),Lane Violation,Cloudy,Wet,Daylight,No Control,None Detected,94F79E6F-EE6F-46A4-842C-F7D1F040B97E,MD,9A47C8A3-0393-4C14-8CB7-2C441D33558B,Seven O Clock,SchoolBus,MakingRightTurn,Northbound,5.0,No,No,2019,CADILLAC,38.97500407,-77.00300224,CTS_Cadillac,13,2025,8,21,13,Thursday,2025-08-21,34
696,MCP3381002X,250038935,Montgomery_County_Police,Injury Crash,2025-08-31 00:57:00,Maryland_State_Route,GERMANTOWN RD (SB/L),JEFFERSON AVE,Single Vehicle,Driver Inattention,Clear,Dry,Dark - Lighted,No Control,None Detected,48D6DAE7-4A67-4A4D-82D1-FD090C3B25CC,MD,9E13D39B-5692-4965-87D6-4CC187A98A40,Seven O Clock,SportUtilityVehicle,SlowingOrStopping,Northbound,40.0,No,No,2021,FORD,39.18430754,-77.25496511,Explorer_Ford,0,2025,8,31,0,Sunday,2025-08-31,35
699,MCP2656007C,250038688,Montgomery_County_Police,Property Damage Crash,2025-08-29 14:00:00,Maryland_State_Route,NEW HAMPSHIRE AVE,RANDOLPH RD,Rear-End (Same Direction),Lane Violation,Clear,Dry,Daylight,No Control,None Detected,3EDF1661-17C0-4E88-B603-21926CB417D3,MD,BD180035-FA4A-47A5-9432-70EC19E01CB7,Eleven O Clock,PassengerCar,ChangingLanes,Northbound,40.0,No,No,2011,HONDA,39.10506517,-77.00225367,CR-V_Honda,14,2025,8,29,14,Friday,2025-08-29,35
700,MCP3446000P,250037966,Montgomery_County_Police,Property Damage Crash,2025-08-25 13:00:00,County_Route,SHERATON ST,GEORGIA AVE (SB/L) GLENMONT SHOPPING CTR CUT THRU CUT,Sideswipe (Same Direction),Passing / Turning,Clear,Dry,Daylight,Traffic Signal,None Detected,8DCE4FA1-E60F-4A4E-8309-16BBD3CA4266,MD,51604262-8C09-40B2-AFB8-9B15454C13A8,Two O Clock,PassengerCar,EnteringTrafficLane,Southbound,35.0,No,No,2014,DODGE,39.05945517,-77.05050565,Charger_Dodge,13,2025,8,25,13,Monday,2025-08-25,35
701,MCP33280053,250037778,Montgomery_County_Police,Property Damage Crash,2025-08-23 20:04:00,Maryland_State_Route,GEORGIA AVE (SB/L),ENNALLS AVE,Head-On,Lane Violation,Clear,Dry,Dark - Lighted,No Control,None Detected,C8B58B9C-FF34-4DAB-B779-E95408849AA8,MD,96A67C7D-0817-40E5-A61B-F09C5D912DE9,Eleven O Clock,PassengerCar,MovingConstantSpeed,Southbound,25.0,No,No,2008,FORD,39.04095492,-77.05164346,Mustang_Ford,20,2025,8,23,20,Saturday,2025-08-23,34
704,MCP33280053,250037778,Montgomery_County_Police,Property Damage Crash,2025-08-23 20:04:00,Maryland_State_Route,GEORGIA AVE (SB/L),ENNALLS AVE,Head-On,Right-of-Way Violation,Clear,Dry,Dark - Lighted,No Control,None Detected,4B03066F-5C75-413A-A3B3-EA47B36B3248,MD,4673DB07-A910-4FA9-B6F3-F9A0F8D06AF7,Twelve O Clock,PassengerCar,MakingLeftTurn,Westbound,25.0,No,No,2007,NISSAN,39.04095492,-77.05164346,Sentra_Nissan,20,2025,8,23,20,Saturday,2025-08-23,34
707,MCP30530096,250038191,Montgomery_County_Police,Property Damage Crash,2025-08-26 15:40:00,County_Route,RANDOLPH RD (WB/L),TECH RD,Rear-End (Same Direction),Tailgating,Clear,Dry,Daylight,No Control,None Detected,B5689FDC-5667-41C3-841C-2C0874FF865B,MD,AA4A9B15-933F-4085-AC2E-AC76064EE3CC,Twelve O Clock,PassengerCar,MovingConstantSpeed,Westbound,30.0,No,No,2025,HONDA,39.05737146,-77.07458258,Civic_Honda,15,2025,8,26,15,Tuesday,2025-08-26,35
720,DM84980018,250037617,Takoma_Park_Police_Department,Property Damage Crash,2025-08-22 19:00:00,Maryland_State_Route,CRABBS BRANCH WAY,TUCKERMAN LA,Rear-End (Same Direction),Passing / Turning,Clear,Dry,Daylight,No Control,None Detected,C1DE7E6E-8C00-4C41-B073-DCC15A763365,PA,53029C89-76A2-4FAB-9DD9-7D2113CD08D4,Twelve O Clock,PassengerCar,Accelerating,Not On Roadway,2.5,No,No,2011,KIA,38.98844366,-76.98839737,Sorento_Kia,19,2025,8,22,19,Friday,2025-08-22,34
721,MCP33890017,250038687,Montgomery_County_Police,Injury Crash,2025-08-29 14:17:00,County_Route,BROADBIRCH DR,STEWART LA,Angle Collision,Right-of-Way Violation,Clear,Dry,Daylight,Stop Sign,None Detected,0C20AD72-6D88-4979-99B3-9B8FBB2FB438,MD,C1B89D05-2FE3-4BEF-A954-C206B6D4B67D,Eleven O Clock,PassengerCar,EnteringTrafficLane,Not On Roadway,30.0,No,No,2025,HONDA,39.05605093,-76.9650175,CR-V_Honda,14,2025,8,29,14,Friday,2025-08-29,35
728,MCP3320003Y,250038760,Montgomery_County_Police,Injury Crash,2025-08-29 18:30:00,Maryland_State_Route,GEORGIA AVE (SB/L),SLIGO CREEK PKWY,Rear-End (Same Direction),Tailgating,Clear,Dry,Daylight,No Control,None Detected,7C99F893-D82D-4B9F-9924-BDF592839055,MD,88887C61-763A-4A1D-9368-3C6CA7647FEB,Twelve O Clock,PassengerCar,MovingConstantSpeed,Southbound,30.0,No,No,2013,HONDA,39.016219,-77.04292017,Accord_Honda,18,2025,8,29,18,Friday,2025-08-29,35