Unnamed: 0,Report Number,Local Case Number,Agency Name,ACRS Report Type,Crash Date/Time,Route Type,Road Name,Cross-Street Name,Collision Type,Circumstance_Category,Weather,Surface Condition,Light,Traffic Control,Driver Substance Abuse,Person ID,Drivers License State,Vehicle ID,Vehicle First Impact Location,Vehicle Body Type,Vehicle Movement,Vehicle Going Dir,Speed Limit,Driverless Vehicle,Parked Vehicle,Vehicle Year,Vehicle Make,Latitude,Longitude,Vehicle Model,hour,Crash_year,Crash_month,Crash_day,Crash_hour,Crash_day_name,Crash_date,Crash_week
204524,MCP33860035,250034432,Montgomery_County_Police,Property Damage Crash,2025-08-02 15:36:00,Maryland_State_Route,OLD GEORGETOWN RD,11TH AVE,Rear-End (Same Direction),Tailgating,Clear,Dry,Daylight,No Control,Alcohol Present,0835671E-DFED-4B58-BC68-60A065FA1F81,MA,4874677B-63F3-4FD7-85BD-9E31117D1AD2,VehicleNotAtScene,PassengerCar,MovingConstantSpeed,Northbound,30.0,No,No,2020,TOYOTA,38.98644487,-77.09704785,Camry_Toyota,15,2025,8,2,15,Saturday,2025-08-02,31
204525,MCP2016008X,250034414,Montgomery_County_Police,Property Damage Crash,2025-08-02 13:10:00,Ramp_Route,RAMP 3 FR MD 189 EB TO IS 270 NB,GERMANTOWN RD,Rear-End (Same Direction),Surface Condition,Clear,Dry,Daylight,No Control,None Detected,1F7797FC-06FA-4E10-93B3-2F280AE4E13E,MD,40789BCF-8FD1-43D2-91F9-9C94C4D1C9DC,Five O Clock,PassengerCar,MovingConstantSpeed,East,25.0,No,No,2008,TOYOTA,39.074972,-77.16508067,Avalon_Toyota,13,2025,8,2,13,Saturday,2025-08-02,31
204526,MCP2160003G,250034545,Montgomery_County_Police,Property Damage Crash,2025-08-03 15:20:00,County_Route,APPLE RIDGE RD,INDIAN SPRING DR,Rear-End (Same Direction),Tailgating,Clear,Dry,Daylight,No Control,None Detected,58E8C48D-7443-4A8C-9630-C7D8B1740E35,MD,FF889654-FF9E-4DCE-9D1A-E332EA05E5C0,Twelve O Clock,PassengerCar,MovingConstantSpeed,Westbound,30.0,No,No,2005,NISSAN,39.1852145,-77.20830733,Altima_Nissan,15,2025,8,3,15,Sunday,2025-08-03,31
204529,DD57010004,250010443,Rockville_Police_Department,Injury Crash,2025-08-02 17:57:00,Maryland_State_Route,ROCKVILLE PIKE,HALPINE RD,Rear-End (Same Direction),Congestion / Backup,Clear,Dry,Daylight,Traffic Signal,None Detected,9CBA2AFA-0F2D-44C5-A361-46956721CAB1,MD,CF2D3399-778D-4478-997B-1D8F2AC70E6F,Six O Clock,PassengerCar,StoppedInTrafficLane,Northbound,35.0,No,No,2011,BMW,39.0618375,-77.12386169,3 Series_BMW,17,2025,8,2,17,Saturday,2025-08-02,31
204533,MCP24600024,250034196,Montgomery_County_Police,Injury Crash,2025-08-01 05:32:00,Maryland_State_Route,UNIVERSITY BLVD W,MUNCASTER RD REDLAND RD,Other,Road Obstruction,Clear,Dry,Dark - Lighted,Traffic Signal,None Detected,EBD811A0-CA29-475E-852D-48E3DA476AA1,MD,8ABA6728-E028-4E4D-AADD-0F8D4F0108DC,Two O Clock,PassengerCar,MovingConstantSpeed,West,35.0,No,No,2016,HONDA,39.14563906,-77.14398222,Accord_Honda,5,2025,8,1,5,Friday,2025-08-01,31
204534,MCP2845009T,250034671,Montgomery_County_Police,Injury Crash,2025-08-04 14:00:00,Maryland_State_Route,JONES BRIDGE RD,VEIRS MILL RD,Rear-End (Same Direction),Tailgating,Clear,Dry,Daylight,No Control,None Detected,2C26EC6A-3EBA-4DA1-B5F0-D1D97E22118E,DC,CB76DBB0-C861-4577-94A1-7FFBAFF3484B,Twelve O Clock,PickupTruck,SlowingOrStopping,Westbound,25.0,No,No,2016,FORD,39.11044049,-76.93400026,F-550_Ford,14,2025,8,4,14,Monday,2025-08-04,32
204540,MCP3126006W,250034865,Montgomery_County_Police,Injury Crash,2025-08-05 17:39:00,Maryland_State_Route,FREDERICK RD,GUNNERS BRANCH RD,Rear-End (Same Direction),Tailgating,Clear,Dry,Daylight,Traffic Signal,None Detected,AD325507-185C-43C1-B628-6AD57A5377E2,MD,AFC22DCA-996A-4BD3-9320-165DC278F7E4,Twelve O Clock,PassengerCar,MovingConstantSpeed,Northbound,40.0,No,No,2013,NISSAN,39.17841624,-77.23840118,Pathfinder_Nissan,17,2025,8,5,17,Tuesday,2025-08-05,32
204542,MCP30530092,250034300,Montgomery_County_Police,Property Damage Crash,2025-08-01 15:07:00,Interstate_Route,CAPITAL BELTWAY,CLUB HOUSE RD,Rear-End (Same Direction),Tailgating,Clear,Dry,Daylight,No Control,None Detected,7862FE3C-D729-407C-8422-B844EA56BE4C,MD,31838F7F-F239-4397-A6CD-1F351CDC45DE,Twelve O Clock,PassengerCar,MovingConstantSpeed,Eastbound,55.0,No,No,2015,DODGE,39.01341535,-77.04449355,Charger_Dodge,15,2025,8,1,15,Friday,2025-08-01,31
204548,MCP27980070,250034683,Montgomery_County_Police,Property Damage Crash,2025-08-04 15:15:00,County_Route,RIDGE RD (NB/L),STRINGTOWN RD,Rear-End (Same Direction),Tailgating,Clear,Dry,Daylight,No Control,None Detected,D1F24161-3309-409F-A73D-ED5FED4E243E,MD,C2865BD6-058C-4D5E-87CE-EB1347CE1758,One O Clock,PassengerCar,ChangingLanes,Northbound,45.0,No,No,2017,HONDA,39.20088089,-77.25589027,Odyssey_Honda,15,2025,8,4,15,Monday,2025-08-04,32
204554,MCP3258005H,250034549,Montgomery_County_Police,Property Damage Crash,2025-08-03 14:56:00,County_Route,COLLINS AVE,HOLTON LA,Rear-End (Same Direction),Tailgating,Clear,Dry,Daylight,No Control,None Detected,6B99124B-5496-4ABB-961D-3B002B7D0C90,MD,16E50FB6-ADB9-4D0B-93BE-9D96A94DFA26,VehicleNotAtScene,PickupTruck,MovingConstantSpeed,Northbound,20.0,No,No,2015,FORD,39.046316,-77.0610725,F-250_Ford,14,2025,8,3,14,Sunday,2025-08-03,31
204555,MCP2160003G,250034545,Montgomery_County_Police,Property Damage Crash,2025-08-03 15:20:00,County_Route,APPLE RIDGE RD,PRINCE GEORGES CO/L,Rear-End (Same Direction),Tailgating,Clear,Dry,Daylight,No Control,None Detected,3C76AC40-84E1-4900-A447-F56BEB4BB2AF,MD,FB24507E-8D8C-4FFD-ABE4-9C60ABBEE5CF,Six O Clock,SportUtilityVehicle,SlowingOrStopping,Westbound,30.0,No,No,2021,MAZDA,39.1852145,-77.20830733,CX-5_Mazda,15,2025,8,3,15,Sunday,2025-08-03,31
204557,DM84930051,250034721,Takoma_Park_Police_Department,Property Damage Crash,2025-08-01 20:53:00,Maryland_State_Route,NEW HAMPSHIRE AVE (SB/L),BAUER DR,Sideswipe (Same Direction),Lane Violation,Clear,Dry,Dark - Lighted,No Control,None Detected,A8CB7FCC-398F-480B-A141-2CDFBF841720,MD,668B9D46-615E-49B4-9423-55D0FC83C268,VehicleNotAtScene,PassengerCar,MovingConstantSpeed,Southbound,35.0,No,No,2003,HONDA,38.97770252,-76.99194087,Odyssey_Honda,20,2025,8,1,20,Friday,2025-08-01,31
204560,MCP3292002S,250034594,Montgomery_County_Police,Property Damage Crash,2025-08-03 22:15:00,County_Route,AMITY DR,FENTON ST,Sideswipe (Same Direction),Lane Violation,Clear,Dry,Dark - Lighted,No Control,None Detected,C9CF150D-0D9E-4C51-B90D-61098CF19CB7,MD,4D1F315E-8CDF-4207-8114-4E63B1FE00A5,VehicleNotAtScene,PickupTruck,MovingConstantSpeed,Northbound,30.0,No,No,2012,TOYOTA,39.14466813,-77.16823902,Camry_Toyota,22,2025,8,3,22,Sunday,2025-08-03,31
204562,EJ7888007Y,250034705,Gaithersburg_Police_Department,Injury Crash,2025-08-04 16:45:00,Maryland_State_Route,S FREDERICK RD,REDLAND RD,Single Vehicle,Right-of-Way Violation,Clear,Dry,Daylight,No Control,None Detected,70F8C907-BE16-4DA8-B839-4F9E7C79C68D,MD,197FC558-8D43-4D9B-A8A4-6DF276D93BE5,Eleven O Clock,SportUtilityVehicle,MakingRightTurn,Unknown,5.0,No,No,2024,TOYOTA,39.12865468,-77.18565936,RAV4_Toyota,16,2025,8,4,16,Monday,2025-08-04,32
204564,MCP3444000T,250030220,Montgomery_County_Police,Property Damage Crash,2025-08-04 14:00:00,Local_Route,METRORAIL TRACK B2 RAIL,ELTON RD,Rear-End (Same Direction),Tailgating,Clear,Dry,Daylight,Traffic Signal,None Detected,3E4A4481-84A9-4098-B8E9-B425405947FD,XX,6A87655E-2874-42A7-99B0-257458B9A2F3,Twelve O Clock,SportUtilityVehicle,MovingConstantSpeed,Southbound,30.0,No,No,2014,HONDA,39.01599548,-77.04286995,Odyssey_Honda,14,2025,8,4,14,Monday,2025-08-04,32
204569,EJ7916000D,250034550,Gaithersburg_Police_Department,Property Damage Crash,2025-08-03 16:19:00,Maryland_State_Route,RUSSELL AVE,HASTINGS DR,Rear-End (Same Direction),Backing Error,Clear,Dry,Daylight,No Control,None Detected,3F807619-54E3-4BD9-A151-134541897D68,MD,6A93127E-0CA4-4CF0-B8CB-5733467E9C70,One O Clock,PassengerCar,Backing,Unknown,2.5,No,No,2011,FORD,39.12297368,-77.23724045,Fusion_Ford,16,2025,8,3,16,Sunday,2025-08-03,31
204572,MCP235800DY,250034389,Montgomery_County_Police,Injury Crash,2025-08-02 09:30:00,Other_Public_Roadway,LOGAN DR,LOGAN DR PERSIMMON TREE RD,Single Vehicle,Road Obstruction,Clear,Dry,Daylight,Stop Sign,None Detected,959847E7-95A5-4CD6-97BA-5079F1FD0BBE,TX,B7B5C3F8-B01A-4EA4-B284-BAB8A8DF2633,Three O Clock,PassengerCar,MovingConstantSpeed,North,35.0,No,No,2022,TOYOTA,39.00841004,-77.20069514,RAV4_Toyota,9,2025,8,2,9,Saturday,2025-08-02,31
204573,MCP3384001K,250034864,Montgomery_County_Police,Property Damage Crash,2025-08-05 17:30:00,County_Route,FLOWER AVE,ENT TO CHURCH,Rear-End (Same Direction),Driver Inattention,Clear,Dry,Daylight,No Control,None Detected,E0A7D809-8484-4DE3-BFDC-69FF1530DAE3,MD,E286654A-E5AE-4DD3-A7ED-B6567E0A3573,Six O Clock,PassengerCar,MovingConstantSpeed,Not On Roadway,25.0,No,No,2022,HONDA,39.003905,-77.0058835,Accord_Honda,17,2025,8,5,17,Tuesday,2025-08-05,32
204577,EJ79020023,250034742,Gaithersburg_Police_Department,Injury Crash,2025-08-04 22:33:00,Maryland_State_Route,FREDERICK RD (SB/L),QUINCE ORCHARD RD (SB/L),Angle Collision,Right-of-Way Violation,Clear,Dry,Dark - Lighted,Traffic Signal,None Detected,988C2EE1-1E15-4CAC-B926-69C575E3F60C,MD,C32EB681-E65C-4D66-B07F-7A823B2E23A7,Twelve O Clock,PassengerCar,MakingLeftTurn,Northbound,35.0,No,No,2016,TOYOTA,39.15257285,-77.21221816,Camry_Toyota,22,2025,8,4,22,Monday,2025-08-04,32
204578,DD5676000Z,250034369,Rockville_Police_Department,Property Damage Crash,2025-08-02 03:00:00,Municipality_Route,S WASHINGTON ST,KENT ST,Single Vehicle,Driver Inattention,Clear,Dry,Dark - Lighted,Traffic Signal,None Detected,CB8D4084-B709-4402-8BA9-D3474D59614F,MD,9079F0AA-92A0-4D2D-91A9-A660C347A82F,Twelve O Clock,PassengerCar,MovingConstantSpeed,Southbound,30.0,No,No,2007,MAZDA,39.08308573,-77.15289102,Mazda6_Mazda,3,2025,8,2,3,Saturday,2025-08-02,31
204579,MCP23490016,250034764,Montgomery_County_Police,Injury Crash,2025-08-05 08:05:00,Ramp_Route,RAMP 7 FR MD 109 WB TO RAMP 6 (TO IS270),OLD HUNDRED RD,Head-On,Lane Violation,Cloudy,Dry,Daylight,No Control,None Detected,9B0D234D-00C1-41FD-8F5A-A79BDD863149,MD,19A9239C-F040-4AF9-8444-0CD650622C74,Ten O Clock,PickupTruck,MovingConstantSpeed,Eastbound,30.0,No,No,2021,FORD,39.2774326,-77.32479015,Ranger_Ford,8,2025,8,5,8,Tuesday,2025-08-05,32
204582,MCP3227006J,250034287,Montgomery_County_Police,Property Damage Crash,2025-08-01 14:28:00,Maryland_State_Route,LITTLE SENECA PKWY,TEAGARDEN CIR,Sideswipe (Same Direction),Lane Violation,Cloudy,Dry,Daylight,No Control,None Detected,84CCFFDE-4174-4DDF-B060-0594BA3EC582,MD,0A13F6CF-2511-4BED-B5DB-EF6D37DA4D6A,One O Clock,PassengerCar,SlowingOrStopping,Southbound,35.0,No,No,2005,LEXUS,38.99709799,-77.00502679,ES_Lexus,14,2025,8,1,14,Friday,2025-08-01,31
204583,MCP20000027,250034498,Montgomery_County_Police,Property Damage Crash,2025-08-03 03:50:00,County_Route,STRINGTOWN RD (NB/L),PRESERVE PKWY,Single Vehicle,Lane Violation,Clear,Dry,Dark - Lighted,No Control,None Detected,A3A0B599-D1D6-4D52-87E8-25D7334A1752,MD,B420DCA7-63FF-4328-8653-CAA5ABC847CE,Twelve O Clock,PassengerCar,MovingConstantSpeed,Eastbound,30.0,No,No,2019,NISSAN,39.23830013,-77.27654971,Versa_Nissan,3,2025,8,3,3,Sunday,2025-08-03,31
204584,MCP3009008X,250034412,Montgomery_County_Police,Injury Crash,2025-08-02 13:00:00,Maryland_State_Route,FREDERICK RD,GUNNERS BRANCH RD,Angle Collision,Right-of-Way Violation,Clear,Dry,Daylight,Traffic Signal,None Detected,B2DB14A0-2BE5-4657-AA09-92322AD2D659,MD,2719B456-7BAC-474A-A971-0B8DB80BACCC,Two O Clock,PassengerCar,MakingLeftTurn,Eastbound,45.0,No,No,2016,TOYOTA,39.17841361,-77.23840999,Corolla_Toyota,13,2025,8,2,13,Saturday,2025-08-02,31
204585,MCP3243001X,250034283,Montgomery_County_Police,Injury Crash,2025-08-01 14:35:00,Maryland_State_Route,EAST WEST HWY,OLD GEORGETOWN RD,Single Vehicle,Right-of-Way Violation,Cloudy,Dry,Daylight,No Control,None Detected,B183F0C8-7EF7-4E41-BAA5-77A99B499DB5,MD,294FD253-5017-43A2-A59B-8154129507C1,One O Clock,PassengerCar,MakingRightTurn,Eastbound,30.0,No,No,2016,TOYOTA,38.98704833,-77.08403,RAV4_Toyota,14,2025,8,1,14,Friday,2025-08-01,31
204592,MCP2107006P,250034214,Montgomery_County_Police,Property Damage Crash,2025-08-01 08:41:00,Maryland_State_Route,CONNECTICUT AVE,GIST AVE,Rear-End (Same Direction),Speed Related,Rain,Wet,Daylight,No Control,None Detected,9C0C28AA-4824-49A7-A053-21748DE4882D,MD,9EF5A335-3CB0-4844-8C0D-8323066DE4DC,One O Clock,Van - Passenger (&lt;9 Seats),MovingConstantSpeed,Southbound,50.0,No,No,2005,FORD,39.23118483,-77.17859183,E-Series_Ford,8,2025,8,1,8,Friday,2025-08-01,31
204593,MCP2195007H,250034503,Montgomery_County_Police,Injury Crash,2025-08-03 08:26:00,Maryland_State_Route,RIDGE RD (SB/L),SHADY GROVE RD,Head-On,Lane Violation,Clear,Dry,Daylight,No Control,None Detected,88564D90-3754-4E7C-A54B-1FD1A6CA2F08,MD,CFB6FE63-3965-408D-9161-C276976CE7AF,Twelve O Clock,PassengerCar,LeavingTrafficLane,Northbound,40.0,No,No,1999,ACURA,39.24222767,-77.23495395,TL_Acura,8,2025,8,3,8,Sunday,2025-08-03,31
204599,MCP3274002L,250034906,Montgomery_County_Police,Property Damage Crash,2025-08-05 22:31:00,Maryland_State_Route,WISCONSIN AVE,KEY WEST AVE,Angle Collision,Right-of-Way Violation,Clear,Dry,Dark - Lighted,Traffic Signal,None Detected,DA0BBFF8-ADBB-4E79-9CBB-C8C10A4CA3A1,MD,9C373422-4936-43EC-A794-32920C8A0E85,One O Clock,PassengerCar,MovingConstantSpeed,Eastbound,25.0,No,No,2019,TOYOTA,38.9836648,-77.09377301,Corolla_Toyota,22,2025,8,5,22,Tuesday,2025-08-05,32
204605,DM84930051,250034721,Takoma_Park_Police_Department,Property Damage Crash,2025-08-01 20:53:00,Maryland_State_Route,NEW HAMPSHIRE AVE (SB/L),BROAD BROOK DR,Sideswipe (Same Direction),Lane Violation,Clear,Dry,Dark - Lighted,No Control,None Detected,E9947D36-3ACF-4212-9E85-B2D44BFD56AD,DC,137CE1BC-A615-47F2-8CA2-D9F28419BC0D,Three O Clock,PassengerCar,MovingConstantSpeed,Southbound,35.0,No,No,2020,TOYOTA,38.97770252,-76.99194087,RAV4_Toyota,20,2025,8,1,20,Friday,2025-08-01,31
204610,MCP2203009L,250034511,Montgomery_County_Police,Property Damage Crash,2025-08-03 10:30:00,County_Route,RANDOLPH RD (WB/L),ASPEN HILL RD,Sideswipe (Same Direction),Lane Violation,Clear,Dry,Daylight,No Control,None Detected,0B3D05E3-DB5D-487D-8D5F-15C82C40D46E,MD,E1359F7E-A388-4956-B131-E8EF8C6F42E4,Five O Clock,TransitBus,StoppedInTrafficLane,Westbound,35.0,No,No,2023,VOLKSWAGEN,39.05569233,-77.08341133,Jetta_Volkswagen,10,2025,8,3,10,Sunday,2025-08-03,31
204612,MCP2845009T,250034671,Montgomery_County_Police,Injury Crash,2025-08-04 14:00:00,Maryland_State_Route,FIRSTFIELD RD,COMMERCE SQUARE PL,Rear-End (Same Direction),Tailgating,Clear,Dry,Daylight,No Control,None Detected,246457A8-0389-43F0-9EC3-E9DB9472452F,MD,480740FA-3AC1-43A9-AC1B-A2B4CDDEFA83,Six O Clock,PassengerCar,SlowingOrStopping,Westbound,25.0,No,No,2015,HYUNDAI,39.11044049,-76.93400026,Accent_Hyundai,14,2025,8,4,14,Monday,2025-08-04,32
204617,MCP302600F0,250034416,Montgomery_County_Police,Property Damage Crash,2025-08-02 13:15:00,Ramp_Route,RAMP 2 FR IS 495 WB TO MD 187 NB,TWINBROOK PKWY,Rear-End (Same Direction),Tailgating,Clear,Dry,Daylight,Traffic Signal,None Detected,04995F21-646E-40E1-8D9E-055B8A744868,VA,F94DA76E-2B43-4BA7-8FAE-78ABB6701245,Six O Clock,PassengerCar,SlowingOrStopping,Northbound,35.0,No,No,2013,HONDA,39.01732302,-77.11991381,Civic_Honda,13,2025,8,2,13,Saturday,2025-08-02,31
204621,MCP31920065,250034469,Montgomery_County_Police,Injury Crash,2025-08-02 21:10:00,Maryland_State_Route,GEORGIA AVE,THOMAS ST,Rear-End (Same Direction),Tailgating,Clear,Dry,Dark - Lighted,No Control,None Detected,1A188110-9929-4096-9658-930EA1575956,MD,501580F6-BBDD-4E09-8154-9F6BCE0F09F5,Twelve O Clock,PassengerCar,SlowingOrStopping,Northbound,35.0,No,No,2020,CHEVROLET,39.0629597,-77.05444537,Silverado_Chevrolet,21,2025,8,2,21,Saturday,2025-08-02,31
204625,MCP23490016,250034764,Montgomery_County_Police,Injury Crash,2025-08-05 08:05:00,Ramp_Route,RAMP 7 FR MD 109 WB TO RAMP 6 (TO IS270),OLD HUNDRED RD,Head-On,Lane Violation,Cloudy,Dry,Daylight,No Control,None Detected,896BA42B-1577-4A26-8EED-6A3B0BC57730,MD,87E56E52-4167-48AB-9F6F-0676B2A69A1F,Eleven O Clock,SportUtilityVehicle,StoppedInTrafficLane,Westbound,30.0,No,No,2016,NISSAN,39.2774326,-77.32479015,Rogue_Nissan,8,2025,8,5,8,Tuesday,2025-08-05,32
204627,MCP32800077,250034621,Montgomery_County_Police,Injury Crash,2025-08-04 08:05:00,Private_Route,WOOTTON PKWY,MT PISGAH RD OAKVIEW DR,Angle Collision,Right-of-Way Violation,Clear,Dry,Daylight,Stop Sign,None Detected,33FA7240-C321-4576-ACE2-E820D01BB90D,MD,528F9C9E-C883-4AA5-823A-E192E117B593,Three O Clock,Snowmobile,Accelerating,Southbound,25.0,No,No,2010,NISSAN,39.01520593,-76.97688221,Murano_Nissan,8,2025,8,4,8,Monday,2025-08-04,32
204630,DD57010004,250010443,Rockville_Police_Department,Injury Crash,2025-08-02 17:57:00,Maryland_State_Route,ROCKVILLE PIKE,HALPINE RD,Rear-End (Same Direction),Tailgating,Clear,Dry,Daylight,Traffic Signal,None Detected,C69E4FA2-202D-482E-905C-BF4E5C63B9BE,MD,9029D4FE-49D9-4DF3-9B1D-E0CE697C81AB,Twelve O Clock,SportUtilityVehicle,MakingRightTurn,Northbound,35.0,No,No,2006,HONDA,39.0618375,-77.12386169,Pilot_Honda,17,2025,8,2,17,Saturday,2025-08-02,31
204632,MCP2545001T,250034422,Montgomery_County_Police,Property Damage Crash,2025-08-02 14:20:00,County_Route,GRANDVIEW AVE,GROSVENOR METRO STATION,Angle Collision,Right-of-Way Violation,Clear,Dry,Daylight,No Control,None Detected,C527F5E3-BB9A-4B21-9C83-0187497DC47E,DC,3FD0116E-D41F-49EA-B104-11654B3B3B52,Eleven O Clock,SportUtilityVehicle,MakingLeftTurn,Southbound,30.0,No,No,2023,HYUNDAI,39.04208709,-77.05310371,Tucson_Hyundai,14,2025,8,2,14,Saturday,2025-08-02,31
204637,MCP2674006G,250034872,Montgomery_County_Police,Property Damage Crash,2025-08-05 17:39:00,Maryland_State_Route,RIDGE RD,REEDIE DR,Single Vehicle,Driver Inattention,Clear,Dry,Daylight,No Control,None Detected,74D7C13E-E4D9-41FE-BCEB-C992A0EB6FD6,MD,9458832B-2F91-440F-81B5-F3FD59F56606,One O Clock,Van - Passenger (&lt;9 Seats),MovingConstantSpeed,Northbound,30.0,No,No,2022,TOYOTA,39.28226477,-77.21137926,Sienna_Toyota,17,2025,8,5,17,Tuesday,2025-08-05,32
204638,MCP302600F0,250034416,Montgomery_County_Police,Property Damage Crash,2025-08-02 13:15:00,Ramp_Route,RAMP 2 FR IS 495 WB TO MD 187 NB,NEW HAMPSHIRE AVE (SB/L),Rear-End (Same Direction),Tailgating,Clear,Dry,Daylight,Traffic Signal,None Detected,25D7171B-A700-40ED-9F39-10786F1C5CB4,MD,D9479F3D-0D89-4724-941A-E7E5B57D553B,Six O Clock,PassengerCar,SlowingOrStopping,Northbound,35.0,No,No,2012,TOYOTA,39.01732302,-77.11991381,Prius c_Toyota,13,2025,8,2,13,Saturday,2025-08-02,31
204644,MCP31920065,250034469,Montgomery_County_Police,Injury Crash,2025-08-02 21:10:00,Maryland_State_Route,GEORGIA AVE,LESTER ST,Rear-End (Same Direction),Tailgating,Clear,Dry,Dark - Lighted,No Control,None Detected,8DA000A4-57E2-4205-828A-4B3899745DB5,MD,AA6D7B28-3130-4FBD-831A-4499B807C70E,Six O Clock,PassengerCar,SlowingOrStopping,Northbound,35.0,No,No,2008,TOYOTA,39.0629597,-77.05444537,Corolla_Toyota,21,2025,8,2,21,Saturday,2025-08-02,31
204645,MCP33790024,250034707,Montgomery_County_Police,Property Damage Crash,2025-08-04 17:20:00,County_Route,CINNAMON DR,CLOPPER RD,Angle Collision,Backing Error,Clear,Dry,Daylight,Stop Sign,None Detected,20D751C2-D026-4EA0-9DAD-B7F4AF303795,MD,152D9B00-9D25-4303-9C31-0B6058C6E2B2,Seven O Clock,TruckTractor,EnteringTrafficLane,Westbound,25.0,No,No,2017,BMW,39.15616201,-77.26444457,3 Series_BMW,17,2025,8,4,17,Monday,2025-08-04,32
204646,MCP32880037,250034563,Montgomery_County_Police,Property Damage Crash,2025-08-03 17:27:00,County_Route,CENTERWAY RD,GOSHEN RD,Sideswipe (Opposite Direction),Right-of-Way Violation,Clear,Dry,Daylight,Traffic Signal,None Detected,E5103AC6-FFF8-4024-897C-930192E1C372,MD,AC3FCBE1-3C3D-44C4-84A7-D83E78F28EC2,Eleven O Clock,PassengerCar,MakingLeftTurn,South,35.0,No,No,2013,HYUNDAI,39.1695045,-77.1905345,Elantra_Hyundai,17,2025,8,3,17,Sunday,2025-08-03,31
204654,MCP295200FZ,250034203,Montgomery_County_Police,Property Damage Crash,2025-08-01 06:57:00,Maryland_State_Route,COLESVILLE RD (WB/L),COLUMBIA PIKE,Rear-End (Same Direction),Tailgating,Cloudy,Wet,Daylight,No Control,None Detected,BF6E4D3D-C562-4FF0-ACBB-EFF923E6B4F4,MD,EC2F4EC0-0D11-4BC0-93C8-3E1C1162B829,Six O Clock,Van - Passenger (&lt;9 Seats),SlowingOrStopping,Southbound,30.0,No,No,2020,TOYOTA,38.99259243,-77.03545641,Sienna_Toyota,6,2025,8,1,6,Friday,2025-08-01,31
204661,MCP219800HP,250034314,Montgomery_County_Police,Injury Crash,2025-08-01 17:34:00,County_Route,SHADY GROVE RD,RAMP 2 FR MD 200 WB TO MD 182,Rear-End (Same Direction),Tailgating,Cloudy,Dry,Daylight,No Control,None Detected,490DBB05-A847-438B-9678-65AA6DA9E4F1,MD,64EDA2EC-95CE-4C19-BA26-80896ED7B7CF,Twelve O Clock,PassengerCar,MovingConstantSpeed,Northbound,40.0,No,No,2021,SUBARU,39.1362185,-77.155445,Crosstrek_Subaru,17,2025,8,1,17,Friday,2025-08-01,31
204663,MCP2412002B,250034188,Montgomery_County_Police,Injury Crash,2025-08-01 01:34:00,County_Route,TURKEY FOOT RD,SILVER CREST DR,Single Vehicle,Driver Inattention,Clear,Dry,Dark - Not Lighted,Warning Sign,Suspect Alcohol Only,C072981E-00FF-45B3-B12A-8D66055C3ADC,MD,680A4B3B-B046-415A-9B88-DD1BADF30121,Eleven O Clock,PassengerCar,NegotiatingCurve,Northbound,25.0,No,No,2014,VOLKSWAGEN,39.10067746,-77.28406428,Jetta_Volkswagen,1,2025,8,1,1,Friday,2025-08-01,31
204664,DD5690000C,250034377,Rockville_Police_Department,Property Damage Crash,2025-08-02 06:23:00,Municipality_Route,CROCUS DR,ENT TO PARKING,Head-On,Lane Violation,Clear,Dry,Dark - Unknown Lighting,No Control,None Detected,BCAD30A5-7854-45BA-8E60-ADF5F9F05B84,MD,E5477C41-528F-48B0-8F27-1D9F9944A081,Eleven O Clock,PassengerCar,MovingConstantSpeed,Northbound,20.0,No,No,1997,JEEP,39.09473908,-77.17288076,Cherokee_Jeep,6,2025,8,2,6,Saturday,2025-08-02,31
204665,MCP2016008X,250034414,Montgomery_County_Police,Property Damage Crash,2025-08-02 13:10:00,Ramp_Route,RAMP 3 FR MD 189 EB TO IS 270 NB,YELLOWSTONE WAY,Rear-End (Same Direction),Congestion / Backup,Clear,Dry,Daylight,No Control,None Detected,7FD2CACE-93C6-4155-A5A2-D71DEA0B3C65,MD,B8CDDB37-1A01-492C-8FEC-880B111B6659,Eleven O Clock,PassengerCar,MovingConstantSpeed,West,25.0,No,No,2019,DODGE,39.074972,-77.16508067,Charger_Dodge,13,2025,8,2,13,Saturday,2025-08-02,31
204667,MCP34360011,250034289,Montgomery_County_Police,Property Damage Crash,2025-08-01 14:38:00,County_Route,SHADY GROVE RD,HOMECREST RD,Angle Collision,Right-of-Way Violation,Clear,Dry,Daylight,No Control,None Detected,6BDEB490-E35A-42F0-988C-F451101762E5,MD,38CEEDCF-ED53-4A94-AC30-3EC14C607653,Four O Clock,PassengerCar,MovingConstantSpeed,Westbound,35.0,No,No,2024,CADILLAC,39.08676764,-76.95746633,CTS_Cadillac,14,2025,8,1,14,Friday,2025-08-01,31
204669,MCP2335002M,250034480,Montgomery_County_Police,Property Damage Crash,2025-08-02 20:30:00,Maryland_State_Route,RIDGE RD (SB/L),PREAKNESS DR,Rear-End (Same Direction),Tailgating,Clear,Dry,Dark - Lighted,No Control,None Detected,CEF6817A-391D-46B2-BA2E-923691F82CB1,MD,CE5BA382-7B29-4FB1-A752-BAFDCDDFCA13,Twelve O Clock,PassengerCar,SlowingOrStopping,Southbound,40.0,No,No,2019,TOYOTA,39.26022133,-77.22323645,Camry_Toyota,20,2025,8,2,20,Saturday,2025-08-02,31