Unnamed: 0,Report Number,Local Case Number,Agency Name,ACRS Report Type,Crash Date/Time,Route Type,Road Name,Cross-Street Name,Collision Type,Circumstance_Category,Weather,Surface Condition,Light,Traffic Control,Driver Substance Abuse,Person ID,Drivers License State,Vehicle ID,Vehicle First Impact Location,Vehicle Body Type,Vehicle Movement,Vehicle Going Dir,Speed Limit,Driverless Vehicle,Parked Vehicle,Vehicle Year,Vehicle Make,Latitude,Longitude,Vehicle Model,hour,Crash_year,Crash_month,Crash_day,Crash_hour,Crash_day_name,Crash_date,Crash_week
204670,MCP2927004T,250034291,Montgomery_County_Police,Property Damage Crash,2025-08-01 14:50:00,Maryland_State_Route,GEORGIA AVE,WASH DC LINE,Sideswipe (Same Direction),Congestion / Backup,Clear,Dry,Daylight,No Control,None Detected,8EA6E5A8-9E89-442D-850F-17821ECB0144,DC,3185CCB9-8F2F-44AF-9771-8B4AF0DE1B87,Ten O Clock,TransitBus,StoppedInTrafficLane,Northbound,30.0,No,No,2019,NISSAN,39.00937869,-77.0405096,Pathfinder_Nissan,14,2025,8,1,14,Friday,2025-08-01,31
204672,MCP3227006J,250034287,Montgomery_County_Police,Property Damage Crash,2025-08-01 14:28:00,Maryland_State_Route,FISHER AVE,BROOKVILLE RD,Sideswipe (Same Direction),Right-of-Way Violation,Cloudy,Dry,Daylight,No Control,None Detected,CB72A091-81F1-4464-887A-50D39A7AAED3,MD,93DBC7EF-86CB-43D2-A8B3-61A32EC5955D,Eleven O Clock,PassengerCar,EnteringTrafficLane,Southbound,35.0,No,No,2024,JEEP,38.99709799,-77.00502679,Compass_Jeep,14,2025,8,1,14,Friday,2025-08-01,31
204673,MCP23490016,250034764,Montgomery_County_Police,Injury Crash,2025-08-05 08:05:00,Ramp_Route,RAMP 7 FR MD 109 WB TO RAMP 6 (TO IS270),OLD HUNDRED RD,Head-On,Right-of-Way Violation,Cloudy,Dry,Daylight,No Control,None Detected,DD2F23EF-1A65-46A8-A175-06053C9BE9CC,MD,BF5C4D1D-7303-4399-BF53-DE87E5E4F96F,Twelve O Clock,PassengerCar,MakingLeftTurn,Westbound,30.0,No,No,2020,HYUNDAI,39.2774326,-77.32479015,Elantra_Hyundai,8,2025,8,5,8,Tuesday,2025-08-05,32
204676,MCP3456000T,250034619,Montgomery_County_Police,Property Damage Crash,2025-08-04 08:30:00,Maryland_State_Route,UNIVERSITY BLVD E,OAKVIEW DR,Single Vehicle,Backing Error,Clear,Dry,Daylight,Traffic Signal,None Detected,9F8D7567-37FA-4DCF-9727-C276BAB9EF7B,MD,F37355D7-109E-4836-BFE2-9AF465FD6B8A,Six O Clock,SportUtilityVehicle,Backing,Not On Roadway,2.5,No,No,2020,KIA,39.07473358,-77.00349949,Sorento_Kia,8,2025,8,4,8,Monday,2025-08-04,32
204685,MCP30530092,250034300,Montgomery_County_Police,Property Damage Crash,2025-08-01 15:07:00,Interstate_Route,CAPITAL BELTWAY,COMUS RD,Rear-End (Same Direction),Tailgating,Clear,Dry,Daylight,No Control,None Detected,61AFCBF3-88B3-43B2-8109-6919DC84F3C8,VA,206B0C7D-C268-4C0A-8EA6-8928C2E2B4B5,Six O Clock,PassengerCar,MovingConstantSpeed,Eastbound,55.0,No,No,2020,HONDA,39.01341535,-77.04449355,CR-V_Honda,15,2025,8,1,15,Friday,2025-08-01,31
204689,DM85260004,250034228,Takoma_Park_Police_Department,Injury Crash,2025-08-01 09:56:00,Maryland_State_Route,NEW HAMPSHIRE AVE (SB/L),ALLEY #4,Angle Collision,Right-of-Way Violation,Rain,Wet,Daylight,Traffic Signal,None Detected,6E88ADDA-0D0D-43FF-9A71-0F69C00CA52F,MD,89CF58F9-5754-4E37-8772-BA2BB7840AA8,Three O Clock,SportUtilityVehicle,MovingConstantSpeed,Westbound,35.0,No,No,2025,CHRYSLER,38.98760157,-76.9879189,Pacifica_Chrysler,9,2025,8,1,9,Friday,2025-08-01,31
204693,MCP304800F7,250034202,Montgomery_County_Police,Injury Crash,2025-08-01 07:30:00,Maryland_State_Route,NEBEL ST,CORDELL AVE,Single Vehicle,Right-of-Way Violation,Cloudy,Wet,Daylight,Stop Sign,None Detected,931665C6-B660-4A3A-BDA7-1528A63482A3,MD,5E476E36-8A9B-41B0-938E-3AFEAFF147CF,NonCollision,PassengerCar,MakingRightTurn,Westbound,15.0,No,No,2019,VOLVO,38.98794589,-77.09950925,XC90_Volvo,7,2025,8,1,7,Friday,2025-08-01,31
204698,MCP296500BD,250034205,Montgomery_County_Police,Property Damage Crash,2025-08-01 07:55:00,County_Route,SHADY GROVE RD,FAIRWEATHER DR VIBURNUM WAY,Sideswipe (Opposite Direction),Lane Violation,Rain,Wet,Daylight,No Control,None Detected,443DD0B9-3A66-41D3-968C-967CB5EA861D,MD,B467FCEA-BDCA-4C08-8043-E767558176F4,Three O Clock,SchoolBus,MakingLeftTurn,Eastbound,30.0,No,No,2019,LEXUS,39.15863388,-77.06285399,RX 350_Lexus,7,2025,8,1,7,Friday,2025-08-01,31
204699,MCP2195007J,250034534,Montgomery_County_Police,Property Damage Crash,2025-08-03 14:05:00,Interstate_Route,EISENHOWER MEMORIAL HWY,VEIRS MILL RD,Rear-End (Same Direction),Tailgating,Clear,Dry,Daylight,No Control,None Detected,78BBC60D-97CA-4B5A-A7E7-937D3359204A,MD,7314D117-D250-4BFE-817B-FBBA489C1DDE,Twelve O Clock,Van - Passenger (&lt;9 Seats),MovingConstantSpeed,Northbound,55.0,No,No,2015,FORD,39.22887966,-77.28293934,Transit_Ford,14,2025,8,3,14,Sunday,2025-08-03,31
204700,MCP34360013,250034431,Montgomery_County_Police,Injury Crash,2025-08-02 15:21:00,County_Route,GREAT SENECA HWY,MERRIMAC DR,Rear-End (Same Direction),Tailgating,Clear,Dry,Daylight,No Control,None Detected,D21920E2-2000-482B-AF07-2D94F443097E,MD,92948023-D527-464D-8995-AD2ED5E9FA8A,VehicleNotAtScene,PassengerCar,MovingConstantSpeed,Northbound,25.0,No,No,2008,HYUNDAI,39.08087224,-76.94258039,Elantra_Hyundai,15,2025,8,2,15,Saturday,2025-08-02,31
204702,MCP3299004Y,250034788,Montgomery_County_Police,Property Damage Crash,2025-08-05 10:41:00,County_Route,BEL PRE RD (EB/L),BONIFANT RD,Head-On,Right-of-Way Violation,Clear,Dry,Daylight,Traffic Signal,None Detected,52A3A989-06AF-4E07-A061-413AA9255945,MD,171DA698-ED19-41C0-BD0A-3E29B44B8FD1,Twelve O Clock,PassengerCar,MakingLeftTurn,Eastbound,35.0,No,No,2016,JEEP,39.09071033,-77.04477417,Cherokee_Jeep,10,2025,8,5,10,Tuesday,2025-08-05,32
204703,MCP34360013,250034431,Montgomery_County_Police,Injury Crash,2025-08-02 15:21:00,County_Route,E DIAMOND AVE,BEL PRE RD,Rear-End (Same Direction),Congestion / Backup,Clear,Dry,Daylight,No Control,None Detected,739269E0-EF27-4D0B-80B7-E91CFE69D8CD,MD,159D3216-B66E-4763-8153-9673B37FD3D2,Six O Clock,PassengerCar,StoppedInTrafficLane,Northbound,25.0,No,No,2019,HONDA,39.08087224,-76.94258039,Civic_Honda,15,2025,8,2,15,Saturday,2025-08-02,31
204710,MCP3444000T,250030220,Montgomery_County_Police,Property Damage Crash,2025-08-04 14:00:00,Local_Route,METRORAIL TRACK B2 RAIL,CORDELL AVE,Rear-End (Same Direction),Congestion / Backup,Clear,Dry,Daylight,Traffic Signal,None Detected,7AAB12A2-DCD2-43CA-B722-7CA15939662B,MD,49C021BC-4122-4884-953F-27E6238A4415,Six O Clock,PassengerCar,StoppedInTrafficLane,Southbound,30.0,No,No,2017,HONDA,39.01599548,-77.04286995,Accord_Honda,14,2025,8,4,14,Monday,2025-08-04,32
204711,MCP3299004Y,250034788,Montgomery_County_Police,Property Damage Crash,2025-08-05 10:41:00,County_Route,BEL PRE RD (EB/L),BONIFANT RD,Head-On,Right-of-Way Violation,Clear,Dry,Daylight,Traffic Signal,None Detected,48ED0218-DA0E-4A16-AF93-01A274024F50,MD,6D39328A-3931-4CF6-A948-9B912E4B3050,One O Clock,PassengerCar,MovingConstantSpeed,Westbound,35.0,No,No,2020,HONDA,39.09071033,-77.04477417,Civic_Honda,10,2025,8,5,10,Tuesday,2025-08-05,32
204712,MCP296500BD,250034205,Montgomery_County_Police,Property Damage Crash,2025-08-01 07:55:00,County_Route,FREDERICK RD,FAIRWEATHER DR VIBURNUM WAY,Sideswipe (Opposite Direction),Speed Related,Rain,Wet,Daylight,No Control,None Detected,4FE8A524-642A-4690-99D7-CF19DC7EE199,MD,26DA0F44-4D92-4EC1-AEB0-944DDF7E3093,Twelve O Clock,VanCargo,MovingConstantSpeed,Westbound,30.0,No,No,2024,FORD,39.15863388,-77.06285399,Transit_Ford,7,2025,8,1,7,Friday,2025-08-01,31
204714,MCP2260002T,250034207,Montgomery_County_Police,Property Damage Crash,2025-08-01 08:00:00,Maryland_State_Route,NORBECK RD,OUT CORP LMTS GAITHERSBURG,Angle Collision,Backing Error,Cloudy,Dry,Daylight,Traffic Signal,None Detected,7C25AD31-0824-413B-9FD2-8EAFE35772A4,MD,2A87F0BA-D28F-4292-91F6-0E45C49809A7,Seven O Clock,PickupTruck,Backing,Not On Roadway,2.5,No,No,2006,CHEVROLET,39.28770839,-77.20030037,Silverado_Chevrolet,8,2025,8,1,8,Friday,2025-08-01,31
204715,MCP295200FZ,250034203,Montgomery_County_Police,Property Damage Crash,2025-08-01 06:57:00,Maryland_State_Route,COLESVILLE RD (WB/L),GIRARD ST,Rear-End (Same Direction),Driver Inattention,Cloudy,Wet,Daylight,No Control,Suspect Alcohol Only,4420B359-3231-48F9-8C5B-375FA0407516,MD,CC92ABBC-9D5D-4602-82D7-75E353F116EC,Twelve O Clock,SportUtilityVehicle,Accelerating,Southbound,30.0,No,No,2014,LAND ROVER,38.99259243,-77.03545641,Range Rover Sport_Land Rover,6,2025,8,1,6,Friday,2025-08-01,31
204718,MCP3384001K,250034864,Montgomery_County_Police,Property Damage Crash,2025-08-05 17:30:00,County_Route,FLOWER AVE,GREENCASTLE RD,Rear-End (Same Direction),Tailgating,Clear,Dry,Daylight,No Control,None Detected,AE2F5878-AD2A-4FFC-B832-EB0BFB5FFFD9,MD,2AB0285A-1DEB-4684-B2A3-D6958D93DD18,Twelve O Clock,PassengerCar,MovingConstantSpeed,Not On Roadway,25.0,No,No,2007,TOYOTA,39.003905,-77.0058835,Camry_Toyota,17,2025,8,5,17,Tuesday,2025-08-05,32
204720,DD5659000Z,250034704,Rockville_Police_Department,Property Damage Crash,2025-08-04 16:50:00,Crossover,WELLER RD,COLESVILLE RD,Angle Collision,Road Obstruction,Clear,Dry,Daylight,No Control,None Detected,C8C62661-8856-4334-AEA8-BF692546D8D6,MD,44DAAE08-74A7-4011-B91F-8109A9C31D55,Twelve O Clock,PassengerCar,MovingConstantSpeed,North,40.0,No,No,2019,HONDA,39.06043341,-77.12270635,Odyssey_Honda,16,2025,8,4,16,Monday,2025-08-04,32
204722,MCP3444000T,250030220,Montgomery_County_Police,Property Damage Crash,2025-08-04 14:00:00,Local_Route,METRORAIL TRACK B2 RAIL,LAKE CHRISTOPHER DR,Rear-End (Same Direction),Congestion / Backup,Clear,Dry,Daylight,Traffic Signal,None Detected,684F278D-A4AF-4348-8F66-D5A9A839B6F8,MD,DE6DD1A3-EE86-4AF1-A6F9-19806EB34DD1,Six O Clock,PassengerCar,StoppedInTrafficLane,Southbound,30.0,No,No,2021,VOLKSWAGEN,39.01599548,-77.04286995,Golf_Volkswagen,14,2025,8,4,14,Monday,2025-08-04,32
204725,DD5690000D,250034507,Rockville_Police_Department,Property Damage Crash,2025-08-03 10:17:00,Municipality_Route,W MONTGOMERY AVE,N ADAMS ST S ADAMS ST,Head-On,Lane Violation,Clear,Dry,Daylight,No Control,None Detected,6CF1956A-566A-4867-8CF8-81D276D63D84,MD,A9311029-1127-453E-ACEB-EEB9F042FE20,One O Clock,PassengerCar,MovingConstantSpeed,Westbound,25.0,No,No,2020,JEEP,39.08416377,-77.15481251,Compass_Jeep,10,2025,8,3,10,Sunday,2025-08-03,31
204734,MCP2568001B,250034496,Montgomery_County_Police,Property Damage Crash,2025-08-03 04:22:00,County_Route,ELNORA ST,CAMERON ST,Sideswipe (Same Direction),Lane Violation,Clear,Dry,Dark - Not Lighted,No Control,None Detected,1A026F76-CF2A-4C8B-96F5-660047156293,MD,A6BCA1C9-E35F-4C86-B827-8B152523FB44,Eleven O Clock,SportUtilityVehicle,MovingConstantSpeed,Eastbound,20.0,No,No,2023,JEEP,39.04487667,-77.054675,Grand Cherokee_Jeep,4,2025,8,3,4,Sunday,2025-08-03,31
204738,MCP9429001L,250034426,Montgomery_County_Police,Property Damage Crash,2025-08-02 13:44:00,County_Route,SILVER SPRING AVE,BOLAND FARM RD,Sideswipe (Same Direction),Right-of-Way Violation,Clear,Dry,Daylight,Other Pavement Marking,None Detected,DC9D3FD7-AD4B-4E32-BE1C-23EBBE7391D5,DC,2E986EBD-1B2D-4FC7-83B0-6B5A5844D806,Eleven O Clock,PassengerCar,EnteringTrafficLane,Westbound,25.0,No,No,2013,LEXUS,38.99162399,-77.02633485,GS_Lexus,13,2025,8,2,13,Saturday,2025-08-02,31
204743,MCP06170072,250034392,Montgomery_County_Police,Injury Crash,2025-08-01 09:11:00,County_Route,HOWARD CHAPEL RD,SUNDOWN RD,Single Vehicle,Lane Violation,Clear,Dry,Daylight,No Control,None Detected,C897BAE3-C8E6-4DEE-9972-4B2E5F44D77C,MD,6BFFFF54-545E-4C90-AF95-CA29A376C13B,Twelve O Clock,PassengerCar,Passing,Northbound,35.0,No,No,2000,HONDA,39.22375411,-77.07725625,Civic_Honda,9,2025,8,1,9,Friday,2025-08-01,31
204745,EJ79020023,250034742,Gaithersburg_Police_Department,Injury Crash,2025-08-04 22:33:00,Maryland_State_Route,FREDERICK RD (SB/L),QUINCE ORCHARD RD (SB/L),Angle Collision,Right-of-Way Violation,Clear,Dry,Dark - Lighted,Traffic Signal,None Detected,BADCCBCC-5693-4F4A-B17B-D2D85075A9D0,MD,67929AC7-0B95-423B-AB0D-0CEBB5C917F2,Ten O Clock,Motorcycle2Wheeled,MakingLeftTurn,Southbound,35.0,No,No,2023,NISSAN,39.15257285,-77.21221816,Altima_Nissan,22,2025,8,4,22,Monday,2025-08-04,32
204748,MCP32800076,250034231,Montgomery_County_Police,Injury Crash,2025-08-01 10:05:00,Local_Route,VETERANS PL,PERSHING DR,Angle Collision,Right-of-Way Violation,Rain,Wet,Daylight,Stop Sign,None Detected,099A63B5-3C76-46D5-9CD1-E35B034118AB,MD,4FCED71E-FBFC-4DC0-B35C-F4DBE6D47B0A,Eleven O Clock,PassengerCar,MakingRightTurn,Not On Roadway,25.0,No,No,2017,TOYOTA,38.99745322,-77.02368514,Corolla_Toyota,10,2025,8,1,10,Friday,2025-08-01,31
204752,MCP27980070,250034683,Montgomery_County_Police,Property Damage Crash,2025-08-04 15:15:00,County_Route,RIDGE RD (NB/L),BAUER DR,Rear-End (Same Direction),Tailgating,Clear,Dry,Daylight,No Control,None Detected,AAAAE036-D810-40B2-97F1-A8A6AEE093A6,MD,CC2E997D-9B3E-4FC4-A9F5-DBE0679BC098,One O Clock,PassengerCar,MovingConstantSpeed,Northbound,45.0,No,No,2018,FORD,39.20088089,-77.25589027,Taurus_Ford,15,2025,8,4,15,Monday,2025-08-04,32
204755,DM85260004,250034228,Takoma_Park_Police_Department,Injury Crash,2025-08-01 09:56:00,Maryland_State_Route,NEW HAMPSHIRE AVE (SB/L),ALLEY #4,Angle Collision,Driver Inattention,Rain,Wet,Daylight,Traffic Signal,None Detected,282431DF-795A-4E8C-B6DC-27803B339888,MD,B3BE1F18-1ADD-49A3-8AE3-3F591CC1F563,Twelve O Clock,PassengerCar,MovingConstantSpeed,Southbound,35.0,No,No,2015,TOYOTA,38.98760157,-76.9879189,Camry_Toyota,9,2025,8,1,9,Friday,2025-08-01,31
204756,MCP9429001L,250034426,Montgomery_County_Police,Property Damage Crash,2025-08-02 13:44:00,County_Route,SILVER SPRING AVE,STRATHMORE AVE,Sideswipe (Same Direction),Passing / Turning,Clear,Dry,Daylight,Other Pavement Marking,None Detected,DE892777-6925-4BCF-BD10-16773940ED83,MD,D3090511-ECDC-40B8-BE17-32354B50E9DF,Five O Clock,Other,MovingConstantSpeed,Westbound,25.0,No,No,2020,FORD,38.99162399,-77.02633485,F-450_Ford,13,2025,8,2,13,Saturday,2025-08-02,31
204757,MCP209400PK,250034644,Montgomery_County_Police,Property Damage Crash,2025-08-04 11:12:00,Maryland_State_Route,EAST WEST HWY,CONNECTICUT AVE,Sideswipe (Same Direction),Passing / Turning,Clear,Dry,Daylight,Traffic Signal,None Detected,C174A1E3-2F68-4822-8FF9-E65D1035FF5F,MD,07298FBA-BF9A-4974-9D8E-2AE3E46E6A5E,Two O Clock,OtherTruck,MakingRightTurn,Westbound,35.0,No,No,2021,CHEVROLET,38.98793082,-77.07702698,Express_Chevrolet,11,2025,8,4,11,Monday,2025-08-04,32
204761,MCP34360012,250034424,Montgomery_County_Police,Injury Crash,2025-08-02 14:31:00,US_State_Route,COLUMBIA PIKE,STRUC #15009 NORTHWEST BRANCH,Rear-End (Same Direction),Congestion / Backup,Clear,Dry,Daylight,Traffic Signal,None Detected,601B95FB-8608-41AB-A26F-0AD131A801FC,MD,9C555C22-E5B2-46B2-9562-4ABB08E23FB8,Six O Clock,PassengerCar,StoppedInTrafficLane,Northbound,50.0,No,No,2016,HONDA,39.09420267,-76.93878767,Civic_Honda,14,2025,8,2,14,Saturday,2025-08-02,31
204762,MCP219800HP,250034314,Montgomery_County_Police,Injury Crash,2025-08-01 17:34:00,County_Route,SHADY GROVE RD,RAMSEY AVE,Rear-End (Same Direction),Tailgating,Cloudy,Dry,Daylight,No Control,None Detected,66FC60CF-174C-482F-B47A-C94B28203DED,MD,AAFE21D5-CFA6-4B3A-887A-4371648618ED,Six O Clock,PassengerCar,SlowingOrStopping,Northbound,40.0,No,No,2016,TOYOTA,39.1362185,-77.155445,RAV4_Toyota,17,2025,8,1,17,Friday,2025-08-01,31
204770,MCP3126006W,250034865,Montgomery_County_Police,Injury Crash,2025-08-05 17:39:00,Maryland_State_Route,FREDERICK RD,GUNNERS BRANCH RD,Rear-End (Same Direction),Tailgating,Clear,Dry,Daylight,Traffic Signal,None Detected,DEB121EC-3991-47CF-8CE0-D69D816624EC,MD,2E3A4A3B-C441-4DA6-AAF1-C055821FEA1F,Six O Clock,PassengerCar,SlowingOrStopping,Northbound,40.0,No,No,2024,CHEVROLET,39.17841624,-77.23840118,Silverado_Chevrolet,17,2025,8,5,17,Tuesday,2025-08-05,32
204772,MCP302600F0,250034416,Montgomery_County_Police,Property Damage Crash,2025-08-02 13:15:00,Ramp_Route,RAMP 2 FR IS 495 WB TO MD 187 NB,RAMP 4 FR MD 187 NB TO IS 495 EB,Rear-End (Same Direction),Speed Related,Clear,Dry,Daylight,Traffic Signal,None Detected,2F635FFF-9EB5-4955-AC28-18C55324CC80,MD,69A439F6-BC80-488A-9CA2-488A49872107,Twelve O Clock,PassengerCar,MovingConstantSpeed,Northbound,35.0,No,No,2016,TESLA,39.01732302,-77.11991381,Model S_Tesla,13,2025,8,2,13,Saturday,2025-08-02,31
204781,MCP3258005J,250034567,Montgomery_County_Police,Property Damage Crash,2025-08-03 16:39:00,Maryland_State_Route,CENTERWAY RD,CHARLES RD,Other,Weather Related,Clear,Wet,Daylight,No Control,None Detected,78189035-4DA6-47C1-ADDE-5F35DA5C11A5,MD,401FCD9E-551F-4871-BCB4-02BDCB54B746,VehicleNotAtScene,PassengerCar,StoppedInTrafficLane,Unknown,2.5,No,No,2008,AUDI,39.03462686,-77.05398514,A4_Audi,16,2025,8,3,16,Sunday,2025-08-03,31
204782,MCP34360012,250034424,Montgomery_County_Police,Injury Crash,2025-08-02 14:31:00,US_State_Route,COLUMBIA PIKE,OLD GEORGETOWN RD (SB/L),Rear-End (Same Direction),Speed Related,Clear,Dry,Daylight,Traffic Signal,None Detected,FB74049F-8C33-432F-8891-F08D90B51047,MD,9617AC20-CDDF-40D5-92D4-E3CE6F70DB6F,Twelve O Clock,PassengerCar,MovingConstantSpeed,Northbound,50.0,No,No,2018,BMW,39.09420267,-76.93878767,X1_BMW,14,2025,8,2,14,Saturday,2025-08-02,31
204783,MCP2950003D,250034356,Montgomery_County_Police,Injury Crash,2025-08-02 00:04:00,Local_Route,DOE NORTH ENTRANCE RD,AIRCRAFT DR GERMANTOWN RD,Single Vehicle,Lane Violation,Clear,Dry,Dark - Lighted,Traffic Signal,Suspect Alcohol Only,08C2D782-95CA-49DD-8C79-6C48505F9663,MD,D0B9E8F6-3D38-46D0-BFD2-93E96FAC7CD2,Twelve O Clock,OtherBus,MakingLeftTurn,Eastbound,45.0,No,No,2013,FORD,39.18197858,-77.26009946,F-550_Ford,0,2025,8,2,0,Saturday,2025-08-02,31
204784,MCP2195007H,250034503,Montgomery_County_Police,Injury Crash,2025-08-03 08:26:00,Maryland_State_Route,RIDGE RD (SB/L),CRESTMOOR DR,Head-On,Lane Violation,Clear,Dry,Daylight,No Control,None Detected,432059AC-C84F-4C71-B72F-67EA166AE2CD,MD,6F71F194-F02F-48E8-AE3B-2372E190F404,Eleven O Clock,SportUtilityVehicle,MovingConstantSpeed,Southbound,40.0,No,No,2014,FORD,39.24222767,-77.23495395,Explorer_Ford,8,2025,8,3,8,Sunday,2025-08-03,31
204788,MCP2927004T,250034291,Montgomery_County_Police,Property Damage Crash,2025-08-01 14:50:00,Maryland_State_Route,GEORGIA AVE,HELLINGLY PL,Sideswipe (Same Direction),Lane Violation,Clear,Dry,Daylight,No Control,None Detected,4DE18782-C53F-42F3-993E-C20F4766716C,MD,3A5699F4-C052-482A-8981-C4C6BDC9F909,VehicleNotAtScene,Other,MovingConstantSpeed,Northbound,30.0,No,No,2015,TOYOTA,39.00937869,-77.0405096,Camry_Toyota,14,2025,8,1,14,Friday,2025-08-01,31
204789,MCP3009008X,250034412,Montgomery_County_Police,Injury Crash,2025-08-02 13:00:00,Maryland_State_Route,FREDERICK RD,GUNNERS BRANCH RD,Angle Collision,Traffic Control Violation,Clear,Dry,Daylight,Traffic Signal,None Detected,97821655-52EC-447A-97D9-6F2211215680,MD,5CBE663C-FCC8-475B-BF72-D8A65B3DB169,Twelve O Clock,SportUtilityVehicle,MovingConstantSpeed,Northbound,45.0,No,No,2000,TOYOTA,39.17841361,-77.23840999,4Runner_Toyota,13,2025,8,2,13,Saturday,2025-08-02,31
204798,MCP2771005G,250034234,Montgomery_County_Police,Injury Crash,2025-08-01 10:39:00,County_Route,RANDOLPH RD,VEIRS MILL RD (WB/L),Other,Lane Violation,Cloudy,Wet,Daylight,Traffic Signal,None Detected,046EA20C-64EF-4780-B3D8-1E67F6B55B2E,MD,F8E90D1B-EEE1-4399-9C66-A36F2BEF1CE7,Three O Clock,PassengerCar,ChangingLanes,East,35.0,No,No,2006,TOYOTA,39.05612867,-77.08227667,Avalon_Toyota,10,2025,8,1,10,Friday,2025-08-01,31
204803,MCP209400PK,250034644,Montgomery_County_Police,Property Damage Crash,2025-08-04 11:12:00,Maryland_State_Route,EAST WEST HWY,CONNECTICUT AVE,Sideswipe (Same Direction),Lane Violation,Clear,Dry,Daylight,Traffic Signal,None Detected,B8FBB9DE-BB9C-4B46-9A4E-9EDCF3C89112,MD,793E6535-923D-4A2F-9A5A-433FA8BA06FF,Eleven O Clock,PassengerCar,MovingConstantSpeed,Westbound,35.0,No,No,2008,TOYOTA,38.98793082,-77.07702698,Camry_Toyota,11,2025,8,4,11,Monday,2025-08-04,32
204806,MCP33860035,250034432,Montgomery_County_Police,Property Damage Crash,2025-08-02 15:36:00,Maryland_State_Route,OLD GEORGETOWN RD,EMORY CHURCH RD,Rear-End (Same Direction),Tailgating,Clear,Dry,Daylight,No Control,None Detected,A69425F4-D70F-4E86-B53B-B46ACACC01C0,MD,96916D0D-A43A-480A-B4A8-7EA70CF071A9,Six O Clock,PassengerCar,SlowingOrStopping,Northbound,30.0,No,No,2023,TESLA,38.98644487,-77.09704785,Model Y_Tesla,15,2025,8,2,15,Saturday,2025-08-02,31
204810,MCP2771005G,250034234,Montgomery_County_Police,Injury Crash,2025-08-01 10:39:00,County_Route,RANDOLPH RD,VEIRS MILL RD (WB/L),Other,Weather Related,Cloudy,Wet,Daylight,Traffic Signal,None Detected,8095677D-34BB-413E-964D-942C4BB4245D,MD,A15DD380-27BA-4CFE-A55E-39C0A780BB24,Twelve O Clock,PickupTruck,MovingConstantSpeed,Unknown,35.0,No,No,2002,FORD,39.05612867,-77.08227667,F-350_Ford,10,2025,8,1,10,Friday,2025-08-01,31
204813,MCP32800076,250034231,Montgomery_County_Police,Injury Crash,2025-08-01 10:05:00,Local_Route,VETERANS PL,PERSHING DR,Angle Collision,Weather Related,Rain,Wet,Daylight,No Control,None Detected,854B3C6D-29F7-416D-B5DA-56207ED43065,MD,081E72F0-9223-493C-825D-F7761679C393,Three O Clock,PassengerCar,MovingConstantSpeed,Southbound,25.0,No,No,2013,CADILLAC,38.99745322,-77.02368514,ATS_Cadillac,10,2025,8,1,10,Friday,2025-08-01,31
204819,DD5690000B,250034256,Rockville_Police_Department,Injury Crash,2025-08-01 12:51:00,Maryland_State_Route,HUNGERFORD DR (SB/L),FOREST GLEN RD,Angle Collision,Right-of-Way Violation,Clear,Dry,Daylight,Traffic Signal,None Detected,4178EC79-2F9A-4504-84F1-FA1E530EE8BE,MD,A461F40C-01D4-433F-A046-CFAC51EA0635,Eleven O Clock,PassengerCar,MovingConstantSpeed,Northbound,35.0,No,No,2024,FORD,39.09181967,-77.15330151,Escape_Ford,12,2025,8,1,12,Friday,2025-08-01,31
204820,DM83860029,250034189,Takoma_Park_Police_Department,Property Damage Crash,2025-08-01 03:00:00,Municipality_Route,MAPLE AVE,NORWOOD RD,Sideswipe (Same Direction),Lane Violation,Clear,Dry,Dark - Lighted,No Control,None Detected,4144EFFB-0502-4850-AFDB-9673C6FB1C35,VA,1527204F-02F1-4C1D-976E-F6F5408E2857,VehicleNotAtScene,PassengerCar,NegotiatingCurve,Northbound,25.0,No,No,2019,TOYOTA,38.98483365,-77.00379766,RAV4_Toyota,3,2025,8,1,3,Friday,2025-08-01,31
204821,MCP2335002M,250034480,Montgomery_County_Police,Property Damage Crash,2025-08-02 20:30:00,Maryland_State_Route,RIDGE RD (SB/L),PREAKNESS DR,Rear-End (Same Direction),Driver Inattention,Clear,Dry,Dark - Lighted,No Control,None Detected,3F2765CB-282D-453D-81F9-44BF058210CD,MD,AC114705-C677-40C6-B044-BBE1E93D4D54,Six O Clock,PassengerCar,StoppedInTrafficLane,Southbound,40.0,No,No,2024,JEEP,39.26022133,-77.22323645,Wrangler_Jeep,20,2025,8,2,20,Saturday,2025-08-02,31
204822,MCP291700F6,250034222,Montgomery_County_Police,Property Damage Crash,2025-08-01 09:37:00,County_Route,MARLIN ST,E JEFFERSON ST,Sideswipe (Same Direction),Lane Violation,Cloudy,Wet,Daylight,No Control,None Detected,1F2ADD1D-0575-4E9C-A51D-3AFA17BCF69B,MD,C6F68362-B968-49B9-94F9-9A111F278019,Three O Clock,SingleUnitTruck,SlowingOrStopping,Southbound,25.0,No,No,2021,HONDA,39.09900329,-77.10656961,Civic_Honda,9,2025,8,1,9,Friday,2025-08-01,31