Unnamed: 0,Report Number,Local Case Number,Agency Name,ACRS Report Type,Crash Date/Time,Route Type,Road Name,Cross-Street Name,Collision Type,Circumstance_Category,Weather,Surface Condition,Light,Traffic Control,Driver Substance Abuse,Person ID,Drivers License State,Vehicle ID,Vehicle First Impact Location,Vehicle Body Type,Vehicle Movement,Vehicle Going Dir,Speed Limit,Driverless Vehicle,Parked Vehicle,Vehicle Year,Vehicle Make,Latitude,Longitude,Vehicle Model,hour,Crash_year,Crash_month,Crash_day,Crash_hour,Crash_day_name,Crash_date,Crash_week
204829,MCP2107006P,250034214,Montgomery_County_Police,Property Damage Crash,2025-08-01 08:41:00,Maryland_State_Route,NEW HAMPSHIRE AVE,GLENALLAN AVE,Rear-End (Same Direction),Right-of-Way Violation,Rain,Wet,Daylight,No Control,None Detected,A23800B7-4F52-4F74-A7B3-EC51AF0D7103,MD,A1AF4B32-F777-49DA-9E81-B906923343BB,Six O Clock,PassengerCar,MakingRightTurn,Southbound,50.0,No,No,2025,MAZDA,39.23118483,-77.17859183,Mazda3_Mazda,8,2025,8,1,8,Friday,2025-08-01,31
204834,MCP289200HR,250034555,Montgomery_County_Police,Property Damage Crash,2025-08-03 16:15:00,Maryland_State_Route,16TH ST (SB/L),NADINE DR,Single Vehicle,Lane Violation,Clear,Dry,Daylight,No Control,None Detected,55F64409-6B4A-4448-8F75-9CC13266B062,DC,469046B4-B6F1-4E49-8186-351BF5B34894,Eleven O Clock,PassengerCar,MovingConstantSpeed,Southbound,35.0,No,No,2014,TOYOTA,39.00044467,-77.04006805,Camry_Toyota,16,2025,8,3,16,Sunday,2025-08-03,31
204837,DD5659000Z,250034704,Rockville_Police_Department,Property Damage Crash,2025-08-04 16:50:00,Crossover,BUREAU DR (SB/L),TEAGARDEN CIR,Angle Collision,Right-of-Way Violation,Clear,Dry,Daylight,No Control,None Detected,8BC8F00B-26AA-4BC7-9C1D-CFBEA2CCF990,MD,2D016AF9-9C26-4D0F-9E61-59BDCCA4998C,Ten O Clock,PassengerCar,MakingLeftTurn,West,40.0,No,No,2023,TOYOTA,39.06043341,-77.12270635,Camry_Toyota,16,2025,8,4,16,Monday,2025-08-04,32
204843,MCP30530093,250034310,Montgomery_County_Police,Property Damage Crash,2025-08-01 18:00:00,County_Route,ONONDAGA RD,RANDOLPH RD,Rear-End (Same Direction),Backing Error,Clear,Dry,Daylight,No Control,None Detected,BAF1AB8E-064E-46C9-B52D-6DD6DBE231B7,MD,4134F27B-692C-446E-AB57-B5AFA67923C4,Six O Clock,PassengerCar,Backing,Unknown,20.0,No,No,2020,FORD,38.96459175,-77.12442703,F-150_Ford,18,2025,8,1,18,Friday,2025-08-01,31
204844,MCP302600F1,250034515,Montgomery_County_Police,Property Damage Crash,2025-08-03 11:00:00,County_Route,FALLS RD,ROLLING FORK CT,Sideswipe (Same Direction),Passing / Turning,Clear,Dry,Daylight,Traffic Signal,None Detected,F3217E12-9C64-4F66-A8A0-917BC5C41AD3,MD,C77116D5-77A3-4141-8A3A-64CFD6C81ECE,Eight O Clock,PassengerCar,Passing,Northbound,30.0,No,No,2022,VOLKSWAGEN,39.00970359,-77.21986314,Atlas_Volkswagen,11,2025,8,3,11,Sunday,2025-08-03,31
204851,MCP34360011,250034289,Montgomery_County_Police,Property Damage Crash,2025-08-01 14:38:00,County_Route,GERMANTOWN RD,AVERY RD,Angle Collision,Right-of-Way Violation,Clear,Dry,Daylight,No Control,None Detected,D4E61B91-E180-43C5-B25D-7CB4B499B8FF,MD,61881AFF-F351-4529-BDB3-0A60B2B9B4F6,Eleven O Clock,PassengerCar,MakingUTurn,Not On Roadway,35.0,No,No,2022,TOYOTA,39.08676764,-76.95746633,Camry_Toyota,14,2025,8,1,14,Friday,2025-08-01,31
204856,MCP32800077,250034621,Montgomery_County_Police,Injury Crash,2025-08-04 08:05:00,Private_Route,LONGMEAD CROSSING DR,MT PISGAH RD OAKVIEW DR,Angle Collision,Right-of-Way Violation,Clear,Dry,Daylight,No Control,None Detected,F644368A-0822-4E15-9573-FEDDB48C3FAB,MD,CC57B60F-72DD-44C0-8631-9C038DCEC03C,Twelve O Clock,PassengerCar,MovingConstantSpeed,Eastbound,30.0,No,No,2020,AUDI,39.01520593,-76.97688221,Q5_Audi,8,2025,8,4,8,Monday,2025-08-04,32
204858,DD5690000B,250034256,Rockville_Police_Department,Injury Crash,2025-08-01 12:51:00,Maryland_State_Route,HUNGERFORD DR (SB/L),UNIVERSITY BLVD E,Angle Collision,Traffic Control Violation,Clear,Dry,Daylight,Traffic Signal,None Detected,01073E0B-D03C-44CF-861B-16F8CC070715,LA,6365BBCC-4BDA-49B8-9BFC-52096F2B70E8,Twelve O Clock,PassengerCar,MovingConstantSpeed,Southbound,35.0,No,No,2006,HONDA,39.09181967,-77.15330151,Accord_Honda,12,2025,8,1,12,Friday,2025-08-01,31
204859,MCP3430000L,250034637,Montgomery_County_Police,Property Damage Crash,2025-08-04 07:00:00,Maryland_State_Route,COLESVILLE RD,OLD HUNDRED RD,Single Vehicle,Driver Inattention,Clear,Dry,Daylight,No Control,None Detected,19A6F565-163A-413D-9369-76913A055593,MD,8E781858-EAE8-4ADC-B5FD-747AB2674F0B,Twelve O Clock,PassengerCar,MovingConstantSpeed,Westbound,2.5,No,No,2011,INFINITI,38.98394732,-77.02553804,Q50_Infiniti,7,2025,8,4,7,Monday,2025-08-04,32
204861,MCP302600F1,250034515,Montgomery_County_Police,Property Damage Crash,2025-08-03 11:00:00,County_Route,FALLS RD,FREDERICK RD,Sideswipe (Same Direction),Passing / Turning,Clear,Dry,Daylight,Traffic Signal,None Detected,F877A574-3A86-47DA-8964-523EAAED4D41,MD,7FEAD397-DC52-41DC-A8A5-5BC652BA35DE,One O Clock,PassengerCar,MakingRightTurn,Northbound,30.0,No,No,2012,LEXUS,39.00970359,-77.21986314,RX 350_Lexus,11,2025,8,3,11,Sunday,2025-08-03,31
204862,MCP20000026,250034363,Montgomery_County_Police,Property Damage Crash,2025-08-02 01:03:00,County_Route,BETHESDA CHURCH RD,HOLTON LA,Single Vehicle,Lane Violation,Clear,Dry,Dark - Lighted,No Control,Suspect Alcohol Only,4A784329-0B6A-4B11-9ABB-89CF8A133178,MD,41E4B2FF-3B25-41E2-BB93-F81B841699B0,Twelve O Clock,SportUtilityVehicle,LeavingTrafficLane,Westbound,30.0,No,No,2021,KIA,39.28466132,-77.2098503,Seltos_Kia,1,2025,8,2,1,Saturday,2025-08-02,31
204863,MCP2203009L,250034511,Montgomery_County_Police,Property Damage Crash,2025-08-03 10:30:00,County_Route,RANDOLPH RD (WB/L),DUNSINANE CT,Sideswipe (Same Direction),Lane Violation,Clear,Dry,Daylight,No Control,None Detected,3E4170E4-735B-423D-AF15-932EFAC72DB5,MD,56EE870D-0603-4DC2-815A-485FA95105AF,Twelve O Clock,SportUtilityVehicle,MovingConstantSpeed,Southbound,35.0,No,No,2018,TOYOTA,39.05569233,-77.08341133,RAV4_Toyota,10,2025,8,3,10,Sunday,2025-08-03,31
204867,MCP3299004Y,250034788,Montgomery_County_Police,Property Damage Crash,2025-08-05 10:41:00,County_Route,BEL PRE RD (EB/L),BONIFANT RD,Head-On,Traffic Control Violation,Clear,Dry,Daylight,Traffic Signal,None Detected,9DEE3ED8-5197-4FDA-AF32-E516610605F4,MD,F6FE6B72-01F0-4B29-BC4C-F4D80AF1A22B,Twelve O Clock,PassengerCar,MovingConstantSpeed,Westbound,35.0,No,No,2012,MERCEDES-BENZ,39.09071033,-77.04477417,E-Class_Mercedes-Benz,10,2025,8,5,10,Tuesday,2025-08-05,32
204868,MCP3292002R,250034370,Montgomery_County_Police,Injury Crash,2025-08-02 03:19:00,County_Route,LONGDRAFT RD,GREAT SENECA HWY,Single Vehicle,Lane Violation,Clear,Dry,Dark - Lighted,No Control,None Detected,FF0C7722-D244-4C54-8652-F3C4381717C8,GA,79E475F7-EB8F-4B06-A8EB-40751DE22452,Twelve O Clock,PassengerCar,MovingConstantSpeed,Northbound,30.0,No,No,2020,DODGE,39.13540967,-77.24404283,Charger_Dodge,3,2025,8,2,3,Saturday,2025-08-02,31
204869,DD5690000D,250034507,Rockville_Police_Department,Property Damage Crash,2025-08-03 10:17:00,Municipality_Route,W MONTGOMERY AVE,N ADAMS ST S ADAMS ST,Head-On,Right-of-Way Violation,Clear,Dry,Daylight,Stop Sign,None Detected,3CA21A7C-11A8-4FD1-A0CB-20B56588857F,MD,C14D1B75-5155-44DB-AB57-04F1CE0F95A6,Twelve O Clock,PassengerCar,MovingConstantSpeed,Southbound,25.0,No,No,2023,LEXUS,39.08416377,-77.15481251,RX 350_Lexus,10,2025,8,3,10,Sunday,2025-08-03,31
204874,MCP3274002L,250034906,Montgomery_County_Police,Property Damage Crash,2025-08-05 22:31:00,Maryland_State_Route,WISCONSIN AVE,LAKELANDS DR,Angle Collision,Passing / Turning,Clear,Dry,Dark - Lighted,Traffic Signal,None Detected,FEACF5F1-CABB-4C6F-80E1-B172C2DE0612,MD,CC1A46E4-EEB1-412C-8828-4D0783A67C02,VehicleNotAtScene,PickupTruck,MakingLeftTurn,Eastbound,25.0,No,No,2012,LEXUS,38.9836648,-77.09377301,RX 350_Lexus,22,2025,8,5,22,Tuesday,2025-08-05,32
204877,MCP2545001T,250034422,Montgomery_County_Police,Property Damage Crash,2025-08-02 14:20:00,County_Route,GRANDVIEW AVE,E JEFFERSON ST,Angle Collision,Lane Violation,Clear,Dry,Daylight,No Control,None Detected,00166209-672D-4F6E-88F9-FAF211C34E1F,MD,5D800B27-4010-45B4-A10A-56D19133B408,Eleven O Clock,SportUtilityVehicle,MovingConstantSpeed,Northbound,30.0,No,No,2021,TOYOTA,39.04208709,-77.05310371,RAV4_Toyota,14,2025,8,2,14,Saturday,2025-08-02,31
204878,MCP33790024,250034707,Montgomery_County_Police,Property Damage Crash,2025-08-04 17:20:00,County_Route,CINNAMON DR,CLOPPER RD,Angle Collision,Lane Violation,Clear,Dry,Daylight,No Control,None Detected,41373279-6AD9-4572-8C5F-8AD8E3CF006F,MD,0FC1C927-280B-47DD-AA42-AE1CFFA81F86,Twelve O Clock,PassengerCar,MovingConstantSpeed,Northbound,40.0,No,No,2019,TOYOTA,39.15616201,-77.26444457,Tacoma_Toyota,17,2025,8,4,17,Monday,2025-08-04,32
204879,MCP3384001K,250034864,Montgomery_County_Police,Property Damage Crash,2025-08-05 17:30:00,County_Route,FLOWER AVE,CENTRAL AVE,Rear-End (Same Direction),Driver Inattention,Clear,Dry,Daylight,No Control,None Detected,260CD37C-F96B-4566-9A56-69CD2E774C8E,VA,F5A316C5-D228-42E2-A9CF-A63AA0A69F56,Six O Clock,PassengerCar,MovingConstantSpeed,Not On Roadway,25.0,No,No,2019,TOYOTA,39.003905,-77.0058835,Camry_Toyota,17,2025,8,5,17,Tuesday,2025-08-05,32
204885,MCP34360013,250034431,Montgomery_County_Police,Injury Crash,2025-08-02 15:21:00,County_Route,ROSEMARK CT,ROCKVILLE PIKE,Rear-End (Same Direction),Congestion / Backup,Clear,Dry,Daylight,No Control,None Detected,48390203-5EAE-4304-AEE2-3F3376300C9C,MD,44D465EC-D119-4F65-A2AD-524BE587DDFB,Six O Clock,PassengerCar,StoppedInTrafficLane,Northbound,25.0,No,No,2025,TOYOTA,39.08087224,-76.94258039,Corolla_Toyota,15,2025,8,2,15,Saturday,2025-08-02,31
204890,MCP32880037,250034563,Montgomery_County_Police,Property Damage Crash,2025-08-03 17:27:00,County_Route,CENTERWAY RD,GOSHEN RD,Sideswipe (Opposite Direction),Road Obstruction,Clear,Dry,Daylight,Traffic Signal,None Detected,EE135919-5AD3-4634-A09E-F024E62811A9,MD,DB568B84-767A-4CBF-B48A-441BB6EEA374,Eleven O Clock,PassengerCar,MovingConstantSpeed,North,35.0,No,No,2007,TOYOTA,39.1695045,-77.1905345,Sienna_Toyota,17,2025,8,3,17,Sunday,2025-08-03,31
204894,MCP2195007J,250034534,Montgomery_County_Police,Property Damage Crash,2025-08-03 14:05:00,Interstate_Route,EISENHOWER MEMORIAL HWY,ROCKVILLE PIKE,Rear-End (Same Direction),Congestion / Backup,Clear,Dry,Daylight,No Control,None Detected,F7289FD6-FF6D-4782-924C-AD923CACC133,MD,D5911E51-EA6B-4066-ACAE-C42B71763F45,Six O Clock,PassengerCar,StoppedInTrafficLane,Northbound,55.0,No,No,2022,SUBARU,39.22887966,-77.28293934,Ascent_Subaru,14,2025,8,3,14,Sunday,2025-08-03,31
204895,MCP30530094,250034429,Montgomery_County_Police,Property Damage Crash,2025-08-02 14:32:00,County_Route,CHERRY GROVE DR,LIBERTY MILL RD,Other,Weather Related,Clear,Dry,Daylight,Traffic Signal,None Detected,C99FF56D-AFFC-48F8-9318-EEE4A32BBB60,DC,A4512AB1-A63B-426F-A126-9ADD624631E9,Nine O Clock,PassengerCar,StoppedInTrafficLane,Unknown,2.5,No,No,2016,DODGE,39.04349048,-77.05070019,Durango_Dodge,14,2025,8,2,14,Saturday,2025-08-02,31
204898,MCP3439000P,250034479,Montgomery_County_Police,Property Damage Crash,2025-08-02 22:32:00,County_Route,EAST VILLAGE AVE (WB/L),STEWART LA,Single Vehicle,Lane Violation,Clear,Dry,Dark - Lighted,No Control,Suspect Alcohol Only,7D1A7056-9DF8-4C17-A47F-2399DBAAADC5,MD,0E48C026-788A-4AA8-A6F1-B67F739CE65F,One O Clock,PassengerCar,NegotiatingCurve,Westbound,35.0,No,No,2019,ACURA,39.18512873,-77.1709983,TLX_Acura,22,2025,8,2,22,Saturday,2025-08-02,31
204901,MCP24600024,250034196,Montgomery_County_Police,Injury Crash,2025-08-01 05:32:00,Maryland_State_Route,HUNGERFORD DR,MUNCASTER RD REDLAND RD,Other,Road Obstruction,Clear,Dry,Dark - Lighted,Traffic Signal,None Detected,6A3A1795-1516-413F-92E9-E3ACD0423158,MD,5952775D-29A6-42F5-B00C-7A19F67F12E0,Twelve O Clock,SportUtilityVehicle,MovingConstantSpeed,South,35.0,No,No,2022,TOYOTA,39.14563906,-77.14398222,Camry_Toyota,5,2025,8,1,5,Friday,2025-08-01,31
204904,MCP289200HX,250036152,Montgomery_County_Police,Property Damage Crash,2025-08-13 16:25:00,US_State_Route,GEORGIA AVE,LITTLE BENNETT DR,Rear-End (Same Direction),Driver Inattention,Rain,Wet,Daylight,No Control,None Detected,9B4F8DD8-5301-4AE9-9D6E-48544E5440F3,MD,AB7F7CB6-B42F-46EA-B12F-A321BB24EE63,VehicleNotAtScene,PassengerCar,ChangingLanes,Northbound,30.0,No,No,2015,BUICK,38.99159001,-77.02655377,Encore_Buick,16,2025,8,13,16,Wednesday,2025-08-13,33
204906,MCP34310010,250036171,Montgomery_County_Police,Injury Crash,2025-08-13 17:22:00,County_Route,SHADY GROVE RD,MUNCASTER MILL RD,Angle Collision,Weather Related,Rain,Wet,Daylight,Traffic Signal,None Detected,76414B55-32CA-48F3-881B-CC6021281959,MD,1242289E-CB48-479E-934B-45AD7CC69A58,Three O Clock,PassengerCar,MovingConstantSpeed,Eastbound,2.5,No,No,2007,HYUNDAI,39.14675254,-77.27370193,Elantra_Hyundai,17,2025,8,13,17,Wednesday,2025-08-13,33
204907,MCP3394001V,250034612,Montgomery_County_Police,Property Damage Crash,2025-08-04 06:15:00,Municipality_Route,PERRY AVE,UNIVERSITY BLVD W,Single Vehicle,Road Obstruction,Clear,Dry,Daylight,No Control,None Detected,3156DBCA-BF4A-40B8-AD58-76DD99AB4725,DC,7BCF8F4C-C8FC-45CB-9CC8-DF341571E877,One O Clock,PassengerCar,MovingConstantSpeed,East,35.0,No,No,2020,FORD,39.03295133,-77.073406,F-150_Ford,6,2025,8,4,6,Monday,2025-08-04,32
204908,MCP3036002N,250035074,Montgomery_County_Police,Injury Crash,2025-08-06 20:23:00,County_Route,CONTOUR RD,CLOPPER RD,Rear-End (Same Direction),Congestion / Backup,Clear,Dry,Dark - Lighted,Stop Sign,None Detected,F752FF4D-99FF-42CC-A090-FA52AD92D5D1,MD,8D751355-41E7-4AF1-BBB5-885AACAC3A1D,Five O Clock,SportUtilityVehicle,SlowingOrStopping,North,5.0,No,No,2022,TOYOTA,39.15546363,-77.20011541,Camry_Toyota,20,2025,8,6,20,Wednesday,2025-08-06,32
204909,MCP34170016,250034298,Montgomery_County_Police,Injury Crash,2025-08-01 15:31:00,County_Route,COMMERCE LA,WISCONSIN AVE (SB/L),Angle Collision,Right-of-Way Violation,Clear,Dry,Daylight,Pedestrian Crossing,None Detected,A9BCD715-0505-4810-A123-EFBDDCF439E9,MD,614FAC3B-473D-497B-873D-25F3E3053F93,One O Clock,SportUtilityVehicle,MovingConstantSpeed,Southbound,25.0,No,No,2008,HONDA,38.98595669,-77.09457755,Odyssey_Honda,15,2025,8,1,15,Friday,2025-08-01,31
204910,EJ7916000H,250035449,Gaithersburg_Police_Department,Injury Crash,2025-08-09 07:59:00,Municipality_Route,TRAVIS AVE,FREDERICK RD (SB/L) SPECTRUM AVE,Head-On,Road Obstruction,Clear,Dry,Daylight,Traffic Signal,None Detected,6E4D62C5-5CAC-4072-B2FF-3ED567A11ED0,MD,FA06C39F-BB7B-47A1-847A-C0813629C336,Twelve O Clock,PassengerCar,StoppedInTrafficLane,North,40.0,No,No,2016,TOYOTA,39.16133808,-77.22262241,Corolla_Toyota,7,2025,8,9,7,Saturday,2025-08-09,32
204912,MCP3398001P,25005556,Montgomery_County_Police,Property Damage Crash,2025-08-09 10:15:00,Maryland_State_Route,WOODFIELD RD,MUNCASTER MILL RD,Sideswipe (Same Direction),Lane Violation,Clear,Dry,Other,Traffic Signal,None Detected,3DC891E4-FCC7-473C-9CB0-3A8F064AECCA,MD,9B94D009-FDBF-42FE-87FA-0B9EB18EF068,Twelve O Clock,PassengerCar,MovingConstantSpeed,Southbound,35.0,No,No,2017,TOYOTA,39.15899067,-77.16037867,Corolla_Toyota,10,2025,8,9,10,Saturday,2025-08-09,32
204913,MCP33870030,250034226,Montgomery_County_Police,Property Damage Crash,2025-08-01 10:03:00,US_State_Route,COLUMBIA PIKE,PRELUDE DR,Rear-End (Same Direction),Weather Related,Cloudy,Wet,Daylight,Traffic Signal,None Detected,CB8CC100-A689-4564-AD8E-E5037150EBC8,MD,8160B7C6-8BE7-43E8-9242-51B13CA5A30F,Six O Clock,PassengerCar,StoppedInTrafficLane,Northbound,45.0,No,No,2016,TOYOTA,39.03927981,-76.99768979,Camry_Toyota,10,2025,8,1,10,Friday,2025-08-01,31
204914,MCP2286006S,250035390,Montgomery_County_Police,Injury Crash,2025-08-08 18:30:00,Maryland_State_Route,FREDERICK RD (SB/L),CARROLL AVE,Rear-End (Same Direction),Tailgating,Clear,Dry,Daylight,No Control,None Detected,8BD9D8BC-D121-4803-BB49-ED9DDEA4CA8D,DC,548DA1DC-2A88-4915-8B13-DD1FA0E36B9F,Twelve O Clock,PassengerCar,SlowingOrStopping,Southbound,40.0,No,No,2007,TOYOTA,39.10677581,-77.15875185,Camry_Toyota,18,2025,8,8,18,Friday,2025-08-08,32
204915,MCP263900HD,250035707,Montgomery_County_Police,Injury Crash,2025-08-11 08:56:00,Maryland_State_Route,NEW HAMPSHIRE AVE,GLENDALOUGH RD,Angle Collision,Road Obstruction,Cloudy,Dry,Daylight,No Control,None Detected,B788F522-ACCA-4F78-9376-50D75E305374,MD,41BA0FAC-FFAA-4528-8D97-DE3E502D5069,Twelve O Clock,PassengerCar,MovingConstantSpeed,Northbound,50.0,No,No,2016,TOYOTA,39.21296833,-77.171905,Camry_Toyota,8,2025,8,11,8,Monday,2025-08-11,33
204916,MCP233900BW,250034199,Montgomery_County_Police,Injury Crash,2025-08-01 06:50:00,County_Route,SOUTHLAWN LA,E RANDOLPH RD (WB/L),Angle Collision,Speed Related,Cloudy,Dry,Daylight,No Control,None Detected,3E599523-2BE8-4206-BB39-5393CE705F2A,MD,8CC2F974-1E0B-423B-8AE4-C28E86BED91B,Twelve O Clock,PassengerCar,MovingConstantSpeed,Southbound,35.0,No,No,2001,RAM,39.09843608,-77.13625676,RAM_Ram,6,2025,8,1,6,Friday,2025-08-01,31
204917,MCP31650060,250035004,Montgomery_County_Police,Property Damage Crash,2025-08-06 15:05:00,US_State_Route,COLUMBIA PIKE,FARMINGTON DR,Rear-End (Same Direction),Driver Inattention,Clear,Dry,Daylight,No Control,Suspect Alcohol Only,96DADFCA-3BFE-41D1-BDF5-999457C8AFD9,DC,1F7418CF-3A91-4D31-8B93-8C750BFE7039,Twelve O Clock,PassengerCar,MovingConstantSpeed,Northbound,45.0,No,No,2004,TOYOTA,39.0529385,-76.97646967,Corolla_Toyota,15,2025,8,6,15,Wednesday,2025-08-06,32
204918,MCP3292002W,250035628,Montgomery_County_Police,Property Damage Crash,2025-08-10 14:58:00,County_Route,CLIFF PINE DR,WOODFIELD RD,Angle Collision,Right-of-Way Violation,Clear,Dry,Daylight,Stop Sign,None Detected,B4952E03-F025-4A3D-AF2C-2A48707BF5D8,MD,03048F01-5605-4897-BB5C-6D30F571489E,One O Clock,PassengerCar,EnteringTrafficLane,Eastbound,40.0,No,No,2003,SUBARU,39.1780183,-77.15064254,Legacy_Subaru,14,2025,8,10,14,Sunday,2025-08-10,32
204919,MCP3233005T,250035991,Montgomery_County_Police,Property Damage Crash,2025-08-12 18:07:00,County_Route,LOCKWOOD DR,COLUMBIA PIKE (SB/L),Rear-End (Same Direction),Road Obstruction,Clear,Dry,Daylight,Traffic Signal,None Detected,AEB1B14C-FDBF-47CF-A847-4089F28D84F1,MD,BE94E7E5-B518-434D-A23B-B99AF06453E1,Twelve O Clock,PassengerCar,MovingConstantSpeed,South,35.0,No,No,2009,FORD,39.03383241,-77.00241809,F-150_Ford,18,2025,8,12,18,Tuesday,2025-08-12,33
204920,MCP289200HW,250035366,Montgomery_County_Police,Property Damage Crash,2025-08-08 16:30:00,County_Route,GRACE CHURCH RD,SECOND AVE,Angle Collision,Right-of-Way Violation,Clear,Dry,Daylight,Stop Sign,None Detected,3DA8EC60-89E6-4045-B7A5-7F41703A7DE0,MD,5FF2548D-21C7-4078-AD58-5468EE6047A1,One O Clock,PassengerCar,MakingLeftTurn,South,30.0,No,No,2023,HYUNDAI,39.00400533,-77.04099664,Elantra_Hyundai,16,2025,8,8,16,Friday,2025-08-08,32
204921,MCP3181002V,250035265,Montgomery_County_Police,Injury Crash,2025-08-08 03:30:00,Maryland_State_Route,LAYHILL RD,FALLSGROVE BLVD,Single Vehicle,Driver Inattention,Clear,Dry,Dark - Not Lighted,No Control,None Detected,A0871997-CD6D-439E-8827-6B73F97E851E,MD,5D61013D-4953-437B-B455-642AFF84031F,Twelve O Clock,Motorcycle2Wheeled,MovingConstantSpeed,Southbound,35.0,No,No,2006,FORD,39.10937557,-77.03709713,Focus_Ford,3,2025,8,8,3,Friday,2025-08-08,32
204922,MCP287100CV,250034572,Montgomery_County_Police,Property Damage Crash,2025-08-02 12:00:00,Maryland_State_Route,N WASHINGTON ST,W EDMONSTON DR,Sideswipe (Same Direction),Lane Violation,Clear,Wet,Daylight,Other,None Detected,399D9CAF-40EE-47D8-81A0-B3A0B5B7C3F2,MD,A969A770-DE03-4EA1-97D3-55E865A5FFDA,VehicleNotAtScene,PickupTruck,MakingLeftTurn,Not On Roadway,2.5,No,No,2004,FORD,39.02798638,-77.14486953,F-150_Ford,12,2025,8,2,12,Saturday,2025-08-02,31
204923,MCP33910024,250035393,Montgomery_County_Police,Property Damage Crash,2025-08-08 19:25:00,Maryland_State_Route,GEORGIA AVE (SB/L),NEW HAMPSHIRE AVE,Angle Collision,Lane Violation,Clear,Dry,Daylight,No Control,None Detected,274A1252-0FC7-4663-82D8-4AD6F1C66370,MD,023AEB71-3150-476F-8364-FE98B167262B,Eleven O Clock,PassengerCar,MovingConstantSpeed,Southbound,35.0,No,No,2017,TOYOTA,39.03040023,-77.04790778,Sienna_Toyota,19,2025,8,8,19,Friday,2025-08-08,32
204924,MCP3405000T,250035567,Montgomery_County_Police,Property Damage Crash,2025-08-10 00:42:00,County_Route,EISENHOWER MEMORIAL HWY,CRYSTAL ROCK DR MIDDLEBROOK RD (WB/L),Angle Collision,Right-of-Way Violation,Clear,Dry,Dark - Lighted,Flashing Traffic Signal,None Detected,FB8456B4-F4C0-4228-9170-D6D7586AAE54,MD,61950D72-EC14-4B65-BA6D-83395BA79141,Two O Clock,SportUtilityVehicle,Accelerating,Northbound,30.0,No,No,2014,NISSAN,39.17696366,-77.26425807,Pathfinder_Nissan,0,2025,8,10,0,Sunday,2025-08-10,32
204925,MCP292300F5,250025750,Montgomery_County_Police,Property Damage Crash,2025-08-11 12:37:00,Maryland_State_Route,NEW HAMPSHIRE AVE (SB/L),CLAGETT DR,Rear-End (Same Direction),Tailgating,Cloudy,Dry,Daylight,No Control,None Detected,7B8327D1-6AC0-48C9-A663-C03AFBEB5F65,MD,75889839-8DF7-4EB8-9513-2A1387432657,Twelve O Clock,PassengerCar,MovingConstantSpeed,Southbound,30.0,No,No,2007,HONDA,39.07409369,-77.00254184,Accord_Honda,12,2025,8,11,12,Monday,2025-08-11,33
204926,MCP3220005F,250035775,Montgomery_County_Police,Injury Crash,2025-08-11 14:58:00,Maryland_State_Route,KEY WEST AVE,WAYNE AVE,Rear-End (Same Direction),Driver Inattention,Clear,Dry,Daylight,No Control,None Detected,7CFFEEC2-73E7-4900-AF50-6434EA945A3F,MD,45B2D3E7-2C12-453F-B5D8-D05F25013BA7,Twelve O Clock,PassengerCar,Accelerating,Eastbound,40.0,No,No,2014,HYUNDAI,39.10349717,-77.19103915,Santa Fe_Hyundai,14,2025,8,11,14,Monday,2025-08-11,33
204927,MCP24550087,250034714,Montgomery_County_Police,Property Damage Crash,2025-08-04 17:24:00,County_Route,TWINBROOK PKWY,BESLEY CT,Angle Collision,Right-of-Way Violation,Clear,Dry,Daylight,No Control,None Detected,20439B0C-F78D-449C-9269-69E75D2FDF1C,MD,0E424143-2F76-4047-8157-F2E804537711,Eleven O Clock,PassengerCar,EnteringTrafficLane,Westbound,35.0,No,No,2019,VOLKSWAGEN,39.0677048,-77.11416121,Golf_Volkswagen,17,2025,8,4,17,Monday,2025-08-04,32
204928,MCP2450005W,250035784,Montgomery_County_Police,Property Damage Crash,2025-08-11 15:30:00,Other_Public_Roadway,W WATKINS MILL RD,HUNGERFORD DR (SB/L),Angle Collision,Road Obstruction,Clear,Dry,Daylight,Traffic Signal,None Detected,E9117EF6-FA27-4308-B7A2-E85AFA61844D,VA,E1187A13-B728-4ED0-8E9B-E2D184D42328,One O Clock,PickupTruck,MakingLeftTurn,South,35.0,No,No,2010,FORD,39.15607191,-77.22583419,F-150_Ford,15,2025,8,11,15,Monday,2025-08-11,33