Unnamed: 0,Report Number,Local Case Number,Agency Name,ACRS Report Type,Crash Date/Time,Route Type,Road Name,Cross-Street Name,Collision Type,Circumstance_Category,Weather,Surface Condition,Light,Traffic Control,Driver Substance Abuse,Person ID,Drivers License State,Vehicle ID,Vehicle First Impact Location,Vehicle Body Type,Vehicle Movement,Vehicle Going Dir,Speed Limit,Driverless Vehicle,Parked Vehicle,Vehicle Year,Vehicle Make,Latitude,Longitude,Vehicle Model,hour,Crash_year,Crash_month,Crash_day,Crash_hour,Crash_day_name,Crash_date,Crash_week
204929,MCP3394001W,250034627,Montgomery_County_Police,Injury Crash,2025-08-04 09:17:00,Maryland_State_Route,ROCKVILLE PIKE,HOPKINS RD,Rear-End (Same Direction),Tailgating,Clear,Dry,Daylight,No Control,None Detected,3AFE1370-11DD-468C-A295-943D1261705D,MD,7BC924DA-97C3-4331-B535-B330A4DA9FD2,Six O Clock,PassengerCar,MovingConstantSpeed,Northbound,45.0,No,No,2022,NISSAN,39.02644067,-77.10347483,Frontier_Nissan,9,2025,8,4,9,Monday,2025-08-04,32
204931,MCP3398001P,25005556,Montgomery_County_Police,Property Damage Crash,2025-08-09 10:15:00,Maryland_State_Route,WOODFIELD RD,MUNCASTER MILL RD,Sideswipe (Same Direction),Traffic Control Violation,Clear,Dry,Other,Traffic Signal,None Detected,4D6567A4-16AE-4181-BEA6-0177BC35C7DE,MD,E132A52B-7B12-4352-AB69-92DF96755589,One O Clock,PassengerCar,MakingLeftTurn,Westbound,35.0,No,No,2007,HONDA,39.15899067,-77.16037867,Accord_Honda,10,2025,8,9,10,Saturday,2025-08-09,32
204933,MCP32680060,250035932,Montgomery_County_Police,Property Damage Crash,2025-08-12 14:03:00,Ramp_Route,RAMP 4 FR US 29 NB TO CHERRY HILL RD EB,CHICAGO AVE,Angle Collision,Right-of-Way Violation,Clear,Dry,Daylight,No Control,None Detected,5716F8DF-8C28-416E-8FED-B6D42D839C6B,MD,37D454E1-F92F-4D64-AFAE-58D4EB44555B,Twelve O Clock,PassengerCar,MovingConstantSpeed,Northbound,35.0,No,No,2014,HONDA,39.0605,-76.96419833,Civic_Honda,14,2025,8,12,14,Tuesday,2025-08-12,33
204934,MCP3380003D,250035599,Montgomery_County_Police,Property Damage Crash,2025-08-10 11:03:00,Maryland_State_Route,GEORGIA AVE,NEW HAMPSHIRE AVE,Rear-End (Same Direction),Congestion / Backup,Clear,Dry,Daylight,No Control,None Detected,D81E4FC8-7C56-4453-89FD-8EDDE9FE6171,DC,679D7127-7097-4516-87DD-B344F3C5B2AA,Seven O Clock,TransitBus,StoppedInTrafficLane,Northbound,35.0,No,No,2019,CHEVROLET,39.03231151,-77.04837676,Silverado_Chevrolet,11,2025,8,10,11,Sunday,2025-08-10,32
204935,MCP3411002R,250035802,Montgomery_County_Police,Property Damage Crash,2025-08-11 18:05:00,Maryland_State_Route,OLD GEORGETOWN RD,MUNCASTER MILL RD,Rear-End (Same Direction),Tailgating,Clear,Dry,Daylight,No Control,None Detected,DF60E516-BE60-4A4B-9032-49A2118D6CB8,MD,127DC484-6E1A-4141-9AB3-239A79D14299,Six O Clock,Van - Passenger (&lt;9 Seats),SlowingOrStopping,Northbound,30.0,No,No,2024,TOYOTA,39.03155789,-77.12596305,Camry_Toyota,18,2025,8,11,18,Monday,2025-08-11,33
204936,MCP24550087,250034714,Montgomery_County_Police,Property Damage Crash,2025-08-04 17:24:00,County_Route,TWINBROOK PKWY,BESLEY CT,Angle Collision,Lane Violation,Clear,Dry,Daylight,No Control,None Detected,B53E8E70-81A5-404F-98C3-CB7C480EC30A,MD,C89CBA78-D68E-4B60-8FA3-B5164535CD6E,Twelve O Clock,SportUtilityVehicle,MovingConstantSpeed,Northbound,35.0,No,No,2015,DODGE,39.0677048,-77.11416121,Journey_Dodge,17,2025,8,4,17,Monday,2025-08-04,32
204937,MCP2286006S,250035390,Montgomery_County_Police,Injury Crash,2025-08-08 18:30:00,Maryland_State_Route,FREDERICK RD (SB/L),TECH RD,Rear-End (Same Direction),Tailgating,Clear,Dry,Daylight,No Control,None Detected,E53FC1B1-5DC9-4DD5-B673-D412F8687378,MD,C78D3F46-D419-4C09-AC65-FE1928EBB22F,Six O Clock,SportUtilityVehicle,SlowingOrStopping,Southbound,40.0,No,No,2020,ACURA,39.10677581,-77.15875185,MDX_Acura,18,2025,8,8,18,Friday,2025-08-08,32
204938,MCP2582005N,250035263,Montgomery_County_Police,Property Damage Crash,2025-08-08 02:17:00,County_Route,WOODEDGE RD,BRADLEY LA,Other,Backing Error,Clear,Dry,Dark - Lighted,No Control,None Detected,23A49903-2D7F-498C-B69E-C25BA82BAC67,MD,5A1628D7-5A44-4D77-9B0F-D7AD14B61C0D,Twelve O Clock,PassengerCar,Backing,Southbound,25.0,No,No,2012,LINCOLN,39.0726464,-77.05506375,MKZ_Lincoln,2,2025,8,8,2,Friday,2025-08-08,32
204939,EJ79150006,250034687,Gaithersburg_Police_Department,Property Damage Crash,2025-08-04 15:26:00,County_Route,MACARTHUR BLVD,LOCBURY DR,Single Vehicle,Driver Inattention,Clear,Dry,Daylight,No Control,None Detected,92A3D269-3D39-495E-B2F6-173C4E47D2B0,MD,F4052EA4-4852-405A-AA4C-F9C457ADC225,Twelve O Clock,PassengerCar,Accelerating,Unknown,2.5,No,No,2014,KIA,39.14892318,-77.20827585,Forte_Kia,15,2025,8,4,15,Monday,2025-08-04,32
204941,EJ78930041,250035101,Gaithersburg_Police_Department,Property Damage Crash,2025-08-07 04:34:00,County_Route,MUDDY BRANCH RD,E JEFFERSON ST,Rear-End (Same Direction),Road Obstruction,Clear,Dry,Dark - Lighted,No Control,None Detected,1B8B954C-23B5-4C25-A7B6-5D1BFBE1EBC4,MD,1C49799F-9477-46E2-BCFD-BD8AB2A89063,Six O Clock,Van - Passenger (&lt;9 Seats),Parked,South,40.0,No,Yes,2010,HONDA,39.1155385,-77.21578533,Odyssey_Honda,4,2025,8,7,4,Thursday,2025-08-07,32
204944,MCP2228002G,250035761,Montgomery_County_Police,Property Damage Crash,2025-08-11 14:01:00,Maryland_State_Route,FREDERICK RD (SB/L),CHRISTOPHER AVE (SB/L),Angle Collision,Traffic Control Violation,Clear,Dry,Daylight,Traffic Signal,None Detected,360F1EB5-2ABB-4FD7-B884-C83A59D66FE1,MD,B7635D32-D5BD-42D1-9E86-A614CA6394F5,Twelve O Clock,SingleUnitTruck,MovingConstantSpeed,Eastbound,30.0,No,No,2023,GMC,39.1558212,-77.21608387,Savana_GMC,14,2025,8,11,14,Monday,2025-08-11,33
204945,HA25600002,25001688,Takoma_Park_Police_Department,Property Damage Crash,2025-08-09 11:49:00,Maryland_State_Route,GEORGIA AVE (SB/L),EVANS DR,Head-On,Lane Violation,Clear,Dry,Daylight,No Control,None Detected,84C96483-857B-4833-95F3-95A0284D7004,MD,C9966B8D-BC60-43AC-81E0-9CE683029738,One O Clock,SportUtilityVehicle,ChangingLanes,Southbound,30.0,No,No,2022,TOYOTA,39.026705,-77.04669592,RAV4_Toyota,11,2025,8,9,11,Saturday,2025-08-09,32
204946,EJ7891002Y,250035678,Gaithersburg_Police_Department,Injury Crash,2025-08-10 22:32:00,Maryland_State_Route,DARNESTOWN RD (WB/L),FOREST GLEN RD,Angle Collision,Traffic Control Violation,Clear,Dry,Dark - Lighted,Traffic Signal,None Detected,374B2875-09FD-4D5A-A693-93F7FE8374D4,MD,BC443A4D-E106-4220-91FC-4C336E3FFA6C,Twelve O Clock,PassengerCar,MovingConstantSpeed,Westbound,30.0,No,No,2008,FORD,39.11793598,-77.25275152,F-150_Ford,22,2025,8,10,22,Sunday,2025-08-10,32
204947,DD56490043,250035432,Rockville_Police_Department,Property Damage Crash,2025-08-09 02:17:00,Maryland_State_Route,HUNGERFORD DR (SB/L),BEALL AVE #2,Angle Collision,Right-of-Way Violation,Clear,Dry,Dark - Lighted,Flashing Traffic Signal,None Detected,17DE3692-1E15-420C-900D-F747EF528A43,MD,B6307666-2CA6-49FD-ADA8-F5C5E4DA10B4,Ten O Clock,SportUtilityVehicle,Accelerating,Eastbound,35.0,No,No,2009,JEEP,39.08746333,-77.15012745,Wrangler_Jeep,2,2025,8,9,2,Saturday,2025-08-09,32
204948,MCP3322003X,250034537,Montgomery_County_Police,Property Damage Crash,2025-08-03 13:57:00,County_Route,ASPEN HILL RD,MERWOOD DR,Angle Collision,Right-of-Way Violation,Clear,Dry,Daylight,No Control,None Detected,20C9BBDD-5BFE-48C5-8972-B8AE9E333FD2,MD,4CB6729C-510E-447C-8937-A62DF550C113,Twelve O Clock,PassengerCar,EnteringTrafficLane,North,25.0,No,No,2014,VOLKSWAGEN,39.08030983,-77.07884217,Jetta_Volkswagen,13,2025,8,3,13,Sunday,2025-08-03,31
204949,MCP20470063,250035319,Montgomery_County_Police,Injury Crash,2025-08-08 11:39:00,Maryland_State_Route,MUNCASTER MILL RD,NEEDWOOD RD,Angle Collision,Right-of-Way Violation,Clear,Dry,Daylight,Traffic Signal,None Detected,891354FE-5037-4168-8147-D21F7CD27AA1,MD,B7B0990F-2759-4F0C-85A2-13ACEADD231A,Three O Clock,PassengerCar,MakingLeftTurn,Northbound,40.0,No,No,2018,LEXUS,39.13281532,-77.12153225,RX 350_Lexus,11,2025,8,8,11,Friday,2025-08-08,32
204950,MCP289200HX,250036152,Montgomery_County_Police,Property Damage Crash,2025-08-13 16:25:00,US_State_Route,GEORGIA AVE,AIRPARK RD,Rear-End (Same Direction),Weather Related,Rain,Wet,Daylight,No Control,None Detected,1F9DEF71-ADF4-49BA-85A3-D1D9249A6F02,MD,555E61D7-F397-493F-BA4A-67959022A716,Five O Clock,PassengerCar,StoppedInTrafficLane,Northbound,30.0,No,No,2022,AUDI,38.99159001,-77.02655377,Q3_Audi,16,2025,8,13,16,Wednesday,2025-08-13,33
204951,MCP27600077,250035825,Montgomery_County_Police,Property Damage Crash,2025-08-11 20:55:00,Maryland_State_Route,MONTGOMERY VILLAGE AVE,WEISMAN RD,Rear-End (Same Direction),Tailgating,Clear,Dry,Dark - Lighted,No Control,None Detected,90575184-3156-4650-B4E2-AC7E3DEFF65D,MD,B6D97B07-D023-4C61-87BF-4891E8514709,Twelve O Clock,SportUtilityVehicle,Accelerating,Eastbound,35.0,No,No,2018,GMC,39.15455567,-77.20914133,Yukon XL_GMC,20,2025,8,11,20,Monday,2025-08-11,33
204952,DD56490043,250035432,Rockville_Police_Department,Property Damage Crash,2025-08-09 02:17:00,Maryland_State_Route,HUNGERFORD DR (SB/L),BEALL AVE #2,Angle Collision,Right-of-Way Violation,Clear,Dry,Dark - Lighted,Flashing Traffic Signal,None Detected,70A71DD8-4B85-49FA-9B0C-D5A49F94C50D,MD,F7D9E0C6-8642-4E66-9E73-1EF207DF5B09,Twelve O Clock,SportUtilityVehicle,MovingConstantSpeed,Southbound,35.0,No,No,2011,INFINITI,39.08746333,-77.15012745,Q50_Infiniti,2,2025,8,9,2,Saturday,2025-08-09,32
204953,MCP3394001W,250034627,Montgomery_County_Police,Injury Crash,2025-08-04 09:17:00,Maryland_State_Route,ROCKVILLE PIKE,BATTERY LA,Rear-End (Same Direction),Tailgating,Clear,Dry,Daylight,No Control,None Detected,67F72678-A5A2-4530-A00C-16DB27607657,MD,735F6C35-351A-4C26-A622-70456DCF2D51,Twelve O Clock,PassengerCar,Accelerating,Northbound,45.0,No,No,2017,HONDA,39.02644067,-77.10347483,Civic_Honda,9,2025,8,4,9,Monday,2025-08-04,32
204954,MCP31650060,250035004,Montgomery_County_Police,Property Damage Crash,2025-08-06 15:05:00,US_State_Route,COLUMBIA PIKE,HARRINGTON DR,Rear-End (Same Direction),Tailgating,Clear,Dry,Daylight,No Control,None Detected,2AEDA12C-43A3-429B-99E7-12366272AA16,MD,366D5573-A93D-4B79-96C7-9E3BF28CF005,Six O Clock,PassengerCar,MovingConstantSpeed,Northbound,45.0,No,No,2012,RAM,39.0529385,-76.97646967,RAM_Ram,15,2025,8,6,15,Wednesday,2025-08-06,32
204955,MCP2203009N,250035863,Montgomery_County_Police,Injury Crash,2025-08-12 08:00:00,Maryland_State_Route,CONNECTICUT AVE,BRIGHTVIEW ST,Angle Collision,Road Obstruction,Clear,Dry,Daylight,Stop Sign,None Detected,E0557B02-A9D6-4052-9E54-6939EB2F5C85,VA,C52B51B3-9B42-4DA4-ABD1-98E9230BC62B,Eleven O Clock,PickupTruck,MovingConstantSpeed,South,25.0,No,No,2019,FORD,39.05358967,-77.07439,F-150_Ford,8,2025,8,12,8,Tuesday,2025-08-12,33
204957,MCP33030026,250035115,Montgomery_County_Police,Injury Crash,2025-08-07 09:29:00,County_Route,RIDGE RD,OLNEY SANDY SPRING RD,Rear-End (Same Direction),Tailgating,Clear,Dry,Daylight,No Control,None Detected,EC0F537B-1900-4F63-9CC3-FB4DF0CDFD7B,MD,11DC791A-DD36-4B86-B9B4-9AACC015F42D,Six O Clock,Van - Passenger (&lt;9 Seats),MovingConstantSpeed,Southbound,40.0,No,No,2025,KIA,39.19865,-77.26173667,Carnival_Kia,9,2025,8,7,9,Thursday,2025-08-07,32
204958,MCP2921005Q,250036000,Montgomery_County_Police,Injury Crash,2025-08-12 18:50:00,Maryland_State_Route,METZ DR,WOODFIELD RD,Rear-End (Same Direction),Congestion / Backup,Clear,Dry,Daylight,No Control,None Detected,D544FD1E-EE05-4D4F-A5EC-B2E73A1E412D,MD,96E75E98-A98D-466A-8C7B-EC4AAB7C8E9D,Six O Clock,PassengerCar,SlowingOrStopping,Northbound,35.0,No,No,2018,TOYOTA,39.22641367,-77.26407352,Camry_Toyota,18,2025,8,12,18,Tuesday,2025-08-12,33
204959,MCP2921005M,250034325,Montgomery_County_Police,Property Damage Crash,2025-08-01 18:26:00,Maryland_State_Route,FREDERICK RD,MASSACHUSETTS AVE,Rear-End (Same Direction),Tailgating,Clear,Dry,Daylight,No Control,None Detected,23726553-B4CC-4132-8EDD-40DC299D0C08,MD,F0305E95-6D99-4473-8200-B8151B3E5ADB,Six O Clock,PassengerCar,SlowingOrStopping,Northbound,40.0,No,No,2011,TOYOTA,39.17042496,-77.2351904,Camry_Toyota,18,2025,8,1,18,Friday,2025-08-01,31
204960,DM8515001M,250036038,Takoma_Park_Police_Department,Property Damage Crash,2025-08-13 00:41:00,Municipality_Route,GLENGARY,SLIGO CREEK PKWY,Single Vehicle,Backing Error,Clear,Dry,Dark - Not Lighted,No Control,None Detected,513A3246-69C0-4D85-95A4-09C23C3809EA,MD,FDB6E5BA-B152-421D-8BB3-354D8C3722C8,Six O Clock,SportUtilityVehicle,Backing,Eastbound,25.0,No,No,2021,FORD,38.9810832,-76.99074619,Explorer_Ford,0,2025,8,13,0,Wednesday,2025-08-13,33
204961,MCP2671004K,250035185,Montgomery_County_Police,Injury Crash,2025-08-07 15:58:00,County_Route,ALLEY,NEWPORT MILL RD,Single Vehicle,Driver Inattention,Clear,Dry,Daylight,Lane Use Control,None Detected,04968AF7-5F8D-4FBD-9C92-AC7907513BA5,MD,6AC465C9-43AF-4968-A72D-F508A6A84F70,Eleven O Clock,SportUtilityVehicle,SlowingOrStopping,Northbound,35.0,No,No,2021,TOYOTA,38.99689433,-77.02804904,RAV4_Toyota,15,2025,8,7,15,Thursday,2025-08-07,32
204962,MCP2361003H,250035538,Montgomery_County_Police,Property Damage Crash,2025-08-09 18:11:00,County_Route,WALKERS CHOICE RD,MONTGOMERY VILLAGE AVE (SB/L),Rear-End (Same Direction),Tailgating,Clear,Dry,Daylight,Traffic Signal,None Detected,84B41304-1F72-46A7-86FB-A69693A21FA9,MD,3BD08F82-F076-4971-82AC-9A689ACD5EF8,Eleven O Clock,SportUtilityVehicle,SlowingOrStopping,Southbound,35.0,No,No,2021,HYUNDAI,39.16151906,-77.20208524,Elantra_Hyundai,18,2025,8,9,18,Saturday,2025-08-09,32
204964,MCP2921005Q,250036000,Montgomery_County_Police,Injury Crash,2025-08-12 18:50:00,Maryland_State_Route,GEORGIA AVE,PINEY MEETINGHOUSE RD,Rear-End (Same Direction),Tailgating,Clear,Dry,Daylight,No Control,None Detected,041580B0-9637-4A71-8EAB-DE17E99AD261,MD,1423DDE7-6999-4ED6-8229-47D41FFD3F64,Six O Clock,PassengerCar,SlowingOrStopping,Northbound,35.0,No,No,2012,ACURA,39.22641367,-77.26407352,MDX_Acura,18,2025,8,12,18,Tuesday,2025-08-12,33
204965,MCP320000GF,250035716,Montgomery_County_Police,Property Damage Crash,2025-08-08 14:10:00,County_Route,HUNGERFORD DR,DALE DR,Rear-End (Same Direction),Driver Inattention,Clear,Dry,Daylight,Traffic Signal,None Detected,BB940A68-7F24-487B-AD8B-5DE135104D7B,MD,FF69BDD1-5EFD-4DB7-8DAC-0B4678A9E579,VehicleNotAtScene,PassengerCar,SlowingOrStopping,Unknown,2.5,No,No,2021,TOYOTA,39.01743897,-77.21011479,Camry_Toyota,14,2025,8,8,14,Friday,2025-08-08,32
204966,EJ78930041,250035101,Gaithersburg_Police_Department,Property Damage Crash,2025-08-07 04:34:00,County_Route,MUDDY BRANCH RD,MUDDY BRANCH RD,Rear-End (Same Direction),Driver Inattention,Clear,Dry,Dark - Lighted,No Control,Suspect Alcohol Only,D7FEA5E1-13E3-43AB-A976-003E381570B4,MD,B4126B78-2E1C-4D6A-8E7A-7633E26D07B4,Twelve O Clock,PassengerCar,MovingConstantSpeed,Eastbound,40.0,No,No,2013,HONDA,39.1155385,-77.21578533,Civic_Honda,4,2025,8,7,4,Thursday,2025-08-07,32
204967,MCP20470062,250034938,Montgomery_County_Police,Property Damage Crash,2025-08-06 09:12:00,Municipality_Route,VEIRS MILL SERV RD,TWINBROOK PKWY,Rear-End (Same Direction),Congestion / Backup,Cloudy,Dry,Daylight,No Control,None Detected,31E1A102-7388-4D0A-836A-774C78D86215,MD,2C145937-DA4F-474C-8A1D-6F247683CF8B,Six O Clock,SportUtilityVehicle,StoppedInTrafficLane,Northbound,30.0,No,No,2011,TOYOTA,39.0736068,-77.11180968,4Runner_Toyota,9,2025,8,6,9,Wednesday,2025-08-06,32
204969,MCP33870032,250034514,Montgomery_County_Police,Injury Crash,2025-08-03 10:28:00,County_Route,RIVER RD,COLUMBIA PIKE,Angle Collision,Speed Related,Clear,Dry,Daylight,Traffic Signal,None Detected,183B1C15-C7CD-47F4-B586-BBA07E78EED7,MD,2F214A45-BFE9-48B0-A0E7-31B0778F5C4F,Twelve O Clock,PassengerCar,MakingLeftTurn,Southbound,40.0,No,No,2019,JEEP,39.0337609,-77.00224553,Cherokee_Jeep,10,2025,8,3,10,Sunday,2025-08-03,31
204970,MCP3067003B,250035269,Montgomery_County_Police,Injury Crash,2025-08-08 06:00:00,Maryland_State_Route,COLUMBIA PIKE,RUSSELL AVE,Angle Collision,Right-of-Way Violation,Clear,Dry,Dawn,No Control,None Detected,7B80426E-24B6-4277-8BF8-DEEF8671EF97,MD,40C6BFA4-0F56-40C9-9AD7-2D9FC2218289,Eleven O Clock,PassengerCar,EnteringTrafficLane,Northbound,35.0,No,No,2013,HONDA,39.153566,-77.15346617,Accord_Honda,6,2025,8,8,6,Friday,2025-08-08,32
204971,MCP3233005T,250035991,Montgomery_County_Police,Property Damage Crash,2025-08-12 18:07:00,County_Route,LOCKWOOD DR,COLUMBIA PIKE (SB/L),Rear-End (Same Direction),Congestion / Backup,Clear,Dry,Daylight,Traffic Signal,None Detected,226FE7EE-8A0C-42B7-8920-A0620C45C0B7,MD,C04B10ED-4070-4B50-9D53-D4F79626FD26,Twelve O Clock,PassengerCar,SlowingOrStopping,East,35.0,No,No,2023,KIA,39.03383241,-77.00241809,Optima_Kia,18,2025,8,12,18,Tuesday,2025-08-12,33
204972,MCP3325004B,250035535,Montgomery_County_Police,Injury Crash,2025-08-09 17:52:00,Ramp_Route,RAMP 2 FR MD 198 WB TO US 29 NB,BROADBIRCH DR,Single Vehicle,Speed Related,Clear,Dry,Daylight,Yield Sign,None Detected,A580F330-A387-47AD-A675-F7C9A8556C3C,MD,655943EA-0DD3-4E57-82DC-C0B69C0B5B4C,Ten O Clock,Motorcycle2Wheeled,MakingRightTurn,East,40.0,No,No,2022,FORD,39.1119015,-76.92849217,F-350_Ford,17,2025,8,9,17,Saturday,2025-08-09,32
204973,MCP9442004C,250035491,Montgomery_County_Police,Property Damage Crash,2025-08-09 13:20:00,Municipality_Route,ODENDHAL AVE (EB/L),RUSSELL AVE,Sideswipe (Same Direction),Passing / Turning,Clear,Dry,Daylight,Traffic Signal,None Detected,BD264C41-4771-45E1-A4DE-786E1509A671,PA,F687A25A-369C-457F-9578-D2A40F3B898E,Seven O Clock,SingleUnitTruck,MakingRightTurn,Southbound,30.0,No,No,2007,NISSAN,39.15072372,-77.20392495,Altima_Nissan,13,2025,8,9,13,Saturday,2025-08-09,32
204974,MCP32010086,250035293,Montgomery_County_Police,Injury Crash,2025-08-08 09:58:00,Maryland_State_Route,FREDERICK RD (SB/L),WAVERLY ST,Sideswipe (Same Direction),Lane Violation,Clear,Dry,Daylight,No Control,None Detected,02D7F48C-18D4-4BCF-9730-32726CC07F9B,MD,A4C4D84A-D354-495B-A2D0-BAF2E23A5B54,Two O Clock,PassengerCar,ChangingLanes,Southbound,45.0,No,No,2013,HYUNDAI,39.20742333,-77.24691617,Elantra_Hyundai,9,2025,8,8,9,Friday,2025-08-08,32
204975,MCP2800006T,250034359,Montgomery_County_Police,Injury Crash,2025-08-02 00:12:00,Maryland_State_Route,CONNECTICUT AVE (SB/L),GOLDSBORO RD,Sideswipe (Same Direction),Lane Violation,Clear,Dry,Dark - Lighted,Traffic Signal,Suspect Alcohol + Drug,2915CD23-F6B5-428E-BC2D-AD5A6D69899A,MD,EC011A2C-E08C-4E46-9ACC-94DE2111B6F7,One O Clock,PassengerCar,ChangingLanes,Southbound,30.0,No,No,2016,BMW,39.0280888,-77.0766614,3 Series_BMW,0,2025,8,2,0,Saturday,2025-08-02,31
204976,MCP13050068,250035854,Montgomery_County_Police,Injury Crash,2025-08-12 05:33:00,Maryland_State_Route,MUNCASTER MILL RD,SHADY GROVE RD (SB/L),Angle Collision,Right-of-Way Violation,Clear,Dry,Dark - Lighted,Traffic Signal,None Detected,491BC93B-5584-4688-BB20-8FFF1D141125,VA,60F7682F-3E35-474C-BDEC-11462D12CC71,Three O Clock,SportUtilityVehicle,MakingLeftTurn,Westbound,40.0,No,No,2021,DODGE,39.14872064,-77.14704314,Durango_Dodge,5,2025,8,12,5,Tuesday,2025-08-12,33
204977,MCP32800078,250034832,Montgomery_County_Police,Property Damage Crash,2025-08-05 13:50:00,Municipality_Route,HUNGERFORD DR,GREENCASTLE RD,Sideswipe (Same Direction),Passing / Turning,Clear,Dry,Daylight,Traffic Signal,None Detected,6420D7F2-6A79-4177-8955-8357D11273F1,MD,096A2237-7254-40B4-8B56-5D43264CE9CF,Seven O Clock,PassengerCar,Parked,West,2.5,No,Yes,2025,NISSAN,39.08274392,-76.94562457,Versa_Nissan,13,2025,8,5,13,Tuesday,2025-08-05,32
204978,MCP296200BD,250035294,Montgomery_County_Police,Injury Crash,2025-08-08 10:02:00,Maryland_State_Route,FALLS RD,ENT TO NEW HAMPSHIRE ESTATES PARK,Sideswipe (Opposite Direction),Right-of-Way Violation,Clear,Dry,Daylight,No Control,None Detected,03FDD1A5-DB98-45C9-9075-C6C408C6AC78,MD,78970236-5A7A-4CCB-9903-AC7931C1B248,Eleven O Clock,PassengerCar,MakingRightTurn,Southbound,35.0,No,No,2021,NISSAN,39.04665276,-77.1910071,Kicks_Nissan,10,2025,8,8,10,Friday,2025-08-08,32
204979,MCP3220005F,250035775,Montgomery_County_Police,Injury Crash,2025-08-11 14:58:00,Maryland_State_Route,KEY WEST AVE,DENNIS AVE,Rear-End (Same Direction),Congestion / Backup,Clear,Dry,Daylight,No Control,None Detected,4C6F4BD0-9919-4005-BC5C-0A8CB1EA7BAA,MD,9C3C72D6-13D9-4808-92EF-2F835F61CD6F,Six O Clock,PassengerCar,StoppedInTrafficLane,Eastbound,40.0,No,No,2021,HONDA,39.10349717,-77.19103915,Odyssey_Honda,14,2025,8,11,14,Monday,2025-08-11,33
204981,MCP2674006J,250035378,Montgomery_County_Police,Property Damage Crash,2025-08-08 17:25:00,County_Route,MT VERNON AVE,BETHESDA CHURCH RD WOODFIELD RD,Angle Collision,Right-of-Way Violation,Clear,Dry,Daylight,Stop Sign,None Detected,F2BD2EBD-8348-42B1-91C2-ED54C77C0429,MD,AEB3392F-0ECE-429F-B264-0573433B1573,Eleven O Clock,PassengerCar,MakingLeftTurn,Eastbound,30.0,No,No,2016,CHEVROLET,39.283645,-77.20194333,Silverado_Chevrolet,17,2025,8,8,17,Friday,2025-08-08,32
204982,EJ7916000F,250035303,Gaithersburg_Police_Department,Property Damage Crash,2025-08-08 11:10:00,Crossover,FREDERICK RD,MUDDY BRANCH RD (SB/L),Head-On,Right-of-Way Violation,Clear,Dry,Daylight,Traffic Signal,None Detected,34F1A9D1-2E9A-4DA9-96C0-0B7FFE085325,MD,DF52E6C7-BB65-4D4A-BB73-DC97628B05FF,One O Clock,PassengerCar,MakingLeftTurn,South,40.0,No,No,2022,TESLA,39.12632138,-77.21153104,Model 3_Tesla,11,2025,8,8,11,Friday,2025-08-08,32
204983,EJ7903004N,250035142,Gaithersburg_Police_Department,Injury Crash,2025-08-07 12:30:00,County_Route,SAM EIG HWY,RAMP 6 FR SHADY GROVE RD EB TO IS 270 SB,Angle Collision,Right-of-Way Violation,Clear,Dry,Daylight,No Control,None Detected,59FF91E3-81D3-4AB4-A498-B5F61B143355,MD,48DA1F24-0E71-4FA3-A2FD-18435858E0AE,Twelve O Clock,Other,Accelerating,Northbound,35.0,No,No,2017,BMW,39.11534715,-77.20883952,3 Series_BMW,12,2025,8,7,12,Thursday,2025-08-07,32
204984,MCP3428000N,250035422,Montgomery_County_Police,Property Damage Crash,2025-08-08 23:37:00,Maryland_State_Route,ROCKVILLE PIKE (SB/L),PARKLAND DR,Rear-End (Same Direction),Driver Inattention,Clear,Dry,Dark - Lighted,Traffic Signal,Suspect Alcohol Only,1BCC46B8-0934-4FF6-B918-5CDFBABC76C8,NY,54AE9410-3BC8-470E-B6D7-294964F538FF,Twelve O Clock,PassengerCar,SlowingOrStopping,Southbound,40.0,No,No,2021,DODGE,39.04196751,-77.11053859,Charger_Dodge,23,2025,8,8,23,Friday,2025-08-08,32
204985,MCP33870032,250034514,Montgomery_County_Police,Injury Crash,2025-08-03 10:28:00,County_Route,FALLS RD,COLUMBIA PIKE,Angle Collision,Lane Violation,Clear,Dry,Daylight,Traffic Signal,None Detected,A36C17D9-A01A-4983-B5CE-C5B8222B62A5,MD,EF00A57D-A3EC-47B8-932D-EA36A661D219,Eight O Clock,PassengerCar,StoppedInTrafficLane,Westbound,35.0,No,No,2016,AUDI,39.0337609,-77.00224553,Q5_Audi,10,2025,8,3,10,Sunday,2025-08-03,31
204986,MCP9442004C,250035491,Montgomery_County_Police,Property Damage Crash,2025-08-09 13:20:00,Municipality_Route,ODENDHAL AVE (EB/L),RUSSELL AVE,Sideswipe (Same Direction),Lane Violation,Clear,Dry,Daylight,Traffic Signal,None Detected,BC00D11D-31A7-4C7F-A521-C75E4DA99DA8,MD,F4B0E566-236D-40A7-8AAD-8F1F2B2A57FA,Two O Clock,PassengerCar,StoppedInTrafficLane,Southbound,30.0,No,No,2020,HONDA,39.15072372,-77.20392495,CR-V_Honda,13,2025,8,9,13,Saturday,2025-08-09,32