Unnamed: 0,Report Number,Local Case Number,Agency Name,ACRS Report Type,Crash Date/Time,Route Type,Road Name,Cross-Street Name,Collision Type,Circumstance_Category,Weather,Surface Condition,Light,Traffic Control,Driver Substance Abuse,Person ID,Drivers License State,Vehicle ID,Vehicle First Impact Location,Vehicle Body Type,Vehicle Movement,Vehicle Going Dir,Speed Limit,Driverless Vehicle,Parked Vehicle,Vehicle Year,Vehicle Make,Latitude,Longitude,Vehicle Model,hour,Crash_year,Crash_month,Crash_day,Crash_hour,Crash_day_name,Crash_date,Crash_week
204987,MCP3374003B,250035604,Montgomery_County_Police,Injury Crash,2025-08-10 12:22:00,County_Route,POOKS HILL RD,HORSE CENTER RD,Single Vehicle,Lane Violation,Clear,Dry,Daylight,No Control,None Detected,6CE5B885-52FF-49E5-B2FD-377326C2FD81,MD,36865F75-AEAD-461E-B66C-B992A6AB8612,RoofTop,PassengerCar,MovingConstantSpeed,Westbound,25.0,No,No,2010,TOYOTA,39.01548983,-77.10355983,RAV4_Toyota,12,2025,8,10,12,Sunday,2025-08-10,32
204988,MCP3457001F,250035196,Montgomery_County_Police,Property Damage Crash,2025-08-07 17:10:00,County_Route,SPRING ST (EB/L),GEORGIA AVE,Sideswipe (Opposite Direction),Lane Violation,Clear,Dry,Daylight,Traffic Signal,None Detected,F0DABA0C-FC89-4615-915E-D28A05E3951A,MD,22923CE4-8D6B-47C0-8525-AB0C3E04E7A1,One O Clock,PassengerCar,MakingRightTurn,East,35.0,No,No,2020,DODGE,38.99941734,-77.03174244,Charger_Dodge,17,2025,8,7,17,Thursday,2025-08-07,32
204989,MCP263900HD,250035707,Montgomery_County_Police,Injury Crash,2025-08-11 08:56:00,Maryland_State_Route,WOODFIELD RD,GLENDALOUGH RD,Angle Collision,Right-of-Way Violation,Cloudy,Dry,Daylight,No Control,None Detected,47C88F81-3829-4706-A510-D1ABADD13450,MD,35BE29C6-3AC6-4BEE-BDA4-150C739AA1DF,Three O Clock,SportUtilityVehicle,MakingLeftTurn,Southbound,50.0,No,No,2024,JEEP,39.21296833,-77.171905,Wrangler_Jeep,8,2025,8,11,8,Monday,2025-08-11,33
204992,MCP2203009M,250035270,Montgomery_County_Police,Injury Crash,2025-08-07 20:45:00,County_Route,REEDIE DR,GEORGIA AVE,Single Vehicle,Right-of-Way Violation,Clear,Dry,Dark - Lighted,Pedestrian Crossing,None Detected,C75CE76A-00BA-48BF-9050-E07C3D0B46DB,MD,A705A51B-93B6-449D-9564-06DFDA935A1A,NonCollision,PassengerCar,MakingLeftTurn,South,25.0,No,No,2014,CHEVROLET,39.03859966,-77.05071892,Malibu_Chevrolet,20,2025,8,7,20,Thursday,2025-08-07,32
204993,MCP3457001F,250035196,Montgomery_County_Police,Property Damage Crash,2025-08-07 17:10:00,County_Route,SPRING ST (EB/L),GEORGIA AVE,Sideswipe (Opposite Direction),Lane Violation,Clear,Dry,Daylight,Traffic Signal,None Detected,B74E400C-47D0-4960-995E-C02A92B54A0E,MD,085387C8-F1DE-46FA-AC4A-990796DAE5ED,Eleven O Clock,PassengerCar,MakingRightTurn,East,35.0,No,No,2020,TOYOTA,38.99941734,-77.03174244,Corolla_Toyota,17,2025,8,7,17,Thursday,2025-08-07,32
204994,MCP261700BW,250035833,Montgomery_County_Police,Injury Crash,2025-08-11 22:00:00,County_Route,RANDOLPH RD,FOX ST,Single Vehicle,Driver Inattention,Clear,Dry,Dark - Lighted,No Control,None Detected,9F81ACDE-9779-4286-B5D6-4EDD0C5F581A,MD,F42F1A0B-3F68-47FD-9D0A-187A600DA588,One O Clock,SportUtilityVehicle,NegotiatingCurve,Not On Roadway,2.5,No,No,2021,FORD,39.17939006,-77.17411793,Explorer_Ford,22,2025,8,11,22,Monday,2025-08-11,33
204995,MCP29320091,250035570,Montgomery_County_Police,Injury Crash,2025-08-10 02:02:00,US_State_Route,COLESVILLE RD,UNIVERSITY BLVD E,Rear vs Side,Traffic Control Violation,Clear,Dry,Dark - Lighted,Traffic Signal,None Detected,9538D12B-B70B-4FBC-BBEF-AE20DFAC055F,MD,AF7AB326-40B6-4C83-B3E4-CA4F4609C247,Twelve O Clock,PassengerCar,MovingConstantSpeed,Northbound,35.0,No,No,2014,BMW,39.01984983,-77.013002,3 Series_BMW,2,2025,8,10,2,Sunday,2025-08-10,32
204996,MCP3445000Q,250035590,Montgomery_County_Police,Property Damage Crash,2025-08-10 10:30:00,Maryland_State_Route,ROCKVILLE PIKE (SB/L),NICHOLSON LA,Sideswipe (Same Direction),Passing / Turning,Clear,Dry,Daylight,Traffic Signal,None Detected,7D61FB1E-28AC-418D-A42C-9EEB2400AEF2,PA,2DB4373B-E521-40C9-8282-D3EA545F8DF3,Seven O Clock,PickupTruck,MakingLeftTurn,Westbound,30.0,No,No,2014,FORD,39.04472167,-77.11183795,F-150_Ford,10,2025,8,10,10,Sunday,2025-08-10,32
204997,MCP31480087,250034890,Montgomery_County_Police,Injury Crash,2025-08-05 20:05:00,County_Route,EXECUTIVE BLVD,NICHOLSON LA,Angle Collision,Right-of-Way Violation,Clear,Dry,Dusk,Traffic Signal,None Detected,5A45698B-170F-4F6B-88F2-4988B83D7392,MD,66768568-31A0-4278-A641-6E8C17E30D11,Eleven O Clock,PassengerCar,MakingLeftTurn,Eastbound,30.0,No,No,2018,HONDA,39.04496916,-77.11682511,Accord_Honda,20,2025,8,5,20,Tuesday,2025-08-05,32
204998,MCP9429001M,250036162,Montgomery_County_Police,Injury Crash,2025-08-13 15:56:00,County_Route,MONTGOMERY VILLAGE AVE (SB/L),MERRIMAC DR,Single Vehicle,Right-of-Way Violation,Cloudy,Wet,Daylight,No Control,None Detected,FF8A45BA-1E2A-4C1F-B6CF-2CCF9016F016,MD,AE5495C5-9A68-47B9-9928-443EC4F01E36,Twelve O Clock,PassengerCar,EnteringTrafficLane,Southbound,2.5,No,No,2009,INFINITI,38.99581518,-77.0287247,Q50_Infiniti,15,2025,8,13,15,Wednesday,2025-08-13,33
204999,MCP2921005P,250035239,Montgomery_County_Police,Property Damage Crash,2025-08-07 20:36:00,Maryland_State_Route,GERMANTOWN RD (SB/L),FREDERICK RD,Rear vs Side,Right-of-Way Violation,Clear,Dry,Dark - Lighted,Traffic Signal,None Detected,3C306435-F589-4A51-AB07-17C94AA992F2,MD,CA324635-C70A-4816-B2EF-D4104E3FF97E,Eight O Clock,PassengerCar,Accelerating,Westbound,40.0,No,No,2018,HONDA,39.19226531,-77.242608,Civic_Honda,20,2025,8,7,20,Thursday,2025-08-07,32
205000,MCP3325004D,250035643,Montgomery_County_Police,Injury Crash,2025-08-10 17:11:00,US_State_Route,COLUMBIA PIKE (SB/L),SHADY GROVE RD,Rear-End (Same Direction),Tailgating,Clear,Dry,Daylight,No Control,None Detected,0DFA801F-B95B-417F-AAA7-E466ADDD9ADF,MD,07E7988B-2D74-4012-A6D2-8E3C2A7B0393,Six O Clock,SportUtilityVehicle,SlowingOrStopping,Southbound,55.0,No,No,2025,HONDA,39.10591833,-76.93242633,CR-V_Honda,17,2025,8,10,17,Sunday,2025-08-10,32
205001,DD5643005L,250035003,Rockville_Police_Department,Property Damage Crash,2025-08-06 14:49:00,Maryland_State_Route,DARNESTOWN RD,BEGIN BRIDGE,Rear-End (Same Direction),Backing Error,Cloudy,Dry,Daylight,No Control,None Detected,1EC79132-CBA6-475D-9C85-349988A90988,MD,A5267A54-E94D-4BE8-B614-7FDE0A104DB4,Six O Clock,PassengerCar,Backing,Not On Roadway,2.5,No,No,2006,TOYOTA,39.09723117,-77.1543346,Corolla_Toyota,14,2025,8,6,14,Wednesday,2025-08-06,32
205002,EJ7903004N,250035142,Gaithersburg_Police_Department,Injury Crash,2025-08-07 12:30:00,County_Route,SAM EIG HWY,SPUR FR DEMOCRACY BLVD,Angle Collision,Right-of-Way Violation,Clear,Dry,Daylight,No Control,None Detected,043F4E80-94E9-48F2-8C2E-2A338BEE41C7,MD,9B2BE286-1968-4BDC-8F6D-E53151F38791,Nine O Clock,PassengerCar,ChangingLanes,Northbound,35.0,No,No,2017,TOYOTA,39.11534715,-77.20883952,Corolla_Toyota,12,2025,8,7,12,Thursday,2025-08-07,32
205003,MCP1433006C,250035778,Montgomery_County_Police,Property Damage Crash,2025-08-11 13:40:00,County_Route,RUSSELL AVE,RANDOLPH RD RANDOLPH RD (WB/L),Angle Collision,Right-of-Way Violation,Clear,Dry,Daylight,Traffic Signal,None Detected,2FFA429D-9C30-40B7-ADCC-B1AEC17375E4,VA,32680BB1-4955-485F-8DB2-663A59ADB374,VehicleNotAtScene,PassengerCar,MakingRightTurn,East,35.0,No,No,2021,CHEVROLET,39.05352109,-77.10679985,Malibu_Chevrolet,13,2025,8,11,13,Monday,2025-08-11,33
205004,MCP34260029,250034700,Montgomery_County_Police,Property Damage Crash,2025-08-04 16:40:00,Government_Route,CLARA BARTON PKWY (NB/L),CONNECTOR RD,Rear-End (Same Direction),Tailgating,Clear,Dry,Daylight,No Control,None Detected,CA8E4F87-CFA8-479D-96E6-49124E6E075F,MD,0BDBA539-760B-48DA-A01B-80B8ECC68EAF,VehicleNotAtScene,PassengerCar,MovingConstantSpeed,Northbound,35.0,No,No,2021,HONDA,38.9632023,-77.13591669,Civic_Honda,16,2025,8,4,16,Monday,2025-08-04,32
205005,MCP3044008J,250035197,Montgomery_County_Police,Injury Crash,2025-08-07 16:59:00,US_State_Route,COLUMBIA PIKE,CROSSOVER,Rear-End (Same Direction),Tailgating,Clear,Dry,Daylight,No Control,None Detected,0795F5E3-DBD7-4D85-B0DD-6A5F3FF95E88,MD,FB98DC99-6173-4758-A90F-EF76E0442FD0,Six O Clock,PassengerCar,SlowingOrStopping,Northbound,50.0,No,No,2014,TOYOTA,39.05351117,-76.9756345,Prius v_Toyota,16,2025,8,7,16,Thursday,2025-08-07,32
205006,DD5567009F,250035117,Rockville_Police_Department,Property Damage Crash,2025-08-07 09:54:00,County_Route,GEORGIA AVE,CROSSOVER,Single Vehicle,Driver Inattention,Clear,Dry,Daylight,No Control,None Detected,5906ACD1-DB27-47D4-B8E4-BECFEC98B38F,MD,FBD597C7-5298-453D-9722-022B8D46A922,One O Clock,PassengerCar,MovingConstantSpeed,Northbound,40.0,No,No,2023,HYUNDAI,39.09186529,-77.19132396,Sonata_Hyundai,9,2025,8,7,9,Thursday,2025-08-07,32
205007,MCP31270052,250035071,Montgomery_County_Police,Property Damage Crash,2025-08-06 18:48:00,Maryland_State_Route,UNIVERSITY BLVD E,RITCHIE AVE,Single Vehicle,Driver Inattention,Clear,Dry,Daylight,Traffic Signal,None Detected,E53617E0-0F1A-466C-9E57-011FF41767BC,MD,D7CC760F-8BA8-4C3A-A8CF-FC7106941F86,Eleven O Clock,PassengerCar,Backing,Northbound,2.5,No,No,2011,TOYOTA,38.9815366,-77.09698025,Camry_Toyota,18,2025,8,6,18,Wednesday,2025-08-06,32
205008,MCP33960025,250034885,Montgomery_County_Police,Injury Crash,2025-08-05 20:09:00,County_Route,DALEWOOD DR (EB/L),RANDOLPH RD (WB/L),Angle Collision,Right-of-Way Violation,Clear,Dry,Dusk,Traffic Signal,None Detected,1EAB859D-DDA5-46FD-8D12-8A70DEED0791,MD,CB300915-56EF-4161-9A59-CA37A05251CD,Eight O Clock,PassengerCar,MovingConstantSpeed,Northbound,25.0,No,No,2006,LEXUS,39.05922083,-77.06888233,IS_Lexus,20,2025,8,5,20,Tuesday,2025-08-05,32
205010,MCP2244003R,250034924,Montgomery_County_Police,Property Damage Crash,2025-08-06 08:07:00,US_State_Route,COLUMBIA PIKE,W DIAMOND AVE,Sideswipe (Same Direction),Driver Inattention,Clear,Dry,Daylight,No Control,None Detected,5929B8A6-A98E-4684-9AA1-0E1201DEFD39,MD,F38FF03C-9A6D-4F13-AE6B-EEDFF93A2FDA,One O Clock,PassengerCar,MovingConstantSpeed,Northbound,55.0,No,No,2020,HYUNDAI,39.1066035,-76.93171567,IONIQ_Hyundai,8,2025,8,6,8,Wednesday,2025-08-06,32
205013,MCP23490017,250034815,Montgomery_County_Police,Injury Crash,2025-08-05 13:10:00,County_Route,WISCONSIN AVE,HUNGERFORD DR,Angle Collision,Right-of-Way Violation,Cloudy,Wet,Daylight,Pedestrian Crossing,Alcohol Present,A3E5E5A1-8230-4B0D-823E-EA9390376376,MD,A05EB5C8-DC7B-4F86-9E18-CE77DEF50F1D,VehicleNotAtScene,SportUtilityVehicle,MakingLeftTurn,Not On Roadway,2.5,No,No,2019,TOYOTA,39.22711527,-77.28391933,Camry_Toyota,13,2025,8,5,13,Tuesday,2025-08-05,32
205014,MCP34030022,250034365,Montgomery_County_Police,Injury Crash,2025-08-02 01:33:00,County_Route,FRANKLIN AVE,GLENALLAN AVE,Sideswipe (Same Direction),Lane Violation,Clear,Dry,Dark - Lighted,No Control,None Detected,5C16A5D3-50B4-4928-A09B-D4D7D26BF48A,MD,FFBD7E4B-BC17-4F66-A5A9-706261BB122D,One O Clock,PassengerCar,MakingRightTurn,Southbound,20.0,No,No,2016,CHEVROLET,39.08160283,-76.94126883,Malibu_Chevrolet,1,2025,8,2,1,Saturday,2025-08-02,31
205015,MCP33960025,250034885,Montgomery_County_Police,Injury Crash,2025-08-05 20:09:00,County_Route,DALEWOOD DR (EB/L),RANDOLPH RD (WB/L),Angle Collision,Traffic Control Violation,Clear,Dry,Dusk,Traffic Signal,None Detected,6029DE51-D30C-4710-824E-583550325CAB,MD,3DDB24F1-5535-4157-8C44-F2BCF0EA45DC,Twelve O Clock,PassengerCar,MovingConstantSpeed,Eastbound,35.0,No,No,2013,NISSAN,39.05922083,-77.06888233,Altima_Nissan,20,2025,8,5,20,Tuesday,2025-08-05,32
205016,MCP34410016,250035243,Montgomery_County_Police,Injury Crash,2025-08-07 21:27:00,County_Route,DARNESTOWN RD,MOTOR CITY DR,Angle Collision,Right-of-Way Violation,Clear,Dry,Dark - Lighted,Traffic Signal,None Detected,CA467158-55C4-45C1-A5A0-5D1EA69BA2DF,MD,54AA4BCC-E19F-4679-9D96-EB92AAEEEDB6,Nine O Clock,PassengerCar,MovingConstantSpeed,Southbound,35.0,No,No,2018,TESLA,39.02650289,-77.14398478,Model 3_Tesla,21,2025,8,7,21,Thursday,2025-08-07,32
205017,MCP30670039,250034782,Montgomery_County_Police,Property Damage Crash,2025-08-05 09:50:00,County_Route,QUAIL VALLEY BLVD,KENTLANDS BLVD,Sideswipe (Same Direction),Passing / Turning,Clear,Dry,Daylight,No Control,None Detected,9D9B66B4-7F3B-4FBD-9802-4BB4D14D9D66,MD,6DE8D974-F6CE-4B6D-9FE0-AF856B5E3686,Four O Clock,TransitBus,SlowingOrStopping,Southbound,25.0,No,No,2016,FORD,39.164254,-77.19010833,F-150_Ford,9,2025,8,5,9,Tuesday,2025-08-05,32
205018,MCP2932008Z,250034592,Montgomery_County_Police,Property Damage Crash,2025-08-03 22:21:00,Maryland_State_Route,NEW HAMPSHIRE AVE,COVE LA,Rear-End (Same Direction),Tailgating,Clear,Dry,Dark - Lighted,No Control,None Detected,97C34814-BD2D-4C3E-B334-CBF4A07FF5AD,MD,F247B7B4-10B0-4FBC-AAC6-72929CE86A38,Twelve O Clock,SportUtilityVehicle,SlowingOrStopping,Northbound,35.0,No,No,2008,FORD,39.02007068,-76.97649042,Explorer_Ford,22,2025,8,3,22,Sunday,2025-08-03,31
205019,MCP2582005N,250035263,Montgomery_County_Police,Property Damage Crash,2025-08-08 02:17:00,County_Route,WOODEDGE RD,CROSSOVER,Other,Lane Violation,Clear,Dry,Dark - Lighted,No Control,None Detected,474F85EA-2C0D-4DCD-B12A-13AF6B689177,MD,CCE8EE83-A151-455D-8C22-6CD02A35A1AD,Twelve O Clock,PickupTruck,SlowingOrStopping,Northbound,25.0,No,No,2022,GMC,39.0726464,-77.05506375,Sierra_GMC,2,2025,8,8,2,Friday,2025-08-08,32
205020,MCP34410018,250035376,Montgomery_County_Police,Property Damage Crash,2025-08-08 17:11:00,Maryland_State_Route,CONNECTICUT AVE,GREAT SENECA HWY,Sideswipe (Same Direction),Lane Violation,Clear,Dry,Daylight,No Control,None Detected,3C6B4D9B-714E-4949-AB60-8450A8FF0209,MD,A80730B4-F6CD-4FA7-A449-D8A0EA3BADD8,Two O Clock,VanCargo,MovingConstantSpeed,Northbound,30.0,No,No,2018,KIA,38.97715524,-77.07710578,Optima_Kia,17,2025,8,8,17,Friday,2025-08-08,32
205021,DD56530059,250036116,Rockville_Police_Department,Injury Crash,2025-08-13 13:48:00,Maryland_State_Route,ROCKVILLE PIKE,ENT TO BUSINESS,Rear-End (Same Direction),Tailgating,Rain,Wet,Daylight,Traffic Signal,None Detected,CED730E4-2A34-4477-9BA9-4F690E6CA882,MD,A23EFB4C-F829-477C-BB5C-D77713B9E6E0,Twelve O Clock,SportUtilityVehicle,SlowingOrStopping,Northbound,35.0,No,No,2012,CHEVROLET,39.07439606,-77.1355357,Suburban_Chevrolet,13,2025,8,13,13,Wednesday,2025-08-13,33
205022,MCP3067003B,250035269,Montgomery_County_Police,Injury Crash,2025-08-08 06:00:00,Maryland_State_Route,CLUB HOUSE RD,POWDER MILL RD,Angle Collision,Speed Related,Clear,Dry,Dawn,No Control,None Detected,A782216E-7DE7-4CDB-AE12-362C49DD5DDC,MD,302368D0-2902-4C6A-8091-2B72DEC7A405,Twelve O Clock,Motorcycle2Wheeled,MovingConstantSpeed,Eastbound,35.0,No,No,2017,PORSCHE,39.153566,-77.15346617,Cayenne_Porsche,6,2025,8,8,6,Friday,2025-08-08,32
205024,EJ7904002Z,250034517,Gaithersburg_Police_Department,Property Damage Crash,2025-08-03 11:17:00,Maryland_State_Route,CLOPPER RD,ENT TO BURNT MILLS SHOPPING CENTER,Rear-End (Same Direction),Backing Error,Clear,Ice,Daylight,Traffic Signal,None Detected,7C9A2BD7-AED3-4FCC-9F05-A4B53569A624,PA,03B99FA4-5036-4B10-9486-16F6863555F5,Six O Clock,PassengerCar,Backing,Not On Roadway,2.5,No,No,2024,HONDA,39.14469274,-77.22662332,Accord_Honda,11,2025,8,3,11,Sunday,2025-08-03,31
205026,MCP2361003H,250035538,Montgomery_County_Police,Property Damage Crash,2025-08-09 18:11:00,County_Route,WALKERS CHOICE RD,MONTGOMERY VILLAGE AVE (SB/L),Rear-End (Same Direction),Congestion / Backup,Clear,Dry,Daylight,Traffic Signal,None Detected,DBC2FBDC-994D-4C75-A83A-1A5F0172FAF7,MD,3D9D9273-26D3-4D19-9ED3-70E043BDE36B,Seven O Clock,PassengerCar,StoppedInTrafficLane,Southbound,35.0,No,No,2011,TOYOTA,39.16151906,-77.20208524,Corolla_Toyota,18,2025,8,9,18,Saturday,2025-08-09,32
205027,MCP1227002C,250034914,Montgomery_County_Police,Fatal Crash,2025-08-06 03:21:00,Maryland_State_Route,SANDY SPRING RD (WB/L),COLUMBIA PIKE,Head-On,Lane Violation,Clear,Dry,Dark - Lighted,No Control,None Detected,55EC9EA6-67FA-49E4-9667-889845E4599F,MD,AFE5EC83-5CD6-4C6F-B9FD-E72F032D52C0,Twelve O Clock,SportUtilityVehicle,MovingConstantSpeed,Westbound,45.0,No,No,2007,HONDA,39.10627606,-76.91795692,CR-V_Honda,3,2025,8,6,3,Wednesday,2025-08-06,32
205028,MCP34030023,250035259,Montgomery_County_Police,Property Damage Crash,2025-08-08 01:49:00,Maryland_State_Route,DUSTIN RD,GERMANTOWN RD,Single Vehicle,Lane Violation,Clear,Dry,Dark - Lighted,No Control,None Detected,8D8BF28F-0400-4A96-9053-A76122D6F35F,MD,AE1C8DE4-E563-4E8A-8902-271A083A7AAC,Twelve O Clock,SportUtilityVehicle,MovingConstantSpeed,Northbound,20.0,No,No,2008,HONDA,39.1224885,-76.9263375,CR-V_Honda,1,2025,8,8,1,Friday,2025-08-08,32
205029,MCP33900027,250034874,Montgomery_County_Police,Property Damage Crash,2025-08-05 18:05:00,Local_Route,CLUB HILL DR,GREAT SENECA HWY,Rear-End (Same Direction),Tailgating,Clear,Dry,Daylight,No Control,None Detected,7415CD76-7840-418F-8060-82CE01C12952,MD,71146875-EC2D-4375-A101-C020844CE12F,VehicleNotAtScene,PassengerCar,Accelerating,Southbound,25.0,No,No,2011,NISSAN,39.18541133,-77.270209,Altima_Nissan,18,2025,8,5,18,Tuesday,2025-08-05,32
205030,MCP32750034,250035082,Montgomery_County_Police,Property Damage Crash,2025-08-06 21:29:00,Maryland_State_Route,SANDY SPRING RD (WB/L),RIDING STABLE RD,Rear-End (Same Direction),Driver Inattention,Clear,Dry,Dark - Lighted,Traffic Signal,Suspect Alcohol Only,32125F06-932C-4B76-BDCD-7F1498F8CBA7,MD,A6AAB2FD-7DA5-47F6-9763-02E4C1902160,Twelve O Clock,PickupTruck,MovingConstantSpeed,Westbound,40.0,No,No,2022,TOYOTA,39.11080219,-76.92505176,Camry_Toyota,21,2025,8,6,21,Wednesday,2025-08-06,32
205031,MCP31620063,250035605,Montgomery_County_Police,Injury Crash,2025-08-10 12:10:00,County_Route,E FRANKLIN AVE,FRANKLIN AVE,Rear vs Side,Right-of-Way Violation,Clear,Dry,Daylight,Traffic Signal,None Detected,F43A3E69-2FB2-4A23-800F-45B14D77BABF,MD,4CB6ADB5-448D-4351-9F5B-2AEF0210117C,Twelve O Clock,PassengerCar,MakingRightTurn,South,25.0,No,No,2019,LINCOLN,39.01216083,-77.00282443,MKZ_Lincoln,12,2025,8,10,12,Sunday,2025-08-10,32
205033,MCP2162005K,250034702,Montgomery_County_Police,Injury Crash,2025-08-04 16:44:00,County_Route,TUCKERMAN LA (EB/L),GEORGIA AVE,Single Vehicle,Driver Inattention,Clear,Dry,Daylight,Stop Sign,None Detected,F82304B5-F628-4ECD-9567-AE52F9B633C2,MD,C353C6C4-DF96-48C9-B630-32BA7400A366,Twelve O Clock,VanCargo,MovingConstantSpeed,Eastbound,35.0,No,No,2022,TOYOTA,39.03072171,-77.10383012,Camry_Toyota,16,2025,8,4,16,Monday,2025-08-04,32
205034,MCP31620064,250035767,Montgomery_County_Police,Injury Crash,2025-08-11 13:05:00,Maryland_State_Route,GEORGIA AVE,VOLUNTEER DR,Angle Collision,Right-of-Way Violation,Clear,Dry,Daylight,Traffic Signal,None Detected,5D1B3358-9543-4126-8FC9-9100AD04CE28,MD,499A917A-58CD-4B00-B56F-8435FD68CD10,One O Clock,PassengerCar,MakingLeftTurn,South,30.0,No,No,2022,CHEVROLET,39.01562758,-77.04267221,Tahoe_Chevrolet,13,2025,8,11,13,Monday,2025-08-11,33
205035,MCP27600077,250035825,Montgomery_County_Police,Property Damage Crash,2025-08-11 20:55:00,Maryland_State_Route,MONTGOMERY VILLAGE AVE,ROAD END,Rear-End (Same Direction),Tailgating,Clear,Dry,Dark - Lighted,No Control,None Detected,EA42B36C-4253-4AA0-B7F8-318C539452BC,MD,51B17A60-D834-4BEF-A9C1-C26E180CFE8F,Six O Clock,PassengerCar,SlowingOrStopping,Eastbound,35.0,No,No,2021,TOYOTA,39.15455567,-77.20914133,Camry_Toyota,20,2025,8,11,20,Monday,2025-08-11,33
205036,MCP289200HV,250035228,Montgomery_County_Police,Property Damage Crash,2025-08-07 19:20:00,County_Route,GLEN AVE,FREDERICK RD,Sideswipe (Same Direction),Right-of-Way Violation,Clear,Dry,Daylight,No Control,None Detected,5405C801-D530-4BA3-A1D3-F1EF996870E8,MD,919672AB-3786-43DD-93B6-6EF0897E397E,Ten O Clock,PassengerCar,MakingLeftTurn,Eastbound,30.0,No,No,2017,TOYOTA,39.01493495,-77.05427117,Sienna_Toyota,19,2025,8,7,19,Thursday,2025-08-07,32
205037,MCP3335003L,250034867,Montgomery_County_Police,Property Damage Crash,2025-08-05 17:31:00,County_Route,POWDER MILL RD,POWDER MILL RD POWDER MILL RD (WB/L),Single Vehicle,Lane Violation,Cloudy,Dry,Daylight,Traffic Signal,None Detected,3E2717E5-194E-4360-AEED-D6DB331A4E70,MD,ABBA28AB-95E5-4FC8-9F9B-2BEEAB723CCC,Twelve O Clock,PassengerCar,Accelerating,Southbound,30.0,No,No,2011,NISSAN,39.02593899,-76.96616771,Altima_Nissan,17,2025,8,5,17,Tuesday,2025-08-05,32
205038,DD56760010,250035089,Rockville_Police_Department,Property Damage Crash,2025-08-06 22:25:00,Municipality_Route,CHILHAM PL,TAMARACK RD,Rear-End (Same Direction),Driver Inattention,Clear,Dry,Dark - Not Lighted,No Control,Suspect Alcohol Only,42CA5D48-5268-4F00-A80E-43CCEBF29E4D,MD,EE55B8D9-6B88-4CAA-B15E-86AAA3A70C46,Twelve O Clock,PassengerCar,Accelerating,Eastbound,25.0,No,No,2016,VOLKSWAGEN,39.06018654,-77.17348708,Passat_Volkswagen,22,2025,8,6,22,Wednesday,2025-08-06,32
205039,MCP3428000N,250035422,Montgomery_County_Police,Property Damage Crash,2025-08-08 23:37:00,Maryland_State_Route,ROCKVILLE PIKE (SB/L),COMUS RD,Rear-End (Same Direction),Driver Inattention,Clear,Dry,Dark - Lighted,Traffic Signal,None Detected,5BDDC8EA-A3D2-4CF5-8462-531E9C756D7C,MD,29098E4B-AB82-416F-A5EC-90DE6E79AC6E,Six O Clock,OtherTruck,Accelerating,Southbound,40.0,No,No,2015,KIA,39.04196751,-77.11053859,Optima_Kia,23,2025,8,8,23,Friday,2025-08-08,32
205040,MCP34360015,250035367,Montgomery_County_Police,Injury Crash,2025-08-08 16:30:00,US_State_Route,COLUMBIA PIKE,CURRIER DR,Rear-End (Same Direction),Congestion / Backup,Clear,Dry,Daylight,No Control,None Detected,8FC76E06-FE4E-482A-8433-59F7A481CBDD,DC,D1B36C8A-2CF8-4890-9B5D-632E760ED48D,Six O Clock,PassengerCar,SlowingOrStopping,Northbound,45.0,No,No,2020,FORD,39.05204305,-76.97792157,Mustang_Ford,16,2025,8,8,16,Friday,2025-08-08,32
205042,MCP2291008X,250035379,Montgomery_County_Police,Injury Crash,2025-08-08 17:29:00,County_Route,MACARTHUR BLVD,CONNECTICUT AVE,Head-On,Lane Violation,Clear,Dry,Daylight,No Control,None Detected,12AC80F7-DB07-4C0D-A0A8-1FC07064D381,MD,48AE6D8A-2542-4DC1-8C33-86F3636955BE,Twelve O Clock,PassengerCar,MovingConstantSpeed,Westbound,30.0,No,No,2013,MERCEDES-BENZ,38.97888067,-77.21132983,S-Class_Mercedes-Benz,17,2025,8,8,17,Friday,2025-08-08,32
205043,MCP3380003F,250035613,Montgomery_County_Police,Property Damage Crash,2025-08-10 13:04:00,Maryland_State_Route,GEORGIA AVE (SB/L),PRINCE GEORGES CO/L,Sideswipe (Same Direction),Lane Violation,Clear,Dry,Daylight,No Control,None Detected,03133BFD-F846-472D-BC04-439D4AF3FFF3,MD,60B567D9-3C0C-4158-948F-9232165F80D6,Two O Clock,PassengerCar,ChangingLanes,Southbound,30.0,No,No,2015,BMW,39.03154683,-77.0483825,3 Series_BMW,13,2025,8,10,13,Sunday,2025-08-10,32
205044,MCP3381002T,250035100,Montgomery_County_Police,Injury Crash,2025-08-07 03:54:00,Ramp_Route,RAMP 1 FR RAMP 4 (FR IS270) TO RIDGE RD,RIDGE RD (NB/L),Angle Collision,Right-of-Way Violation,Clear,Dry,Dark - Lighted,Flashing Traffic Signal,None Detected,04938B91-01BC-46AC-96A0-4B21D652FEE0,MD,B9B961D6-E6DC-42F2-BB51-44E22E1FADB8,Twelve O Clock,SportUtilityVehicle,MovingConstantSpeed,Northbound,45.0,No,No,2018,AUDI,39.19891865,-77.26067935,Q5_Audi,3,2025,8,7,3,Thursday,2025-08-07,32