Unnamed: 0,Report Number,Local Case Number,Agency Name,ACRS Report Type,Crash Date/Time,Route Type,Road Name,Cross-Street Name,Collision Type,Circumstance_Category,Weather,Surface Condition,Light,Traffic Control,Driver Substance Abuse,Person ID,Drivers License State,Vehicle ID,Vehicle First Impact Location,Vehicle Body Type,Vehicle Movement,Vehicle Going Dir,Speed Limit,Driverless Vehicle,Parked Vehicle,Vehicle Year,Vehicle Make,Latitude,Longitude,Vehicle Model,hour,Crash_year,Crash_month,Crash_day,Crash_hour,Crash_day_name,Crash_date,Crash_week
205045,DD558300B4,250035623,Rockville_Police_Department,Injury Crash,2025-08-10 14:21:00,Maryland_State_Route,ROCKVILLE PIKE,VEIRS MILL RD (WB/L),Head-On,Road Obstruction,Clear,Dry,Daylight,Traffic Signal,None Detected,436976FD-8CB7-4D3C-BFAB-3FF6AAF5D1CB,MD,479EDAB0-6FB1-4BD8-91CD-ABE0ED0F235B,One O Clock,SportUtilityVehicle,Accelerating,South,30.0,No,No,2019,LEXUS,39.08146539,-77.14555127,RX 350_Lexus,14,2025,8,10,14,Sunday,2025-08-10,32
205046,MCP2545001V,250034916,Montgomery_County_Police,Injury Crash,2025-08-06 06:30:00,County_Route,HORDE ST,CARROLL AVE,Single Vehicle,Lane Violation,Clear,Dry,Daylight,No Control,None Detected,0501F662-D274-4C8D-BEED-4A6222B759B2,MD,CD7709AA-677C-488F-A2C9-44E24D23BC43,Eleven O Clock,PassengerCar,NegotiatingCurve,Southbound,25.0,No,No,2023,TESLA,39.03405529,-77.04339879,Model 3_Tesla,6,2025,8,6,6,Wednesday,2025-08-06,32
205047,MCP33870030,250034226,Montgomery_County_Police,Property Damage Crash,2025-08-01 10:03:00,US_State_Route,COLUMBIA PIKE,PRELUDE DR,Rear-End (Same Direction),Speed Related,Cloudy,Wet,Daylight,Traffic Signal,None Detected,EFF52458-FAA7-4A35-A844-F7CC5ED19097,MD,D3A4497F-9244-475F-A067-2D9775244D7E,Twelve O Clock,PassengerCar,MovingConstantSpeed,Northbound,45.0,No,No,2005,HONDA,39.03927981,-76.99768979,Civic_Honda,10,2025,8,1,10,Friday,2025-08-01,31
205048,MCP3431000Y,250035355,Montgomery_County_Police,Property Damage Crash,2025-08-08 14:59:00,Maryland_State_Route,FREDERICK RD,MARYLAND AVE,Rear-End (Same Direction),Driver Inattention,Clear,Dry,Daylight,Traffic Signal,None Detected,C4EA6AAF-D13E-4FD8-A651-529116E983A5,MD,DF5DBDD6-7F49-43C8-821D-2EAE980147E8,One O Clock,PassengerCar,Accelerating,Not On Roadway,2.5,No,No,2018,TOYOTA,39.173078,-77.26742328,Sienna_Toyota,14,2025,8,8,14,Friday,2025-08-08,32
205049,MCP287500B9,250035518,Montgomery_County_Police,Property Damage Crash,2025-08-09 16:09:00,Maryland_State_Route,FREDERICK RD,LORAIN AVE,Rear-End (Same Direction),Tailgating,Clear,Dry,Daylight,No Control,None Detected,B8AF0DC8-01E0-4B66-A10D-0EF16CCE1A4B,FL,F549133A-D140-440D-991D-AC789FC87C7F,Twelve O Clock,SportUtilityVehicle,SlowingOrStopping,Northbound,35.0,No,No,2014,SUBARU,39.194625,-77.15304833,Forester_Subaru,16,2025,8,9,16,Saturday,2025-08-09,32
205050,MCP34410018,250035376,Montgomery_County_Police,Property Damage Crash,2025-08-08 17:11:00,Maryland_State_Route,CONNECTICUT AVE,THOMAS FARM RD,Sideswipe (Same Direction),Lane Violation,Clear,Dry,Daylight,No Control,None Detected,0217F2E7-61BA-4E48-A609-3D2D18BCD4E6,VA,DBA172BC-C5C5-43BA-A42B-F8912B69CA06,Ten O Clock,SingleUnitTruck,MovingConstantSpeed,Northbound,30.0,No,No,2014,FORD,38.97715524,-77.07710578,E-Series_Ford,17,2025,8,8,17,Friday,2025-08-08,32
205055,MCP3079007J,250035337,Montgomery_County_Police,Property Damage Crash,2025-08-08 13:52:00,County_Route,MIDDLEBROOK RD,SOUTHLAWN LA,Sideswipe (Same Direction),Lane Violation,Clear,Dry,Daylight,No Control,None Detected,70ED40A4-5BD2-4022-B1E1-EC33C6BB1E56,MD,B5DA5F35-55C8-4B71-A086-824640871CD7,One O Clock,PassengerCar,MovingConstantSpeed,Eastbound,40.0,No,No,2020,CHEVROLET,39.17513843,-77.25752217,Trax_Chevrolet,13,2025,8,8,13,Friday,2025-08-08,32
205056,MCP33070032,250034423,Montgomery_County_Police,Property Damage Crash,2025-08-02 14:15:00,Maryland_State_Route,GEORGIA AVE (SB/L),ATHERTON DR,Rear-End (Same Direction),Congestion / Backup,Clear,Dry,Daylight,Traffic Signal,None Detected,E6426016-FE50-4E4D-8BE4-3B282D55BD7A,MD,247205AD-306D-407E-BABD-7F72060B7249,Six O Clock,SportUtilityVehicle,SlowingOrStopping,Southbound,35.0,No,No,2017,HONDA,39.06094967,-77.05213333,CR-V_Honda,14,2025,8,2,14,Saturday,2025-08-02,31
205057,MCP32800079,250035475,Montgomery_County_Police,Property Damage Crash,2025-08-09 08:20:00,County_Route,MT PISGAH RD,GUNNERS BRANCH RD,Rear vs Side,Backing Error,Clear,Dry,Daylight,No Control,None Detected,2C4A3B46-F659-423C-A501-5E87B9EE0AF9,MD,F1D15CB3-DBFC-4C28-B8CD-F70384C8B929,Five O Clock,PassengerCar,Backing,Eastbound,25.0,No,No,2022,TOYOTA,39.01433285,-76.97728407,Corolla_Toyota,8,2025,8,9,8,Saturday,2025-08-09,32
205058,MCP31380080,250035444,Montgomery_County_Police,Property Damage Crash,2025-08-09 06:54:00,County_Route,URBANA DR,FLACK ST,Sideswipe (Same Direction),Lane Violation,Clear,Dry,Daylight,No Control,None Detected,5126817B-5141-4828-AB90-1D39E46FEFFB,MD,4C1FAC51-411F-4852-B4EA-B8383E8182EE,One O Clock,SportUtilityVehicle,MovingConstantSpeed,Southbound,25.0,No,No,2024,ACURA,39.06113312,-77.05436761,MDX_Acura,6,2025,8,9,6,Saturday,2025-08-09,32
205059,MCP27600077,250035825,Montgomery_County_Police,Property Damage Crash,2025-08-11 20:55:00,Maryland_State_Route,MONTGOMERY VILLAGE AVE,TOWER OAKS BLVD,Rear-End (Same Direction),Tailgating,Clear,Dry,Dark - Lighted,No Control,None Detected,3DA69342-B4DD-4FB7-84EE-29742B4330E0,MD,B1E8EB98-6C7E-4219-9D49-5CA7D15EFAF1,Six O Clock,StationWagon,SlowingOrStopping,Eastbound,35.0,No,No,2011,TOYOTA,39.15455567,-77.20914133,Venza_Toyota,20,2025,8,11,20,Monday,2025-08-11,33
205060,MCP3380003B,250035450,Montgomery_County_Police,Injury Crash,2025-08-09 07:40:00,County_Route,INWOOD AVE,UNIVERSITY BLVD W,Angle Collision,Right-of-Way Violation,Clear,Dry,Daylight,Traffic Signal,None Detected,A7482D83-1481-4882-9BB3-F8EF96AEE5C6,PA,B58C0B09-D01A-4A0A-8A2B-30961D80233E,One O Clock,PassengerCar,MakingLeftTurn,Westbound,35.0,No,No,2025,HONDA,39.03606473,-77.03637809,Civic_Honda,7,2025,8,9,7,Saturday,2025-08-09,32
205061,MCP263900HC,250034988,Montgomery_County_Police,Injury Crash,2025-08-06 13:21:00,County_Route,RANDOLPH RD,SHERWOOD FOREST DR,Rear-End (Same Direction),Tailgating,Clear,Dry,Daylight,Pedestrian Crossing,None Detected,5A303DA6-1C01-4223-BE19-FA7D4B8241AE,MD,646E8347-54E8-4800-90FD-BE73B29D5649,Six O Clock,SportUtilityVehicle,SlowingOrStopping,Eastbound,40.0,No,No,2018,FORD,39.07310179,-77.00823183,Escape_Ford,13,2025,8,6,13,Wednesday,2025-08-06,32
205063,MCP2921005Q,250036000,Montgomery_County_Police,Injury Crash,2025-08-12 18:50:00,Maryland_State_Route,GEORGIA AVE,INDEPENDENCE ST,Rear-End (Same Direction),Tailgating,Clear,Dry,Daylight,No Control,None Detected,EA555E7D-70EA-4515-A44D-C5A481AA5F51,MD,1E1CA128-C8AF-4EF2-BFD3-4C06B1E26DD9,Twelve O Clock,PassengerCar,MovingConstantSpeed,Northbound,35.0,No,No,2007,TOYOTA,39.22641367,-77.26407352,Sienna_Toyota,18,2025,8,12,18,Tuesday,2025-08-12,33
205065,MCP287500B9,250035518,Montgomery_County_Police,Property Damage Crash,2025-08-09 16:09:00,Maryland_State_Route,FIRSTFIELD RD,BEECH TREE RD,Rear-End (Same Direction),Tailgating,Clear,Dry,Daylight,No Control,None Detected,100BEE45-AF99-457C-8099-88FDF9BCA2DB,MD,64DB320D-9819-4034-8863-8491AB958DF3,Six O Clock,StationWagon,SlowingOrStopping,Northbound,35.0,No,No,2021,SUBARU,39.194625,-77.15304833,Crosstrek_Subaru,16,2025,8,9,16,Saturday,2025-08-09,32
205066,MCP233900BW,250034199,Montgomery_County_Police,Injury Crash,2025-08-01 06:50:00,County_Route,SOUTHLAWN LA,RAMP 5 FR MD 187 SB TO RAMP 4 (TO IS270),Angle Collision,Right-of-Way Violation,Cloudy,Dry,Daylight,No Control,None Detected,2255AF80-CDB8-4BF1-8E7C-9EBE7120B479,MD,666B2ECB-E297-404B-890C-AB49A33ADBC6,Nine O Clock,PassengerCar,MakingLeftTurn,Eastbound,35.0,No,No,2016,TOYOTA,39.09843608,-77.13625676,Camry_Toyota,6,2025,8,1,6,Friday,2025-08-01,31
205067,MCP3079007H,250035104,Montgomery_County_Police,Property Damage Crash,2025-08-07 06:51:00,County_Route,WYNNFIELD DR,CEDAR BLUFF DR,Single Vehicle,Driver Inattention,Clear,Dry,Daylight,No Control,Suspect Alcohol Only,EBF41173-8C76-43A7-B10C-867B42AF76D4,MD,C823FDF9-27F1-4E69-A88D-15888D7B537B,One O Clock,PassengerCar,MovingConstantSpeed,Eastbound,25.0,No,No,2024,NISSAN,39.18551606,-77.27775574,Sentra_Nissan,6,2025,8,7,6,Thursday,2025-08-07,32
205068,MCP2107006Q,250034963,Montgomery_County_Police,Injury Crash,2025-08-06 11:29:00,Maryland_State_Route,RIDGE RD (SB/L),CONNECTICUT AVE,Single Vehicle,Lane Violation,Cloudy,Dry,Daylight,No Control,None Detected,24F6C7A7-5F59-48BD-8772-9E33C1F8BC8C,MD,19B6C482-4325-4167-94D2-929FF06CED5E,Twelve O Clock,PassengerCar,MovingConstantSpeed,Southbound,35.0,No,No,2009,ACURA,39.31252093,-77.19813937,TL_Acura,11,2025,8,6,11,Wednesday,2025-08-06,32
205069,MCP292300F5,250025750,Montgomery_County_Police,Property Damage Crash,2025-08-11 12:37:00,Maryland_State_Route,NEW HAMPSHIRE AVE (SB/L),ELLSWORTH DR,Rear-End (Same Direction),Driver Inattention,Cloudy,Dry,Daylight,No Control,None Detected,D83AA79C-3EA8-4C63-87F9-B6C1A3DD8CC3,MD,320BFB7E-A8CD-4CA5-BF88-0F979E970F79,Six O Clock,SportUtilityVehicle,StoppedInTrafficLane,Southbound,30.0,No,No,2025,TESLA,39.07409369,-77.00254184,Model Y_Tesla,12,2025,8,11,12,Monday,2025-08-11,33
205070,MCP22700055,250034778,Montgomery_County_Police,Property Damage Crash,2025-08-05 10:00:00,County_Route,GLENNON DR,BRADLEY LA,Rear vs Side,Backing Error,Clear,Dry,Daylight,No Control,None Detected,7B986458-FD05-4D34-9F37-04F037C5C1D2,MD,68161C24-E862-4CC9-9685-5EAA98A8661B,Six O Clock,SportUtilityVehicle,Backing,Westbound,25.0,No,No,2000,FORD,39.00823036,-77.15911783,Explorer_Ford,10,2025,8,5,10,Tuesday,2025-08-05,32
205071,MCP33070033,250035855,Montgomery_County_Police,Injury Crash,2025-08-12 06:19:00,County_Route,HICKERSON DR,GEORGIA AVE,Rear-End (Same Direction),Speed Related,Clear,Dry,Daylight,No Control,None Detected,DB4F822F-2F48-44F9-AA77-A8950DB68199,MD,4F85A521-FC4D-4EB3-A127-835733C134A9,Eleven O Clock,Other,MovingConstantSpeed,Southbound,25.0,No,No,2022,TOYOTA,39.04223028,-77.0519788,Camry_Toyota,6,2025,8,12,6,Tuesday,2025-08-12,33
205073,EJ7891002Y,250035678,Gaithersburg_Police_Department,Injury Crash,2025-08-10 22:32:00,Maryland_State_Route,DARNESTOWN RD (WB/L),GLEN RD,Angle Collision,Right-of-Way Violation,Clear,Dry,Dark - Lighted,Traffic Signal,None Detected,8401528F-9F0B-4EFD-B72E-B6233FEB2075,MD,7C00C7C2-A66D-43EA-9984-7A772A773E94,Ten O Clock,PickupTruck,MakingLeftTurn,Eastbound,30.0,No,No,2017,TOYOTA,39.11793598,-77.25275152,RAV4_Toyota,22,2025,8,10,22,Sunday,2025-08-10,32
205074,MCP2932008Z,250034592,Montgomery_County_Police,Property Damage Crash,2025-08-03 22:21:00,Maryland_State_Route,NEW HAMPSHIRE AVE,SNOW CREEK DR,Rear-End (Same Direction),Tailgating,Clear,Dry,Dark - Lighted,No Control,None Detected,71A37E7D-A39B-4823-8961-CE8057985190,DC,4CE564A0-F57D-4475-9CBF-33BD484964FA,Six O Clock,PassengerCar,SlowingOrStopping,Northbound,35.0,No,No,2014,TOYOTA,39.02007068,-76.97649042,Camry_Toyota,22,2025,8,3,22,Sunday,2025-08-03,31
205075,MCP31480087,250034890,Montgomery_County_Police,Injury Crash,2025-08-05 20:05:00,County_Route,EXECUTIVE BLVD,NICHOLSON LA,Angle Collision,Right-of-Way Violation,Clear,Dry,Dusk,Traffic Signal,None Detected,17B46346-64F0-41BA-BF56-18E76FB5992E,MD,AB6EACB9-7196-4F72-9A2A-0EA9D2C6A1B8,Eleven O Clock,SportUtilityVehicle,MovingConstantSpeed,Westbound,30.0,No,No,2012,HONDA,39.04496916,-77.11682511,CR-V_Honda,20,2025,8,5,20,Tuesday,2025-08-05,32
205076,DD558300B4,250035623,Rockville_Police_Department,Injury Crash,2025-08-10 14:21:00,Maryland_State_Route,ROCKVILLE PIKE,VEIRS MILL RD (WB/L),Head-On,Right-of-Way Violation,Clear,Dry,Daylight,Traffic Signal,None Detected,AAC13E33-3093-4FF2-A1D9-63666D0BA7C0,MD,F075CF88-B13D-4970-A59C-F734177A93B2,Twelve O Clock,PassengerCar,MakingLeftTurn,North,30.0,No,No,2017,FORD,39.08146539,-77.14555127,F-150_Ford,14,2025,8,10,14,Sunday,2025-08-10,32
205077,MCP2298017W,250034851,Montgomery_County_Police,Property Damage Crash,2025-08-05 16:11:00,Maryland_State_Route,OLD COLUMBIA PIKE,VENICE DR,Head-On,Weather Related,Cloudy,Dry,Daylight,Traffic Signal,None Detected,C0D49793-7963-4EA9-9706-F845A2FA3633,GA,18BB30B8-D9A4-4ADF-BA2E-DBEA1FBA4E47,Six O Clock,PassengerCar,Parked,Unknown,2.5,No,Yes,2022,TOYOTA,39.03770167,-77.02968333,Camry_Toyota,16,2025,8,5,16,Tuesday,2025-08-05,32
205080,MCP283200BZ,250035706,Montgomery_County_Police,Property Damage Crash,2025-08-11 07:45:00,County_Route,SCHUYLKILL RD,MAPLE AVE,Sideswipe (Same Direction),Lane Violation,Cloudy,Dry,Daylight,No Control,None Detected,7DA4056D-96B0-4C28-A330-10923D125036,MD,635B179F-43C1-4D15-BC23-6F938F8574D1,One O Clock,PassengerCar,MovingConstantSpeed,Northbound,25.0,No,No,2005,TOYOTA,39.04195031,-77.09567948,Camry_Toyota,7,2025,8,11,7,Monday,2025-08-11,33
205082,MCP3445000R,250035602,Montgomery_County_Police,Property Damage Crash,2025-08-10 11:58:00,Maryland_State_Route,ROCKVILLE PIKE,TUCKERMAN LA (EB/L),Rear-End (Same Direction),Tailgating,Clear,Dry,Daylight,Traffic Signal,None Detected,41400E1F-18DB-4DE7-A351-B9C7EBDF29AF,MD,B7E9213D-3325-4D6E-8800-0313CAEA1635,Twelve O Clock,PassengerCar,SlowingOrStopping,Southbound,35.0,No,No,2014,FORD,39.0304697,-77.10490718,Fusion_Ford,11,2025,8,10,11,Sunday,2025-08-10,32
205083,MCP289200HT,250035213,Montgomery_County_Police,Injury Crash,2025-08-07 18:14:00,County_Route,BRADFORD RD,MANCHESTER RD WOODCLIFF CT,Angle Collision,Right-of-Way Violation,Clear,Dry,Daylight,Stop Sign,None Detected,D5033637-C86B-4E72-915C-C898B93DEE9F,MD,C94A9181-2B24-4F9E-B7F0-B5FACF6A5AAB,Four O Clock,PassengerCar,EnteringTrafficLane,South,30.0,No,No,2011,ACURA,38.99837985,-77.00695797,MDX_Acura,18,2025,8,7,18,Thursday,2025-08-07,32
205084,MCP3325004D,250035643,Montgomery_County_Police,Injury Crash,2025-08-10 17:11:00,US_State_Route,COLUMBIA PIKE (SB/L),CENTURY BLVD,Rear-End (Same Direction),Congestion / Backup,Clear,Dry,Daylight,No Control,None Detected,6836BF8B-6CBC-4F65-A43F-01B10CAF1B0E,MD,11D05B09-321F-4242-B889-AA2085E63EDD,Six O Clock,SportUtilityVehicle,SlowingOrStopping,Southbound,55.0,No,No,2016,FORD,39.10591833,-76.93242633,F-150_Ford,17,2025,8,10,17,Sunday,2025-08-10,32
205085,MCP31620064,250035767,Montgomery_County_Police,Injury Crash,2025-08-11 13:05:00,Maryland_State_Route,GEORGIA AVE,STARDRIFT DR,Angle Collision,Road Obstruction,Clear,Dry,Daylight,Traffic Signal,None Detected,F22BDF7B-C2A1-4975-8741-53B265AD377D,MD,16D7C248-122E-47EF-85FF-947DA91DB22A,Eleven O Clock,PassengerCar,MovingConstantSpeed,North,30.0,No,No,2009,TOYOTA,39.01562758,-77.04267221,Camry_Toyota,13,2025,8,11,13,Monday,2025-08-11,33
205086,MCP3227006L,250036191,Montgomery_County_Police,Property Damage Crash,2025-08-13 18:37:00,Maryland_State_Route,UNIVERSITY BLVD E (WB/L),PRICHARD RD,Rear-End (Same Direction),Tailgating,Rain,Wet,Daylight,No Control,None Detected,0B9F8BE6-652C-4060-B432-FB6F65A14B41,MD,EB5A7402-DE50-47BA-AF52-BC33CC928862,Twelve O Clock,TransitBus,StoppedInTrafficLane,Westbound,35.0,No,No,2011,CHEVROLET,39.01994157,-77.01203391,Silverado_Chevrolet,18,2025,8,13,18,Wednesday,2025-08-13,33
205087,MCP23950034,250034639,Montgomery_County_Police,Property Damage Crash,2025-08-04 10:47:00,Municipality_Route,REDLAND BLVD,RAMP 9 FR RAMP 1 TO REDLAND BLVD,Angle Collision,Traffic Control Violation,Clear,Dry,Daylight,Traffic Signal,None Detected,DD01E2AA-442F-4B37-9F09-ACE68A4CC341,MD,29244657-21D5-42C5-BE13-074F9093423D,Twelve O Clock,SportUtilityVehicle,MovingConstantSpeed,Northbound,40.0,No,No,2019,HONDA,39.11562136,-77.16615717,Civic_Honda,10,2025,8,4,10,Monday,2025-08-04,32
205088,MCP2203009P,250035909,Montgomery_County_Police,Property Damage Crash,2025-08-12 11:30:00,Maryland_State_Route,GEORGIA AVE (SB/L),ROCKVILLE PIKE,Sideswipe (Same Direction),Lane Violation,Clear,Dry,Daylight,No Control,None Detected,DDC5B80F-3E2C-4370-86F1-E014D44ABAAE,MD,E0495216-873B-464C-A7C1-2C12B27E2981,VehicleNotAtScene,SportUtilityVehicle,StoppedInTrafficLane,Southbound,25.0,No,No,2024,TOYOTA,39.04431403,-77.05214166,Camry_Toyota,11,2025,8,12,11,Tuesday,2025-08-12,33
205089,MCP3411002P,250034695,Montgomery_County_Police,Property Damage Crash,2025-08-04 15:54:00,County_Route,MONTROSE RD (WB/L),PREDELA DR,Rear-End (Same Direction),Tailgating,Clear,Dry,Daylight,No Control,None Detected,7ADF952D-6B55-4F9C-9078-1857F59C28E4,FL,E4B520BE-50E0-429E-8B5A-F05726BAE175,VehicleNotAtScene,PassengerCar,MovingConstantSpeed,Westbound,35.0,No,No,2008,LEXUS,39.05392947,-77.13781208,RX_Lexus,15,2025,8,4,15,Monday,2025-08-04,32
205090,MCP3233005T,250035991,Montgomery_County_Police,Property Damage Crash,2025-08-12 18:07:00,County_Route,LOCKWOOD DR,COLUMBIA PIKE (SB/L),Rear-End (Same Direction),Tailgating,Clear,Dry,Daylight,Traffic Signal,None Detected,924AD65A-EAD7-48C4-9917-9C38D53D44BA,MD,A3131DAC-AEE0-4B82-8A45-C3E4B8995480,Twelve O Clock,PassengerCar,SlowingOrStopping,Northbound,35.0,No,No,2017,NISSAN,39.03383241,-77.00241809,Sentra_Nissan,18,2025,8,12,18,Tuesday,2025-08-12,33
205091,MCP3372003Y,250035238,Montgomery_County_Police,Property Damage Crash,2025-08-07 20:38:00,Private_Route,CONNECTICUT AVE,LANGLEY DR,Single Vehicle,Driver Inattention,Clear,Dry,Dark - Lighted,No Control,None Detected,70702723-A465-40E3-BBC9-E71BE0CA4D1C,MD,42A14AA6-6603-450F-9684-FFFDB3A902CF,One O Clock,PassengerCar,MovingConstantSpeed,Eastbound,25.0,No,No,2014,HONDA,39.1009922,-77.07562776,Civic_Honda,20,2025,8,7,20,Thursday,2025-08-07,32
205092,MCP9118005H,250035836,Montgomery_County_Police,Injury Crash,2025-08-11 22:37:00,County_Route,SHOREFIELD RD,TSCHIFFELY SQUARE RD,Angle Collision,Right-of-Way Violation,Clear,Dry,Dark - Not Lighted,No Control,None Detected,89FFFDB7-AE87-4C6A-97A4-3F877565E560,MD,660BEDAA-5EB7-4F3C-B455-A85854F71BF9,Eleven O Clock,SportUtilityVehicle,MakingLeftTurn,Eastbound,25.0,No,No,2019,CHEVROLET,39.05301727,-77.04854322,Equinox_Chevrolet,22,2025,8,11,22,Monday,2025-08-11,33
205093,MCP3292002W,250035628,Montgomery_County_Police,Property Damage Crash,2025-08-10 14:58:00,County_Route,CLIFF PINE DR,WOODFIELD RD,Angle Collision,Right-of-Way Violation,Clear,Dry,Daylight,No Control,None Detected,C297571D-8E79-42DE-8F71-4477AF9B5D9F,MD,E922D80D-FC2A-4D5E-AA5F-A551BDDAA3D9,Seven O Clock,SportUtilityVehicle,MovingConstantSpeed,Northbound,40.0,No,No,2020,LEXUS,39.1780183,-77.15064254,RX 350_Lexus,14,2025,8,10,14,Sunday,2025-08-10,32
205094,MCP3313002P,250035834,Montgomery_County_Police,Property Damage Crash,2025-08-11 22:06:00,County_Route,ARCTIC AVE,PINNACLE DR,Rear-End (Same Direction),Driver Inattention,Clear,Dry,Dark - Lighted,No Control,None Detected,F0B3FE79-01FC-4C71-9951-C05B45459240,MD,C18DD5F7-2F6F-42CF-AF22-2AC619DCEEF7,One O Clock,PassengerCar,MovingConstantSpeed,Southbound,25.0,No,No,2014,SUBARU,39.07408109,-77.09929811,Legacy_Subaru,22,2025,8,11,22,Monday,2025-08-11,33
205095,MCP34310010,250036171,Montgomery_County_Police,Injury Crash,2025-08-13 17:22:00,Municipality_Route,WISTERIA DR,ASBURY LA,Angle Collision,Right-of-Way Violation,Rain,Wet,Daylight,Stop Sign,None Detected,69A40C78-717E-47A1-8D39-5859956F26EA,MD,A0157457-6D46-42A0-B45C-1755861BB6B2,Twelve O Clock,PassengerCar,MovingConstantSpeed,Northbound,2.5,No,No,2017,HONDA,39.14675254,-77.27370193,Civic_Honda,17,2025,8,13,17,Wednesday,2025-08-13,33
205096,MCP3422001V,250035260,Montgomery_County_Police,Property Damage Crash,2025-08-08 02:00:00,US_State_Route,GEORGIA AVE (SB/L),GEORGIA AVE,Rear-End (Same Direction),Passing / Turning,Clear,Dry,Dark - Lighted,Pedestrian Crossing,None Detected,3DACB261-DEAF-4C08-9806-E60A814C35A3,VA,158BFAFE-532F-4E01-9584-7B76EE06421D,Four O Clock,SingleUnitTruck,MakingRightTurn,Northbound,30.0,No,No,1993,BMW,38.99596433,-77.02805767,3 Series_BMW,2,2025,8,8,2,Friday,2025-08-08,32
205097,MCP34360017,250035410,Montgomery_County_Police,Property Damage Crash,2025-08-08 20:56:00,County_Route,LOCKSLEY LA,RANDOLPH RD,Rear-End (Same Direction),Road Obstruction,Clear,Dry,Dusk,Traffic Signal,Suspect Alcohol Only,E97F2B98-492E-455D-85C5-F21CAEB7EB65,MD,A23EFAE0-559E-4B2D-BC73-D1136FA89B4C,Twelve O Clock,PassengerCar,MovingConstantSpeed,South,35.0,No,No,1998,TOYOTA,39.07141983,-77.01124226,Corolla_Toyota,20,2025,8,8,20,Friday,2025-08-08,32
205099,MCP3473000P,250035211,Montgomery_County_Police,Injury Crash,2025-08-07 16:12:00,US_State_Route,COLUMBIA PIKE (SB/L),WALHONDING RD,Rear-End (Same Direction),Tailgating,Clear,Dry,Daylight,Traffic Signal,None Detected,2709A290-DED1-4AEA-A1F6-57A54BE3F24B,MD,6694760E-3BF2-4B6C-B56A-A261F9C41D94,Twelve O Clock,PassengerCar,SlowingOrStopping,Southbound,30.0,No,No,2006,NISSAN,39.04665429,-76.98690825,Maxima_Nissan,16,2025,8,7,16,Thursday,2025-08-07,32
205100,MCP34010027,250034582,Montgomery_County_Police,Injury Crash,2025-08-03 21:13:00,County_Route,STEWART LA,COLUMBIA PIKE (SB/L),Angle Collision,Right-of-Way Violation,Clear,Dry,Dusk,Traffic Signal,None Detected,94271BC6-2007-488D-9C0E-43BD42E28BA8,MD,4DC35C5C-F803-452D-AD1D-F9CE72C67766,Two O Clock,PassengerCar,MakingLeftTurn,Northbound,45.0,No,No,2013,HONDA,39.04660156,-76.98698468,CR-V_Honda,21,2025,8,3,21,Sunday,2025-08-03,31
205101,DD5538005L,250035482,Rockville_Police_Department,Property Damage Crash,2025-08-08 19:20:00,Municipality_Route,LEWIS AVE,E FRANKLIN AVE,Sideswipe (Same Direction),Lane Violation,Clear,Dry,Dark - Lighted,No Control,None Detected,1DABEC7D-4F2E-49E5-95E5-9CE3671CE8C9,MD,3C152FBD-9BBB-4399-B568-EA5C0A42CB96,One O Clock,PassengerCar,MovingConstantSpeed,Northbound,25.0,No,No,1993,MAZDA,39.06709759,-77.12517545,MX-5 Miata_Mazda,19,2025,8,8,19,Friday,2025-08-08,32
205102,MCP296200BC,250035273,Montgomery_County_Police,Injury Crash,2025-08-08 07:01:00,County_Route,OLD HUNDRED RD,ASTON MANOR DR,Angle Collision,Speed Related,Clear,Dry,Daylight,No Control,None Detected,9839799B-89A4-47DC-9C48-2E5EFA60AD58,MD,0B040961-61C4-4E66-AA1D-9BF1DBC97A0B,Twelve O Clock,PassengerCar,MovingConstantSpeed,Southbound,35.0,No,No,2018,JEEP,39.0422175,-77.159591,Compass_Jeep,7,2025,8,8,7,Friday,2025-08-08,32
205104,MCP3040008C,250035409,Montgomery_County_Police,Property Damage Crash,2025-08-08 21:20:00,Maryland_State_Route,GEORGIA AVE,NEBEL ST,Rear-End (Same Direction),Road Obstruction,Clear,Dry,Dark - Not Lighted,Traffic Signal,None Detected,FEFA5AFD-DC54-4D9A-9769-B99E6D7A74A9,MD,31604782-AE28-415E-B28C-F80C90949A36,Six O Clock,PassengerCar,StoppedInTrafficLane,Northbound,40.0,No,No,2014,ACURA,39.12522917,-77.0724345,RDX_Acura,21,2025,8,8,21,Friday,2025-08-08,32
205106,MCP32800078,250034832,Montgomery_County_Police,Property Damage Crash,2025-08-05 13:50:00,Maryland_State_Route,GREAT SENECA HWY,INDUSTRIAL PKWY,Sideswipe (Same Direction),Driver Inattention,Clear,Dry,Daylight,No Control,None Detected,D5DAF5E8-F598-4C96-A15A-19AF4CFA97FD,MD,913B54A4-1116-4388-A013-A7420A44EAFD,One O Clock,PassengerCar,MakingLeftTurn,Not On Roadway,2.5,No,No,2004,HONDA,39.08274392,-76.94562457,Pilot_Honda,13,2025,8,5,13,Tuesday,2025-08-05,32