Unnamed: 0,Report Number,Local Case Number,Agency Name,ACRS Report Type,Crash Date/Time,Route Type,Road Name,Cross-Street Name,Collision Type,Circumstance_Category,Weather,Surface Condition,Light,Traffic Control,Driver Substance Abuse,Person ID,Drivers License State,Vehicle ID,Vehicle First Impact Location,Vehicle Body Type,Vehicle Movement,Vehicle Going Dir,Speed Limit,Driverless Vehicle,Parked Vehicle,Vehicle Year,Vehicle Make,Latitude,Longitude,Vehicle Model,hour,Crash_year,Crash_month,Crash_day,Crash_hour,Crash_day_name,Crash_date,Crash_week
205107,MCP263900HD,250035707,Montgomery_County_Police,Injury Crash,2025-08-11 08:56:00,Maryland_State_Route,COLESVILLE RD,GLENDALOUGH RD,Angle Collision,Tailgating,Cloudy,Dry,Daylight,No Control,None Detected,E5D1E87B-E47A-460D-8469-C642434E614F,MD,CA820C63-C467-4F06-8EFE-B1F1D0061CB1,Eleven O Clock,SportUtilityVehicle,StoppedInTrafficLane,Southbound,50.0,No,No,2022,VOLKSWAGEN,39.21296833,-77.171905,Tiguan_Volkswagen,8,2025,8,11,8,Monday,2025-08-11,33
205108,DD56530059,250036116,Rockville_Police_Department,Injury Crash,2025-08-13 13:48:00,Maryland_State_Route,ROCKVILLE PIKE,JUNIPER ST,Rear-End (Same Direction),Tailgating,Rain,Wet,Daylight,Traffic Signal,None Detected,55E27397-FA9F-4F8C-9CB1-358326FC38FE,MD,EF020FE1-CA1C-4C75-9693-822235164526,Six O Clock,PassengerCar,StoppedInTrafficLane,Northbound,35.0,No,No,2024,MERCEDES-BENZ,39.07439606,-77.1355357,GLE_Mercedes-Benz,13,2025,8,13,13,Wednesday,2025-08-13,33
205109,MCP3431000Z,250036001,Montgomery_County_Police,Injury Crash,2025-08-12 18:54:00,Maryland_State_Route,NEW HAMPSHIRE AVE,AIRPARK RD,Head-On,Right-of-Way Violation,Clear,Wet,Daylight,No Control,None Detected,78002E90-2CB9-40BD-93A2-D6C1F3D30B8D,TX,53B8BFBE-304B-46B7-AD91-A1EBEE500F0A,Twelve O Clock,PassengerCar,MovingConstantSpeed,Northbound,2.5,No,No,2009,HONDA,39.18031651,-77.26772096,Accord_Honda,18,2025,8,12,18,Tuesday,2025-08-12,33
205110,MCP2898006D,250035963,Montgomery_County_Police,Injury Crash,2025-08-12 15:46:00,County_Route,SECOND AVE (NB/L),ROSEMARY ST #2,Single Vehicle,Backing Error,Clear,Dry,Daylight,Stop Sign,None Detected,1C8609C7-DFCB-40C0-AEF7-40FCDC3D3FDD,MD,11F70193-C2BB-4163-AC25-822231EA0E02,NonCollision,PassengerCar,Backing,Not On Roadway,2.5,No,No,2004,TOYOTA,39.20390465,-77.23508737,Corolla_Toyota,15,2025,8,12,15,Tuesday,2025-08-12,33
205111,MCP32680060,250035932,Montgomery_County_Police,Property Damage Crash,2025-08-12 14:03:00,Ramp_Route,RAMP 4 FR US 29 NB TO CHERRY HILL RD EB,PARKLAWN DR,Angle Collision,Lane Violation,Clear,Dry,Daylight,No Control,None Detected,DB1D66B6-FD5A-43B1-BF1B-3E466CBF6876,MD,E8CA874F-6C25-479C-AC08-00DE61A2667C,Twelve O Clock,SportUtilityVehicle,MovingConstantSpeed,Northbound,35.0,No,No,2006,TOYOTA,39.0605,-76.96419833,Sienna_Toyota,14,2025,8,12,14,Tuesday,2025-08-12,33
205112,EJ7904002Z,250034517,Gaithersburg_Police_Department,Property Damage Crash,2025-08-03 11:17:00,Maryland_State_Route,SHADY GROVE RD,OLD GEORGETOWN RD,Rear-End (Same Direction),Tailgating,Clear,Dry,Daylight,No Control,None Detected,34CDE6C4-26C4-4679-9404-E1D44ECA758E,MD,4BA0CD6C-1249-40CE-B7D1-226321F06C68,Twelve O Clock,PassengerCar,StoppedInTrafficLane,Not On Roadway,2.5,No,No,2006,TOYOTA,39.14469274,-77.22662332,RAV4_Toyota,11,2025,8,3,11,Sunday,2025-08-03,31
205113,MCP292300F4,250034953,Montgomery_County_Police,Property Damage Crash,2025-08-06 10:45:00,County_Route,WELLER RD,OMEGA DR,Rear vs Side,Backing Error,Cloudy,Dry,Daylight,No Control,None Detected,173C0D8E-75DC-4079-AAA4-BDA462F95D3D,MD,1B2FA776-98FA-48D7-BED3-84E7089E2040,Six O Clock,PickupTruck,Backing,Northbound,25.0,No,No,2005,CHEVROLET,39.06642846,-77.06001903,Colorado_Chevrolet,10,2025,8,6,10,Wednesday,2025-08-06,32
205114,MCP263900HC,250034988,Montgomery_County_Police,Injury Crash,2025-08-06 13:21:00,County_Route,RANDOLPH RD,SHERWOOD FOREST DR,Rear-End (Same Direction),Tailgating,Clear,Dry,Daylight,Pedestrian Crossing,None Detected,5FF1E75E-E19F-477E-9982-57EF5CC1AF02,MD,C586ADAE-165E-4048-946C-BB3AABC4A963,Twelve O Clock,Van - Passenger (&lt;9 Seats),MovingConstantSpeed,Eastbound,40.0,No,No,1999,HONDA,39.07310179,-77.00823183,Odyssey_Honda,13,2025,8,6,13,Wednesday,2025-08-06,32
205115,MCP2650001G,250034372,Montgomery_County_Police,Property Damage Crash,2025-08-02 03:30:00,County_Route,KENDALE RD,BEL PRE RD,Angle Collision,Lane Violation,Clear,Dry,Dark - Not Lighted,No Control,None Detected,C9312C25-CFC1-47AC-97A4-5458219B8B40,MD,F0366D3E-B2A6-4A80-B079-A54257B2D328,Eleven O Clock,PassengerCar,NegotiatingCurve,Not On Roadway,35.0,No,No,2019,SUBARU,39.0065302,-77.1800245,Outback_Subaru,3,2025,8,2,3,Saturday,2025-08-02,31
205116,MCP34410017,250035358,Montgomery_County_Police,Property Damage Crash,2025-08-08 15:33:00,Maryland_State_Route,CONNECTICUT AVE,LELAND ST,Angle Collision,Lane Violation,Clear,Dry,Daylight,No Control,None Detected,47235012-3331-457A-9651-53B51764E40A,VA,35D3911C-DE2A-4CB7-8DE7-BB2727981B8C,Eleven O Clock,PassengerCar,MovingConstantSpeed,Northbound,30.0,No,No,2018,VOLVO,38.985557,-77.07707883,XC60_Volvo,15,2025,8,8,15,Friday,2025-08-08,32
205117,MCP23490017,250034815,Montgomery_County_Police,Injury Crash,2025-08-05 13:10:00,County_Route,MEDICAL CENTER DR,BEETHOVEN BLVD,Angle Collision,Weather Related,Cloudy,Dry,Daylight,Traffic Signal,None Detected,BA25F919-5C12-4563-8475-51A94A9E1E04,MD,BA3452C0-F640-409B-A55F-D4C03A722A28,One O Clock,SportUtilityVehicle,MovingConstantSpeed,Unknown,2.5,No,No,2018,FORD,39.22711527,-77.28391933,Explorer_Ford,13,2025,8,5,13,Tuesday,2025-08-05,32
205118,MCP2845009W,250035583,Montgomery_County_Police,Property Damage Crash,2025-08-10 07:00:00,US_State_Route,COLUMBIA PIKE (SB/L),NEBEL ST,Rear-End (Same Direction),Tailgating,Clear,Dry,Daylight,No Control,None Detected,1B1DDDAE-362D-4C1E-B511-A88D5F12FFBF,MD,CDD92EEE-1B51-4DF5-863F-1208EF45496F,Eleven O Clock,PassengerCar,MovingConstantSpeed,Southbound,55.0,No,No,2022,CHEVROLET,39.09981141,-76.93575206,Malibu_Chevrolet,7,2025,8,10,7,Sunday,2025-08-10,32
205119,MCP3381002S,250035088,Montgomery_County_Police,Property Damage Crash,2025-08-06 22:42:00,County_Route,WISTERIA DR,KEY WEST AVE,Rear-End (Same Direction),Lane Violation,Clear,Dry,Dark - Lighted,No Control,None Detected,F78E2DA7-9AB2-4E9B-A28A-84FBB2CA0153,MD,5DC10F9E-7ACD-463C-BC58-1BB791C8E24C,Twelve O Clock,PassengerCar,MovingConstantSpeed,Southbound,30.0,No,No,2016,CHEVROLET,39.17018,-77.26192833,Impala_Chevrolet,22,2025,8,6,22,Wednesday,2025-08-06,32
205120,MCP2203009N,250035863,Montgomery_County_Police,Injury Crash,2025-08-12 08:00:00,Maryland_State_Route,CONNECTICUT AVE,BRIGHTVIEW ST,Angle Collision,Road Obstruction,Clear,Dry,Daylight,No Control,None Detected,BC84294F-037A-4D8B-8D0B-FD25168D5385,MD,87510D7D-70FE-4B8A-BAC7-1918723D3B8F,One O Clock,SportUtilityVehicle,MovingConstantSpeed,East,35.0,No,No,2023,CHEVROLET,39.05358967,-77.07439,Bolt EUV_Chevrolet,8,2025,8,12,8,Tuesday,2025-08-12,33
205121,MCP2674006H,250035216,Montgomery_County_Police,Property Damage Crash,2025-08-07 18:12:00,Maryland_State_Route,KEMPTOWN RD,MD 193 (NBL),Angle Collision,Passing / Turning,Clear,Dry,Daylight,No Control,None Detected,9B29A4BE-FDD7-41FD-97F0-72BAA559B16C,MD,DAF8BDAC-99D1-45FE-96D3-E5FD5930D63C,Twelve O Clock,PassengerCar,Passing,Westbound,40.0,No,No,2008,HONDA,39.31252093,-77.21302667,Accord_Honda,18,2025,8,7,18,Thursday,2025-08-07,32
205122,MCP2674006J,250035378,Montgomery_County_Police,Property Damage Crash,2025-08-08 17:25:00,County_Route,MT VERNON AVE,BETHESDA CHURCH RD WOODFIELD RD,Angle Collision,Road Obstruction,Clear,Dry,Daylight,No Control,None Detected,A6136C8B-7F14-4A47-A1A7-E90B9EB71A79,MD,5DE8B5FE-6005-4C38-BAEE-E8EFD6C6442E,Twelve O Clock,SportUtilityVehicle,MovingConstantSpeed,North,30.0,No,No,2020,NISSAN,39.283645,-77.20194333,Murano_Nissan,17,2025,8,8,17,Friday,2025-08-08,32
205123,MCP3051008R,250035633,Montgomery_County_Police,Property Damage Crash,2025-08-10 14:40:00,Maryland_State_Route,FALLS RD,HALPINE RD (EB/L),Sideswipe (Same Direction),Driver Inattention,Clear,Wet,Daylight,No Control,None Detected,3668D70A-F455-45D6-988E-802C1E9D9C75,MD,E359F616-6441-4213-B827-DF2F0462C7B0,One O Clock,PassengerCar,MakingLeftTurn,Not On Roadway,2.5,No,No,2016,TOYOTA,38.998586,-77.11004228,Camry_Toyota,14,2025,8,10,14,Sunday,2025-08-10,32
205124,MCP3040008C,250035409,Montgomery_County_Police,Property Damage Crash,2025-08-08 21:20:00,Maryland_State_Route,GEORGIA AVE,E GUDE DR,Rear-End (Same Direction),Speed Related,Clear,Dry,Dark - Not Lighted,Traffic Signal,None Detected,B7C237A4-16EB-48B4-AF7E-126868F5EC5C,MD,A457F0B6-3790-4CCA-99CC-B5E288413427,Twelve O Clock,PassengerCar,MovingConstantSpeed,Northbound,40.0,No,No,1994,GMC,39.12522917,-77.0724345,Sierra_GMC,21,2025,8,8,21,Friday,2025-08-08,32
205125,MCP34410017,250035358,Montgomery_County_Police,Property Damage Crash,2025-08-08 15:33:00,Maryland_State_Route,CONNECTICUT AVE,LELAND ST,Angle Collision,Right-of-Way Violation,Clear,Dry,Daylight,No Control,None Detected,62E31E24-7A1E-4A46-83D7-C5BB344A13EB,MD,3BEF2FDF-1212-43D6-A9C3-399420B86D9D,Twelve O Clock,PassengerCar,MovingConstantSpeed,Southbound,30.0,No,No,2020,CHEVROLET,38.985557,-77.07707883,Malibu_Chevrolet,15,2025,8,8,15,Friday,2025-08-08,32
205126,MCP292300F4,250034953,Montgomery_County_Police,Property Damage Crash,2025-08-06 10:45:00,County_Route,WELLER RD,LOST KNIFE RD,Rear vs Side,Right-of-Way Violation,Cloudy,Dry,Daylight,No Control,None Detected,B8F5E617-B834-4B74-9303-222D574AB46E,MD,F3BC49CC-7B55-40E9-B474-5992A53B5352,Two O Clock,SportUtilityVehicle,MovingConstantSpeed,Eastbound,25.0,No,No,2016,HONDA,39.06642846,-77.06001903,Civic_Honda,10,2025,8,6,10,Wednesday,2025-08-06,32
205127,MCP32750034,250035082,Montgomery_County_Police,Property Damage Crash,2025-08-06 21:29:00,Maryland_State_Route,SANDY SPRING RD (WB/L),NOTLEY RD,Rear-End (Same Direction),Driver Inattention,Clear,Dry,Dark - Lighted,Traffic Signal,None Detected,3DC9DFB9-C43B-4BE8-B4EC-6D286C6B5534,MD,94655BBA-A2E4-49BE-9505-E229AB67DBE2,Six O Clock,PassengerCar,SlowingOrStopping,Westbound,40.0,No,No,2023,TOYOTA,39.11080219,-76.92505176,Camry_Toyota,21,2025,8,6,21,Wednesday,2025-08-06,32
205129,MCP3380003F,250035613,Montgomery_County_Police,Property Damage Crash,2025-08-10 13:04:00,Maryland_State_Route,GEORGIA AVE (SB/L),EDGEVALE ST,Sideswipe (Same Direction),Lane Violation,Clear,Dry,Daylight,No Control,None Detected,64BD3B75-0A4D-4572-B6D6-929E75DBA768,MD,61893817-8BB5-4BC1-8AE0-D3F1C122ABBA,Eleven O Clock,PassengerCar,MovingConstantSpeed,Southbound,30.0,No,No,2014,TOYOTA,39.03154683,-77.0483825,Camry_Toyota,13,2025,8,10,13,Sunday,2025-08-10,32
205130,MCP32750034,250035082,Montgomery_County_Police,Property Damage Crash,2025-08-06 21:29:00,Maryland_State_Route,SANDY SPRING RD (WB/L),PLYERS MILL RD,Rear-End (Same Direction),Tailgating,Clear,Dry,Dark - Lighted,Traffic Signal,None Detected,DAFACFF2-73E7-435C-BDDB-8B81D424068D,MD,731AA297-4536-4685-814E-085E8A3D50D2,Six O Clock,PassengerCar,SlowingOrStopping,Westbound,40.0,No,No,2018,TOYOTA,39.11080219,-76.92505176,RAV4_Toyota,21,2025,8,6,21,Wednesday,2025-08-06,32
205131,MCP33620060,250034915,Montgomery_County_Police,Injury Crash,2025-08-06 06:02:00,US_State_Route,COLESVILLE RD (SB/L),CARTER MILL WAY,Other,Speed Related,Clear,Dry,Dawn,No Control,None Detected,A0585801-DC22-4100-8909-5BA72FF08600,MD,5264E076-59C7-43FC-85E6-BEA2C14BA01A,Three O Clock,PassengerCar,SlowingOrStopping,Southbound,45.0,No,No,2010,HONDA,39.0277835,-77.0096495,Accord_Honda,6,2025,8,6,6,Wednesday,2025-08-06,32
205132,MCP289200HT,250035213,Montgomery_County_Police,Injury Crash,2025-08-07 18:14:00,County_Route,BRADFORD RD,MANCHESTER RD WOODCLIFF CT,Angle Collision,Road Obstruction,Clear,Dry,Daylight,No Control,None Detected,15B2C95B-5E44-4A49-82B8-519955568886,MD,43D3B924-F161-440C-ADC9-E1170E2057BA,Twelve O Clock,PassengerCar,MovingConstantSpeed,South,30.0,No,No,2014,JEEP,38.99837985,-77.00695797,Grand Cherokee_Jeep,18,2025,8,7,18,Thursday,2025-08-07,32
205133,MCP2608005Z,250034854,Montgomery_County_Police,Property Damage Crash,2025-08-05 16:27:00,County_Route,GEORGIA AVE,SPUR FR GREENTREE RD,Single Vehicle,Backing Error,Clear,Dry,Daylight,No Control,None Detected,C71E4300-0450-4FBB-916A-EFF9C9A40973,MD,2FAAC2BF-37D4-46C2-8343-96CADEF0A410,One O Clock,OtherTruck,Backing,Not On Roadway,2.5,No,No,2021,CHEVROLET,39.0173209,-76.97356083,Silverado_Chevrolet,16,2025,8,5,16,Tuesday,2025-08-05,32
205134,MCP3111009Z,250034771,Montgomery_County_Police,Property Damage Crash,2025-08-05 08:56:00,County_Route,HOBSON ST,FREDERICK RD,Sideswipe (Opposite Direction),Backing Error,Cloudy,Dry,Daylight,No Control,None Detected,094E7EFA-1774-4C1D-8E98-1A817EDF48E4,MD,C4899022-BE76-400E-9A89-50A882C36357,Ten O Clock,PassengerCar,Backing,Southbound,25.0,No,No,2019,TOYOTA,39.03411017,-77.063906,Corolla_Toyota,8,2025,8,5,8,Tuesday,2025-08-05,32
205135,EJ7914000Q,250035396,Gaithersburg_Police_Department,Property Damage Crash,2025-08-08 20:00:00,Crossover,RANDOLPH RD,MONTGOMERY VILLAGE AVE (SB/L),Angle Collision,Right-of-Way Violation,Clear,Dry,Dusk,No Control,None Detected,E9AA611F-FB6E-486B-8E4E-2FFA7E8506B3,MD,D3F9129C-3E7E-4D9A-AE38-9EC9E98A858E,Twelve O Clock,PassengerCar,MovingConstantSpeed,Eastbound,35.0,No,No,2024,TOYOTA,39.1535245,-77.21069167,Prius_Toyota,20,2025,8,8,20,Friday,2025-08-08,32
205136,MCP32010086,250035293,Montgomery_County_Police,Injury Crash,2025-08-08 09:58:00,Maryland_State_Route,FREDERICK RD (SB/L),W EDMONSTON DR,Sideswipe (Same Direction),Lane Violation,Clear,Dry,Daylight,No Control,None Detected,60C11739-934F-448F-8006-FCA2E529A13B,MD,8E61E5FD-23A0-43BD-AE64-0315821B424A,Ten O Clock,SportUtilityVehicle,MovingConstantSpeed,Southbound,45.0,No,No,2025,NISSAN,39.20742333,-77.24691617,Pathfinder_Nissan,9,2025,8,8,9,Friday,2025-08-08,32
205138,MCP3411002P,250034695,Montgomery_County_Police,Property Damage Crash,2025-08-04 15:54:00,County_Route,MONTROSE RD (WB/L),LOST KNIFE RD (NB/L),Rear-End (Same Direction),Tailgating,Clear,Dry,Daylight,No Control,None Detected,67C66718-2B34-48A4-A068-B8FFF12A237E,MD,13966FFF-934A-4DBB-9B4B-0D411014DBF8,Six O Clock,SchoolBus,StoppedInTrafficLane,Westbound,35.0,No,No,2019,HONDA,39.05392947,-77.13781208,Civic_Honda,15,2025,8,4,15,Monday,2025-08-04,32
205139,MCP3381002V,250035839,Montgomery_County_Police,Property Damage Crash,2025-08-11 22:54:00,Maryland_State_Route,FREDERICK RD,FREDERICK RD,Single Vehicle,Driver Inattention,Clear,Dry,Dark - Lighted,No Control,None Detected,09C47391-09CB-4AC3-9D74-5017372E70B6,MD,E03CA12A-A792-4B1F-9177-89834F4F1A42,Eleven O Clock,PassengerCar,MovingConstantSpeed,Northbound,45.0,No,No,2011,HONDA,39.17621667,-77.23824667,Fit_Honda,22,2025,8,11,22,Monday,2025-08-11,33
205140,MCP2286006R,250035051,Montgomery_County_Police,Injury Crash,2025-08-06 18:16:00,Maryland_State_Route,ROCKVILLE PIKE,MONTGOMERY LA WOODMONT AVE,Single Vehicle,Right-of-Way Violation,Clear,Dry,Daylight,Traffic Signal,None Detected,2D28A886-8E40-49FD-94C5-64FC627882D6,MD,C28C4C2E-5FE1-48A8-8E16-4B67D5E09FDD,Two O Clock,PassengerCar,MakingRightTurn,Northbound,35.0,No,No,2019,NISSAN,39.05813909,-77.12068699,Versa_Nissan,18,2025,8,6,18,Wednesday,2025-08-06,32
205142,EJ7916000H,250035449,Gaithersburg_Police_Department,Injury Crash,2025-08-09 07:59:00,Municipality_Route,TRAVIS AVE,FREDERICK RD (SB/L) SPECTRUM AVE,Head-On,Traffic Control Violation,Clear,Dry,Daylight,Traffic Signal,None Detected,148CC0E4-D3C7-41F7-AFEF-A8B76EA334A2,MD,7178C370-A343-4AE1-9AD7-9FD621C6EE48,Twelve O Clock,PassengerCar,MovingConstantSpeed,Not On Roadway,40.0,No,No,2013,HYUNDAI,39.16133808,-77.22262241,Elantra_Hyundai,7,2025,8,9,7,Saturday,2025-08-09,32
205143,MCP9118005H,250035836,Montgomery_County_Police,Injury Crash,2025-08-11 22:37:00,County_Route,SHOREFIELD RD,RAMP 5 FR IS 270 SB TO SHADY GROVE RD,Angle Collision,Right-of-Way Violation,Clear,Dry,Dark - Not Lighted,No Control,None Detected,1C12653A-6451-4630-9B5D-481A76E10212,MD,7E1D9269-76AA-446A-9E73-B1E262067C52,Eleven O Clock,PassengerCar,MovingConstantSpeed,Westbound,25.0,No,No,2013,TOYOTA,39.05301727,-77.04854322,Camry_Toyota,22,2025,8,11,22,Monday,2025-08-11,33
205144,MCP34260029,250034700,Montgomery_County_Police,Property Damage Crash,2025-08-04 16:40:00,Government_Route,CLARA BARTON PKWY (NB/L),CONNECTOR RD,Rear-End (Same Direction),Tailgating,Clear,Dry,Daylight,No Control,None Detected,E19D5589-AF9C-49CC-8557-6C32E6E5F6F5,MD,E25EC6C0-A664-4CBE-A8A2-9D47F51B833C,Six O Clock,PassengerCar,MovingConstantSpeed,Northbound,35.0,No,No,2018,HYUNDAI,38.9632023,-77.13591669,Sonata_Hyundai,16,2025,8,4,16,Monday,2025-08-04,32
205145,MCP3111009Z,250034771,Montgomery_County_Police,Property Damage Crash,2025-08-05 08:56:00,County_Route,HOBSON ST,FIELDS RD,Sideswipe (Opposite Direction),Passing / Turning,Cloudy,Dry,Daylight,No Control,None Detected,F01DB3A9-B41F-4B95-B783-81483ED0D8EF,MD,7B22970E-2316-4CDA-A576-077C51039D13,Eleven O Clock,SingleUnitTruck,StoppedInTrafficLane,Northbound,25.0,No,No,2020,NISSAN,39.03411017,-77.063906,Maxima_Nissan,8,2025,8,5,8,Tuesday,2025-08-05,32
205146,DD56490042,250035377,Rockville_Police_Department,Property Damage Crash,2025-08-08 17:36:00,County_Route,COLESVILLE RD,CLARKS CROSSING RD (BACK),Single Vehicle,Driver Inattention,Clear,Wet,Daylight,No Control,None Detected,3061627B-78AC-4165-BA0A-C7B700CACDE2,MD,A211272F-C2D1-42A4-9A7F-E06B3B12B704,Twelve O Clock,SportUtilityVehicle,Accelerating,Not On Roadway,2.5,No,No,2025,DODGE,39.08174259,-77.1496869,Durango_Dodge,17,2025,8,8,17,Friday,2025-08-08,32
205147,EJ7916000F,250035303,Gaithersburg_Police_Department,Property Damage Crash,2025-08-08 11:10:00,Crossover,FENTON ST,MUDDY BRANCH RD (SB/L),Head-On,Road Obstruction,Clear,Dry,Daylight,Traffic Signal,None Detected,AC4B626E-AD41-4928-8D01-921882CE46B3,MD,8B94DAE7-7E36-4C2E-9A6A-D898BCD9BCC0,Eleven O Clock,PassengerCar,MovingConstantSpeed,East,40.0,No,No,2017,TOYOTA,39.12632138,-77.21153104,RAV4_Toyota,11,2025,8,8,11,Friday,2025-08-08,32
205148,MCP3380003B,250035450,Montgomery_County_Police,Injury Crash,2025-08-09 07:40:00,County_Route,INWOOD AVE,UNIVERSITY BLVD W,Angle Collision,Road Obstruction,Clear,Dry,Daylight,Traffic Signal,None Detected,A1974379-1D28-4502-BDD1-54DF00953884,MD,381993A3-4644-4A3A-A71E-5CBDFCF424CD,Eleven O Clock,PassengerCar,MovingConstantSpeed,North,35.0,No,No,2020,TOYOTA,39.03606473,-77.03637809,Corolla_Toyota,7,2025,8,9,7,Saturday,2025-08-09,32
205149,MCP3036002N,250035074,Montgomery_County_Police,Injury Crash,2025-08-06 20:23:00,County_Route,CONTOUR RD,STRUC #MPK12 ROCK CREEK,Rear-End (Same Direction),Passing / Turning,Clear,Dry,Dark - Lighted,Stop Sign,None Detected,1A6338CC-247F-4870-A464-555DE1401A7F,MD,38B5FA11-ACD1-4C91-ABDF-024493A775E3,Eleven O Clock,Van - Passenger (&lt;9 Seats),Passing,South,5.0,No,No,2022,TOYOTA,39.15546363,-77.20011541,Sienna_Toyota,20,2025,8,6,20,Wednesday,2025-08-06,32
205150,MCP287100CT,250034542,Montgomery_County_Police,Property Damage Crash,2025-08-03 14:39:00,Maryland_State_Route,MUNCASTER MILL RD,NATIONAL DR,Single Vehicle,Driver Inattention,Clear,Wet,Daylight,No Control,None Detected,BEFDD8E5-A5C6-4A8B-A381-6C20F1CFA310,MD,DBFD90F5-0255-49DC-BECC-D7A1AE31C9D5,Four O Clock,Other,MakingRightTurn,Not On Roadway,2.5,No,No,2015,HONDA,39.02815908,-77.07701679,Civic_Honda,14,2025,8,3,14,Sunday,2025-08-03,31
205151,MCP2845009W,250035583,Montgomery_County_Police,Property Damage Crash,2025-08-10 07:00:00,US_State_Route,COLUMBIA PIKE (SB/L),GEORGIA AVE (SB/L),Rear-End (Same Direction),Tailgating,Clear,Dry,Daylight,No Control,None Detected,AF02696E-1686-4545-94AE-4E161A25D47A,MD,1D40F2A7-35B0-4FAE-9CB3-156CE648CE42,Five O Clock,Van - Passenger (&lt;9 Seats),MovingConstantSpeed,Southbound,55.0,No,No,2018,TOYOTA,39.09981141,-76.93575206,Sienna_Toyota,7,2025,8,10,7,Sunday,2025-08-10,32
205152,MCP20470062,250034938,Montgomery_County_Police,Property Damage Crash,2025-08-06 09:12:00,Municipality_Route,VEIRS MILL SERV RD,TWINBROOK PKWY,Rear-End (Same Direction),Tailgating,Cloudy,Dry,Daylight,No Control,None Detected,E003A851-CE55-4788-986C-3D9E5D11320D,MD,65C7B1BB-57BB-4158-ABCD-AA5A34F096DD,Twelve O Clock,Van - Passenger (&lt;9 Seats),SlowingOrStopping,Northbound,30.0,No,No,2018,FORD,39.0736068,-77.11180968,Transit_Ford,9,2025,8,6,9,Wednesday,2025-08-06,32
205153,MCP33070032,250034423,Montgomery_County_Police,Property Damage Crash,2025-08-02 14:15:00,Maryland_State_Route,GEORGIA AVE (SB/L),ENT TO THOMAS W. PYLE MIDDLE SCHOOL,Rear-End (Same Direction),Tailgating,Clear,Dry,Daylight,Traffic Signal,Suspect Alcohol Only,9E45B831-15FB-40C6-9F3C-B3648003B034,MD,2D3753EB-3A95-4599-9ED8-D6E8F28CE456,Twelve O Clock,SportUtilityVehicle,MovingConstantSpeed,Southbound,35.0,No,No,2010,FORD,39.06094967,-77.05213333,Escape_Ford,14,2025,8,2,14,Saturday,2025-08-02,31
205154,MCP3411002N,250034546,Montgomery_County_Police,Property Damage Crash,2025-08-03 15:13:00,US_State_Route,COLESVILLE RD,RANDOLPH RD,Single Vehicle,Driver Inattention,Clear,Dry,Daylight,Traffic Signal,None Detected,D837476C-3361-43BF-BEE5-437ACD386BF1,MD,F57B1087-3B87-4B56-BED5-F71890BBC6B3,Twelve O Clock,SportUtilityVehicle,MovingConstantSpeed,Not On Roadway,2.5,No,No,2011,HYUNDAI,38.96358209,-77.10115013,Santa Fe_Hyundai,15,2025,8,3,15,Sunday,2025-08-03,31
205156,MCP2921005N,250035080,Montgomery_County_Police,Property Damage Crash,2025-08-06 21:05:00,County_Route,FATHER HURLEY BLVD (NB/L),SWAN STREAM CT,Single Vehicle,Driver Inattention,Clear,Dry,Dark - Lighted,No Control,None Detected,37F90167-9FB5-47B9-9F3C-D224A08C01D8,MD,A0C95606-5F0C-4F88-8594-4F964F663EF0,One O Clock,PassengerCar,MovingConstantSpeed,Northbound,35.0,No,No,2013,VOLVO,39.1868106,-77.27359461,XC60_Volvo,21,2025,8,6,21,Wednesday,2025-08-06,32
205157,MCP289200HW,250035366,Montgomery_County_Police,Property Damage Crash,2025-08-08 16:30:00,County_Route,GRACE CHURCH RD,SECOND AVE,Angle Collision,Road Obstruction,Clear,Dry,Daylight,No Control,None Detected,B0224A9D-2A4E-4BC7-9BD3-4879503D5585,MD,EE355901-4F4A-416A-86BA-7F96A18332AA,Nine O Clock,TransitBus,MovingConstantSpeed,South,30.0,No,No,2021,HONDA,39.00400533,-77.04099664,Civic_Honda,16,2025,8,8,16,Friday,2025-08-08,32
205158,EJ7914000Q,250035396,Gaithersburg_Police_Department,Property Damage Crash,2025-08-08 20:00:00,Crossover,CLARKSBURG RD,MONTGOMERY VILLAGE AVE (SB/L),Angle Collision,Right-of-Way Violation,Clear,Dry,Dusk,No Control,None Detected,74A715A8-7965-477C-BE85-D82D2A03EEBD,MD,F205080E-EDEE-45FD-A998-A11FCF501AD6,Eleven O Clock,PassengerCar,EnteringTrafficLane,Northbound,15.0,No,No,2017,TOYOTA,39.1535245,-77.21069167,Camry_Toyota,20,2025,8,8,20,Friday,2025-08-08,32