Unnamed: 0,Report Number,Local Case Number,Agency Name,ACRS Report Type,Crash Date/Time,Route Type,Road Name,Cross-Street Name,Collision Type,Circumstance_Category,Weather,Surface Condition,Light,Traffic Control,Driver Substance Abuse,Person ID,Drivers License State,Vehicle ID,Vehicle First Impact Location,Vehicle Body Type,Vehicle Movement,Vehicle Going Dir,Speed Limit,Driverless Vehicle,Parked Vehicle,Vehicle Year,Vehicle Make,Latitude,Longitude,Vehicle Model,hour,Crash_year,Crash_month,Crash_day,Crash_hour,Crash_day_name,Crash_date,Crash_week
205278,MCP33770039,250035807,Montgomery_County_Police,Property Damage Crash,2025-08-11 18:30:00,Maryland_State_Route,UNIVERSITY BLVD E (WB/L),FIRST ST,Sideswipe (Same Direction),Lane Violation,Clear,Dry,Daylight,Traffic Signal,None Detected,D12E48AA-84E7-4EE4-AC03-796E93D5B642,TX,9D029F62-6854-4933-99FD-AB2F07F5EB6A,One O Clock,PassengerCar,Accelerating,Northbound,35.0,No,No,2025,TOYOTA,39.011405,-77.00182933,Tacoma_Toyota,18,2025,8,11,18,Monday,2025-08-11,33
205280,MCP34040027,250037154,Montgomery_County_Police,Injury Crash,2025-08-20 07:45:00,Maryland_State_Route,NEW HAMPSHIRE AVE,PLYERS MILL RD,Rear-End (Same Direction),Driver Inattention,Rain,Wet,Daylight,No Control,None Detected,8EBF7F3A-E574-4C34-94C9-608C708F6C93,MD,F9542F35-D7F9-4095-B59E-83E808F25EC3,Twelve O Clock,PassengerCar,MovingConstantSpeed,Westbound,35.0,No,No,2015,TOYOTA,39.01251064,-76.97854536,Prius_Toyota,7,2025,8,20,7,Wednesday,2025-08-20,34
205281,MCP156300BT,250036113,Montgomery_County_Police,Injury Crash,2025-08-13 13:22:00,Bicycle_Route,NORBECK RD,BELLEVUE DR,Rear-End (Same Direction),Tailgating,Rain,Wet,Daylight,Traffic Signal,None Detected,C3CE8AD4-EF60-4781-805D-F24AF5B0087A,MD,4EF78077-FEF4-457E-9DE3-CA8A0AB4E0C7,Twelve O Clock,PassengerCar,SlowingOrStopping,Southbound,30.0,No,No,2004,NISSAN,39.05345971,-77.11105277,Sentra_Nissan,13,2025,8,13,13,Wednesday,2025-08-13,33
205282,MCP3473000Q,250035790,Montgomery_County_Police,Property Damage Crash,2025-08-11 16:55:00,US_State_Route,COLESVILLE RD,ELTON RD,Rear-End (Same Direction),Tailgating,Clear,Dry,Daylight,Traffic Signal,None Detected,507558D7-1F14-4D79-8D58-79BA0889C995,MD,F41A96FF-96D2-4F5E-AC78-5806F78DF496,Six O Clock,PassengerCar,SlowingOrStopping,Southbound,30.0,No,No,2009,NISSAN,38.9990068,-77.02613773,Altima_Nissan,16,2025,8,11,16,Monday,2025-08-11,33
205283,MCP34040025,250036091,Montgomery_County_Police,Injury Crash,2025-08-13 11:25:00,US_State_Route,COLESVILLE RD,EXCALIBER LA,Rear-End (Same Direction),Driver Inattention,Clear,Dry,Daylight,No Control,None Detected,171E9552-3F47-4351-8675-877F5315A086,MD,318BDEF4-4181-4709-B131-982A9884CA39,Twelve O Clock,PassengerCar,SlowingOrStopping,Northbound,40.0,No,No,2016,KIA,39.02779227,-77.00932313,Optima_Kia,11,2025,8,13,11,Wednesday,2025-08-13,33
205284,MCP3376002G,250035619,Montgomery_County_Police,Property Damage Crash,2025-08-10 14:16:00,Maryland_State_Route,UNIVERSITY BLVD W,GERMANTOWN RD,Rear-End (Same Direction),Driver Inattention,Clear,Dry,Daylight,Traffic Signal,None Detected,2D73AD4D-7BE8-4465-B335-57439B5A57F1,MD,7BFBA007-0BD8-4A0C-A8F2-517F983E9E3B,Six O Clock,PassengerCar,MovingConstantSpeed,Eastbound,30.0,No,No,2022,TESLA,39.03726333,-77.06026133,Model S_Tesla,14,2025,8,10,14,Sunday,2025-08-10,32
205285,MCP20470068,250037152,Montgomery_County_Police,Property Damage Crash,2025-08-20 07:30:00,County_Route,DARNESTOWN RD,WARREN ST,Angle Collision,Weather Related,Rain,Wet,Daylight,No Control,None Detected,2A096233-6D2D-4AE3-891A-626D691BA8D0,MD,2F80BBAD-986C-47EE-AA0A-7D100C709B15,Eleven O Clock,PassengerCar,MovingConstantSpeed,South,40.0,No,No,2018,HYUNDAI,39.09675,-77.20461035,Elantra_Hyundai,7,2025,8,20,7,Wednesday,2025-08-20,34
205288,MCP3039007W,250035966,Montgomery_County_Police,Property Damage Crash,2025-08-12 16:08:00,Maryland_State_Route,16TH ST,VEIRS MILL RD (WB/L),Rear-End (Same Direction),Tailgating,Clear,Dry,Daylight,No Control,None Detected,C2C35EAB-7191-45B5-A3A1-AE3CAE2BF1EB,MD,1B8A3C4E-7FDA-47B9-A496-CAA9D636FD2A,Six O Clock,PassengerCar,MovingConstantSpeed,Northbound,35.0,No,No,2019,NISSAN,38.99263503,-77.03620486,Rogue_Nissan,16,2025,8,12,16,Tuesday,2025-08-12,33
205289,MCP3251001N,250036670,Montgomery_County_Police,Property Damage Crash,2025-08-16 23:48:00,County_Route,EAST WEST HWY,RAMP 6 FR RAMP 10 (FR IS270) TO MD 187,Single Vehicle,Driver Inattention,Clear,Dry,Dark - Lighted,No Control,Suspect Alcohol Only,436B4A12-29B3-48E0-9A4D-F2F8C16AC903,MD,E3E0D701-F488-49F1-82B7-C0C9DA2CBA3A,Twelve O Clock,PassengerCar,MovingConstantSpeed,Westbound,2.5,No,No,1998,TOYOTA,39.1646092,-77.2691649,Camry_Toyota,23,2025,8,16,23,Saturday,2025-08-16,33
205290,MCP34410019,250036125,Montgomery_County_Police,Property Damage Crash,2025-08-13 14:50:00,Maryland_State_Route,KNOWLES AVE,CONNECTICUT AVE KNOWLES AVE,Sideswipe (Same Direction),Congestion / Backup,Clear,Dry,Daylight,Traffic Signal,None Detected,A7AA782D-79F0-4106-ACA2-5A26210653B4,MD,D88F683D-EC54-4F61-8AD8-28EB25CE85EB,One O Clock,PassengerCar,ChangingLanes,South,30.0,No,No,2015,HONDA,39.02746057,-77.07659747,Pilot_Honda,14,2025,8,13,14,Wednesday,2025-08-13,33
205291,MCP9379005N,250036444,Montgomery_County_Police,Property Damage Crash,2025-08-15 12:15:00,Municipality_Route,TOWER OAKS BLVD,MONTROSE RD (WB/L),Sideswipe (Same Direction),Congestion / Backup,Clear,Dry,Daylight,Traffic Signal,None Detected,835E3395-6F70-46D9-A3AE-6EBE7ED432B4,MD,BF660AFC-3079-426F-88E2-DBE7B5B60910,Six O Clock,PassengerCar,StoppedInTrafficLane,South,40.0,No,No,2023,TOYOTA,39.05556349,-77.14928701,RAV4_Toyota,12,2025,8,15,12,Friday,2025-08-15,33
205292,MCP3334003F,250036742,Montgomery_County_Police,Property Damage Crash,2025-08-17 15:10:00,US_State_Route,GEORGIA AVE (SB/L),DUFFER WAY,Sideswipe (Same Direction),Lane Violation,Clear,Dry,Daylight,Traffic Signal,None Detected,C44F8EAB-8C7A-4F67-913D-3E19CB9465E0,DC,72CED094-8918-4CC5-B8EB-E66BB3C38EDE,Twelve O Clock,PassengerCar,MakingRightTurn,Northbound,30.0,No,No,2008,TOYOTA,38.98805463,-77.02673173,Prius_Toyota,15,2025,8,17,15,Sunday,2025-08-17,33
205293,MCP3400002K,250035965,Montgomery_County_Police,Injury Crash,2025-08-12 16:11:00,Maryland_State_Route,CHERRY HILL RD,PROSPERITY DR,Rear-End (Same Direction),Right-of-Way Violation,Clear,Dry,Daylight,Traffic Signal,None Detected,02A701E8-2F2F-4183-83DB-4F37CB3D7099,MD,BA2B59D8-6B61-4B83-A0FF-CE6325F14B7C,Four O Clock,PassengerCar,MakingLeftTurn,Southbound,40.0,No,No,2013,LEXUS,39.061942,-76.96045233,GS_Lexus,16,2025,8,12,16,Tuesday,2025-08-12,33
205294,MCP2347005S,250036248,Montgomery_County_Police,Property Damage Crash,2025-08-14 10:20:00,Maryland_State_Route,SANDY SPRING RD,DINO DR,Angle Collision,Road Obstruction,Clear,Dry,Daylight,Flashing Traffic Signal,None Detected,405F0D04-A996-4A63-BA8E-8A1A5B94D2B9,MD,3B81D627-3168-4378-8B66-897E81053ECA,Twelve O Clock,PassengerCar,MovingConstantSpeed,East,40.0,No,No,2023,TOYOTA,39.10913346,-76.92305023,Corolla_Toyota,10,2025,8,14,10,Thursday,2025-08-14,33
205295,DD558300B5,250036830,Rockville_Police_Department,Property Damage Crash,2025-08-18 08:16:00,Municipality_Route,MONROE PL,COLUMBIA PIKE,Rear-End (Same Direction),Tailgating,Cloudy,Dry,Daylight,No Control,None Detected,831CFD32-7C5D-4501-91E7-93CED208FFF0,MD,7E4969D1-0196-4113-A06B-F538CCD5330C,Twelve O Clock,PassengerCar,MovingConstantSpeed,Eastbound,30.0,No,No,2015,NISSAN,39.08353857,-77.14793106,Rogue_Nissan,8,2025,8,18,8,Monday,2025-08-18,34
205296,MCP34040025,250036091,Montgomery_County_Police,Injury Crash,2025-08-13 11:25:00,US_State_Route,COLESVILLE RD,PINE ORCHARD DR,Rear-End (Same Direction),Driver Inattention,Clear,Dry,Daylight,No Control,None Detected,C4EDD428-43F3-4BE5-A61A-D99A6FEA41D1,VA,49481EAE-10A3-4C0E-AA13-2FA930475CBF,Six O Clock,PassengerCar,SlowingOrStopping,Northbound,40.0,No,No,2007,HONDA,39.02779227,-77.00932313,Odyssey_Honda,11,2025,8,13,11,Wednesday,2025-08-13,33
205297,MCP30950064,250035362,Montgomery_County_Police,Injury Crash,2025-08-08 16:19:00,US_State_Route,OLD COLUMBIA PIKE (SB/L),GEORGIA AVE (SB/L),Rear-End (Same Direction),Tailgating,Clear,Dry,Daylight,Traffic Signal,None Detected,3C2AD4C7-B049-4437-97B9-A8195295E6AB,MD,F9C4F995-7A76-4D8E-832C-BB6592E5C122,Twelve O Clock,SportUtilityVehicle,MovingConstantSpeed,Southbound,45.0,No,No,2022,HONDA,39.1162545,-76.93312333,CR-V_Honda,16,2025,8,8,16,Friday,2025-08-08,32
205298,MCP3402003Z,250034402,Montgomery_County_Police,Injury Crash,2025-08-02 11:32:00,US_State_Route,COLUMBIA PIKE,OAKMONT AVE,Sideswipe (Same Direction),Driver Inattention,Clear,Dry,Daylight,No Control,None Detected,46D44C80-4678-4F6F-BACB-8785CF7F98BB,MD,FA2A718D-3541-4B85-88A5-FE6BEE466EFC,Two O Clock,PassengerCar,MovingConstantSpeed,Northbound,50.0,No,No,2015,MAZDA,39.06740449,-76.95945668,Mazda6_Mazda,11,2025,8,2,11,Saturday,2025-08-02,31
205299,MCP26990021,250036146,Montgomery_County_Police,Property Damage Crash,2025-08-13 13:56:00,Maryland_State_Route,MONTROSE RD,STRATOS LA,Rear-End (Same Direction),Driver Inattention,Rain,Wet,Daylight,Traffic Signal,None Detected,73609569-91F0-4C04-9ED2-B3E10C05E29F,MD,13EF6D11-AC92-413B-B7DC-2E4F48652AD8,VehicleNotAtScene,PassengerCar,SlowingOrStopping,Not On Roadway,2.5,No,No,2008,BMW,39.04050355,-77.15667761,3 Series_BMW,13,2025,8,13,13,Wednesday,2025-08-13,33
205300,MCP32210048,250035506,Montgomery_County_Police,Property Damage Crash,2025-08-09 14:59:00,County_Route,GOSHEN RD,GREEN RUN WAY ROTHBURY DR,Angle Collision,Right-of-Way Violation,Clear,Dry,Daylight,Traffic Signal,None Detected,C34360A8-6DEA-40EC-B5A2-0E40A5B3505B,MD,D5B1A894-C14E-4171-A8B5-9C91CBAD7938,Two O Clock,SportUtilityVehicle,MakingLeftTurn,Northbound,35.0,No,No,2003,FORD,39.18515575,-77.18753105,Explorer_Ford,14,2025,8,9,14,Saturday,2025-08-09,32
205301,MCP3258005K,250036301,Montgomery_County_Police,Property Damage Crash,2025-08-14 14:30:00,Maryland_State_Route,GEORGIA AVE,FOREST GLEN RD,Angle Collision,Right-of-Way Violation,Clear,Dry,Daylight,Traffic Signal,None Detected,EC4AF59A-2DC1-40E4-8B5A-FD1B5BC46A8F,MD,66D05743-905C-420D-9DEB-14F3C12FE8A5,VehicleNotAtScene,PassengerCar,MakingLeftTurn,North,35.0,No,No,2025,TOYOTA,39.01562885,-77.04260232,Corolla_Toyota,14,2025,8,14,14,Thursday,2025-08-14,33
205302,MCP3257008V,250036141,Montgomery_County_Police,Injury Crash,2025-08-13 16:00:00,Maryland_State_Route,ROCKVILLE PIKE,RAMP 7 FR RAMP 1 (FR IS270) TO WASH BLVD WASHINGTONIAN BLVD,Rear-End (Same Direction),Tailgating,Clear,Dry,Daylight,No Control,None Detected,390FFA42-8B49-47B5-BA20-219B638F53D2,MD,17A6EDB3-033C-4210-AA29-CD094E175027,Twelve O Clock,PickupTruck,SlowingOrStopping,Northbound,35.0,No,No,2022,CHEVROLET,39.00499659,-77.09740326,Silverado_Chevrolet,16,2025,8,13,16,Wednesday,2025-08-13,33
205303,MCP3441001B,250036168,Montgomery_County_Police,Injury Crash,2025-08-13 17:12:00,County_Route,CYPRESS PL,EAST WEST HWY,Angle Collision,Right-of-Way Violation,Rain,Wet,Daylight,Stop Sign,None Detected,7F392C93-DF3A-416B-A692-8901DDB28449,MD,2B93B6AF-E015-4B2D-8CCF-8FD59A42A3A3,Eight O Clock,PassengerCar,MakingLeftTurn,Southbound,25.0,No,No,2017,FORD,38.98864955,-77.07354911,Mustang_Ford,17,2025,8,13,17,Wednesday,2025-08-13,33
205304,MCP3257008X,250036805,Montgomery_County_Police,Property Damage Crash,2025-08-17 22:00:00,Maryland_State_Route,16TH ST (SB/L),HENDERSON AVE,Rear-End (Same Direction),Weather Related,Clear,Wet,Dark - Lighted,Traffic Signal,None Detected,C72A08E9-C11E-44A2-809E-1B642F721632,DC,A4DEC767-D101-4E12-B46C-F7A0815C7831,Six O Clock,PassengerCar,StoppedInTrafficLane,Southbound,25.0,No,No,2010,ACURA,38.99263914,-77.03644936,TSX_Acura,22,2025,8,17,22,Sunday,2025-08-17,33
205305,MCP3094006D,250036639,Montgomery_County_Police,Injury Crash,2025-08-16 18:13:00,Municipality_Route,OLD GEORGETOWN RD,GREAT SENECA HWY,Other,Right-of-Way Violation,Clear,Dry,Daylight,Traffic Signal,None Detected,A65C26D8-F406-498B-A19E-08CC74DFCF8E,MD,896AA194-815B-43BC-AAA1-A827CC3415A8,Twelve O Clock,Van - Passenger (&lt;9 Seats),Accelerating,Westbound,2.5,No,No,2015,HONDA,39.1764974,-77.15032987,Odyssey_Honda,18,2025,8,16,18,Saturday,2025-08-16,33
205306,MCP3257008V,250036141,Montgomery_County_Police,Injury Crash,2025-08-13 16:00:00,Maryland_State_Route,ROCKVILLE PIKE,HATHAWAY DR,Rear-End (Same Direction),Congestion / Backup,Clear,Dry,Daylight,No Control,None Detected,C238114F-921F-40F4-A9D0-A236CFA7DBEE,MD,286D3B95-53F0-45DE-BAF6-9D88B2A6217C,Six O Clock,PassengerCar,StoppedInTrafficLane,Northbound,35.0,No,No,2019,HYUNDAI,39.00499659,-77.09740326,Elantra_Hyundai,16,2025,8,13,16,Wednesday,2025-08-13,33
205307,MCP3441001B,250036168,Montgomery_County_Police,Injury Crash,2025-08-13 17:12:00,County_Route,CYPRESS PL,EAST WEST HWY,Angle Collision,Weather Related,Rain,Wet,Daylight,No Control,None Detected,F833CD49-484B-4D9E-8B2E-1AD72C300DCA,MD,C5695E5A-F833-46D2-A4A3-3950BE4B538D,Twelve O Clock,PickupTruck,MovingConstantSpeed,West,30.0,No,No,2019,TOYOTA,38.98864955,-77.07354911,Tacoma_Toyota,17,2025,8,13,17,Wednesday,2025-08-13,33
205308,MCP3232006V,250036022,Montgomery_County_Police,Property Damage Crash,2025-08-12 21:19:00,County_Route,BREADY RD,CASHELL RD,Single Vehicle,Driver Inattention,Clear,Dry,Dark - Not Lighted,No Control,None Detected,29C512E8-E8DB-48D1-9761-991A9B41EDA3,MD,D85EDCAE-B609-441F-BA0C-8533D198C809,Twelve O Clock,PassengerCar,SlowingOrStopping,Eastbound,35.0,No,No,2012,VOLKSWAGEN,39.14724954,-77.09419192,Jetta_Volkswagen,21,2025,8,12,21,Tuesday,2025-08-12,33
205309,DD57010005,250036792,Rockville_Police_Department,Property Damage Crash,2025-08-17 20:50:00,Municipality_Route,OWENS ST,OWENS CT,Rear-End (Same Direction),Right-of-Way Violation,Rain,Wet,Dark - Not Lighted,Stop Sign,None Detected,89BC1643-177D-48E3-896F-EF049BF22AB9,MD,27F9B98D-41FC-4740-9AAF-3576944A0033,One O Clock,Van - Passenger (&lt;9 Seats),MakingUTurn,Southbound,25.0,No,No,2014,HONDA,39.08942715,-77.17126705,Odyssey_Honda,20,2025,8,17,20,Sunday,2025-08-17,33
205310,MCP3426002C,250036744,Montgomery_County_Police,Property Damage Crash,2025-08-17 15:30:00,Maryland_State_Route,ROCKVILLE PIKE,ELKIN ST,Angle Collision,Right-of-Way Violation,Clear,Dry,Daylight,No Control,None Detected,EF75271D-BD5E-4B5E-9248-E5807C8A4B89,DC,F47F94EB-E192-485E-AD01-B4D285D535BA,Three O Clock,PassengerCar,MovingConstantSpeed,Eastbound,35.0,No,No,2013,TOYOTA,38.96492534,-77.10394434,Camry_Toyota,15,2025,8,17,15,Sunday,2025-08-17,33
205311,MCP3358003C,250035908,Montgomery_County_Police,Property Damage Crash,2025-08-12 11:40:00,Maryland_State_Route,GEORGIA AVE,MIDDLEBROOK RD,Rear-End (Same Direction),Driver Inattention,Clear,Dry,Daylight,No Control,None Detected,BAE177F0-A322-496D-9E27-4554470D7F1E,MD,D0CEA134-1956-4D54-94B4-68831592F70D,VehicleNotAtScene,PassengerCar,Accelerating,Not On Roadway,2.5,No,No,2000,HONDA,38.98875288,-77.09483403,Accord_Honda,11,2025,8,12,11,Tuesday,2025-08-12,33
205312,MCP9379005N,250036444,Montgomery_County_Police,Property Damage Crash,2025-08-15 12:15:00,Municipality_Route,TOWER OAKS BLVD,MONTROSE RD (WB/L),Sideswipe (Same Direction),Tailgating,Clear,Dry,Daylight,Traffic Signal,None Detected,42BE923B-3331-4056-A33B-1E3D232CC815,MD,14F40E54-C354-4C52-89CF-E2A14D1FC5CE,Twelve O Clock,PassengerCar,MovingConstantSpeed,South,40.0,No,No,2014,HONDA,39.05556349,-77.14928701,Accord_Honda,12,2025,8,15,12,Friday,2025-08-15,33
205313,MCP34310011,250036324,Montgomery_County_Police,Property Damage Crash,2025-08-14 16:53:00,Maryland_State_Route,GERMANTOWN RD (SB/L),SEMINARY PL,Rear-End (Same Direction),Tailgating,Rain,Wet,Daylight,Traffic Signal,None Detected,78CA065F-BDC4-440B-8C0B-3638204F784C,MD,5748A318-7DEC-484F-85F6-4995B5A3F4EE,Twelve O Clock,PassengerCar,MovingConstantSpeed,Southbound,40.0,No,No,2021,VOLKSWAGEN,39.17602833,-77.27151667,Jetta_Volkswagen,16,2025,8,14,16,Thursday,2025-08-14,33
205314,MCP289100FG,250035897,Montgomery_County_Police,Property Damage Crash,2025-08-12 10:38:00,County_Route,BLAIR MILL RD,BALLARD ST,Sideswipe (Same Direction),Right-of-Way Violation,Clear,Dry,Daylight,No Control,None Detected,E4B8F406-8C72-497A-B6FF-CBCEB5002C6E,MD,85528392-11E8-4C15-88AB-337297FB61A2,Ten O Clock,Van - Passenger (&lt;9 Seats),MakingLeftTurn,Southbound,30.0,No,No,2012,FORD,38.98999419,-77.02941495,E-Series_Ford,10,2025,8,12,10,Tuesday,2025-08-12,33
205315,MCP2776005C,250036576,Montgomery_County_Police,Injury Crash,2025-08-16 10:53:00,Maryland_State_Route,GEORGIA AVE,S FREDERICK RD,Rear-End (Same Direction),Tailgating,Clear,Dry,Daylight,Traffic Signal,None Detected,620AB3EF-D594-47F1-895C-B1A5316FE072,MD,3010B7C7-BFA8-49AD-BF1F-47A74BB6A9B4,Twelve O Clock,SportUtilityVehicle,SlowingOrStopping,Northbound,45.0,No,No,2018,HONDA,39.1296265,-77.07100317,Pilot_Honda,10,2025,8,16,10,Saturday,2025-08-16,33
205316,DD5663002B,250036493,Rockville_Police_Department,Injury Crash,2025-08-15 16:18:00,Maryland_State_Route,ROCKVILLE PIKE (SB/L),TALBOTT ST,Single Vehicle,Driver Inattention,Clear,Dry,Daylight,No Control,None Detected,641C0A87-A619-4D42-B3D5-5EB2FAB9A5E5,MD,2D4DEA74-BED7-45DE-9A87-0553616E17DE,Twelve O Clock,SportUtilityVehicle,MovingConstantSpeed,Southbound,35.0,No,No,2019,TOYOTA,39.07097353,-77.13223035,Camry_Toyota,16,2025,8,15,16,Friday,2025-08-15,33
205317,MCP3473000Q,250035790,Montgomery_County_Police,Property Damage Crash,2025-08-11 16:55:00,US_State_Route,COLESVILLE RD,GLENMONT CIR #1,Rear-End (Same Direction),Tailgating,Clear,Dry,Daylight,Traffic Signal,None Detected,584B98D6-5612-4C75-96E0-A3DE8C477ED0,MD,69B91796-B94E-4187-9C05-18EFEA95C5F0,VehicleNotAtScene,PassengerCar,SlowingOrStopping,Southbound,30.0,No,No,2006,LEXUS,38.9990068,-77.02613773,RX 350_Lexus,16,2025,8,11,16,Monday,2025-08-11,33
205319,MCP30900090,250036372,Montgomery_County_Police,Injury Crash,2025-08-14 20:19:00,Local_Route,RETAIL PL,CLUB HOUSE RD RIDGELINE DR,Single Vehicle,Right-of-Way Violation,Clear,Dry,Dark - Lighted,Pedestrian Crossing,None Detected,2DF9A430-773E-40D1-AD32-3014BE06FA06,MD,1F961BD5-03D6-49A5-B1E9-71C95F01C433,Ten O Clock,PassengerCar,MovingConstantSpeed,South,35.0,No,No,2012,TOYOTA,39.17450002,-77.20509292,Prius_Toyota,20,2025,8,14,20,Thursday,2025-08-14,33
205321,MCP2347005S,250036248,Montgomery_County_Police,Property Damage Crash,2025-08-14 10:20:00,Maryland_State_Route,SANDY SPRING RD,DINO DR,Angle Collision,Passing / Turning,Clear,Dry,Daylight,Flashing Traffic Signal,None Detected,FF3AC5AB-0F0C-4831-8D51-6986C7BD288A,MD,9E33F610-378C-4785-A7BD-C5A542625592,Twelve O Clock,PassengerCar,MakingLeftTurn,North,40.0,No,No,2014,HYUNDAI,39.10913346,-76.92305023,Elantra_Hyundai,10,2025,8,14,10,Thursday,2025-08-14,33
205322,EJ7895007T,250036765,Gaithersburg_Police_Department,Property Damage Crash,2025-08-17 17:20:00,Municipality_Route,WASHINGTONIAN BLVD,ENT TO SCHOOL,Head-On,Right-of-Way Violation,Clear,Dry,Daylight,Stop Sign,None Detected,A08FDBE1-30B1-4A52-B94D-F692B6167FFA,MD,0850867A-D0CA-4C72-B02E-956714009A94,Ten O Clock,PassengerCar,MakingLeftTurn,Northbound,25.0,No,No,2009,TOYOTA,39.117416,-77.20391267,Camry_Toyota,17,2025,8,17,17,Sunday,2025-08-17,33
205323,DD5663002C,250036582,Rockville_Police_Department,Injury Crash,2025-08-16 11:51:00,Municipality_Route,CHAPMAN AVE,TWINBROOK PKWY (NB/L),Angle Collision,Traffic Control Violation,Clear,Dry,Daylight,Traffic Signal,None Detected,D473D63C-5054-401B-B2AB-56CB36C2946B,MD,DFDDF132-E6B1-4AC4-A3BF-0A69D48074A9,Eight O Clock,SportUtilityVehicle,MovingConstantSpeed,West,25.0,No,No,2020,NISSAN,39.0587078,-77.11888971,Rogue_Nissan,11,2025,8,16,11,Saturday,2025-08-16,33
205324,MCP32680061,250036598,Montgomery_County_Police,Property Damage Crash,2025-08-16 14:00:00,County_Route,BROADBIRCH DR,GREENLY ST,Rear vs Side,Right-of-Way Violation,Clear,Dry,Daylight,Stop Sign,None Detected,6693716F-4549-4D81-8BA7-92D5349C8A16,MD,1CD39EB1-7595-4B28-B0C7-7AF49D79D0A0,Nine O Clock,PassengerCar,MovingConstantSpeed,Southbound,30.0,No,No,2024,TOYOTA,39.05574819,-76.95568517,Corolla_Toyota,14,2025,8,16,14,Saturday,2025-08-16,33
205325,EJ79020025,250036218,Gaithersburg_Police_Department,Property Damage Crash,2025-08-13 23:50:00,County_Route,SAM EIG HWY,MERRIMAC DR,Single Vehicle,Lane Violation,Clear,Dry,Dark - Lighted,No Control,None Detected,0A17E91B-B0CE-42A0-BE70-4A4D9C8929C0,MD,85591807-CF20-47F2-A0AB-8E5839F3C01F,Twelve O Clock,PassengerCar,MakingRightTurn,Northbound,45.0,No,No,2018,VOLKSWAGEN,39.11683867,-77.20751083,Jetta_Volkswagen,23,2025,8,13,23,Wednesday,2025-08-13,33
205326,MCP2905007D,250035895,Montgomery_County_Police,Property Damage Crash,2025-08-12 10:50:00,Maryland_State_Route,FERRARA AVE,FREDERICK RD (SB/L),Other,Backing Error,Clear,Slush,Daylight,Traffic Signal,None Detected,D1D68801-10DD-4F93-B66E-9F4B08385C04,MD,5A742DB5-64D4-450E-8E0B-3FC77646E649,One O Clock,SportUtilityVehicle,Backing,Not On Roadway,2.5,No,No,2024,DODGE,39.02760149,-77.14612001,Durango_Dodge,10,2025,8,12,10,Tuesday,2025-08-12,33
205327,EJ78990022,250036772,Gaithersburg_Police_Department,Injury Crash,2025-08-17 18:20:00,Municipality_Route,E DIAMOND AVE,SULLNICK WAY,Angle Collision,Road Obstruction,Clear,Dry,Daylight,No Control,None Detected,DECECF7B-5B99-487A-980A-D625908F64C5,MD,70A83FEF-B61B-4AF8-99E5-39CCC75E672A,Twelve O Clock,Motorcycle2Wheeled,MovingConstantSpeed,South,30.0,No,No,1999,HONDA,39.14208199,-77.18957372,Civic_Honda,18,2025,8,17,18,Sunday,2025-08-17,33
205328,EJ7875006Y,250036611,Gaithersburg_Police_Department,Injury Crash,2025-08-16 15:25:00,Bicycle_Route,NEW HAMPSHIRE AVE,HOLLY AVE,Single Vehicle,Right-of-Way Violation,Clear,Dry,Daylight,No Control,None Detected,6FFF8989-6781-4208-AC5A-57CEAA328DC1,MD,02B465EE-F554-406E-A9A5-05D57EE292AD,Twelve O Clock,PassengerCar,EnteringTrafficLane,Southbound,20.0,No,No,2023,SUBARU,39.12544511,-77.23388974,Forester_Subaru,15,2025,8,16,15,Saturday,2025-08-16,33
205329,MCP3400002K,250035965,Montgomery_County_Police,Injury Crash,2025-08-12 16:11:00,Maryland_State_Route,CHERRY HILL RD,PROSPERITY DR,Rear-End (Same Direction),Speed Related,Clear,Dry,Daylight,Traffic Signal,None Detected,B40F8697-55E7-4D0B-8F0D-035273780FD7,MD,D7ADB417-5051-4754-8D95-24A2774D6FB1,Twelve O Clock,PassengerCar,MovingConstantSpeed,Eastbound,40.0,No,No,2010,HONDA,39.061942,-76.96045233,Civic_Honda,16,2025,8,12,16,Tuesday,2025-08-12,33
205330,MCP28250024,250035610,Montgomery_County_Police,Property Damage Crash,2025-08-10 11:50:00,County_Route,EISENHOWER MEMORIAL HWY,SPUR TO ODENDHAL AVE,Other,Backing Error,Clear,Dry,Daylight,No Control,None Detected,DCBD4F7C-FC36-4830-90FF-76772A83977D,MD,93F4D39D-8A40-4364-869F-6A4CA71C4BAB,Ten O Clock,PassengerCar,Backing,Not On Roadway,2.5,No,No,2012,FORD,39.1573633,-77.27536983,Focus_Ford,11,2025,8,10,11,Sunday,2025-08-10,32
205331,MCP3039007W,250035966,Montgomery_County_Police,Property Damage Crash,2025-08-12 16:08:00,Maryland_State_Route,16TH ST,GEORGIAN WAY,Rear-End (Same Direction),Tailgating,Clear,Dry,Daylight,No Control,None Detected,5AC9FB67-580E-4432-BE63-AC96D9E1D82F,MD,C2B910EA-6AEE-4423-8485-66AB7D6B8830,Twelve O Clock,PassengerCar,MovingConstantSpeed,Northbound,35.0,No,No,2018,TOYOTA,38.99263503,-77.03620486,Camry_Toyota,16,2025,8,12,16,Tuesday,2025-08-12,33