Unnamed: 0,Report Number,Local Case Number,Agency Name,ACRS Report Type,Crash Date/Time,Route Type,Road Name,Cross-Street Name,Collision Type,Circumstance_Category,Weather,Surface Condition,Light,Traffic Control,Driver Substance Abuse,Person ID,Drivers License State,Vehicle ID,Vehicle First Impact Location,Vehicle Body Type,Vehicle Movement,Vehicle Going Dir,Speed Limit,Driverless Vehicle,Parked Vehicle,Vehicle Year,Vehicle Make,Latitude,Longitude,Vehicle Model,hour,Crash_year,Crash_month,Crash_day,Crash_hour,Crash_day_name,Crash_date,Crash_week
205332,MCP3374003C,250035868,Montgomery_County_Police,Property Damage Crash,2025-08-12 07:45:00,Maryland_State_Route,OLD GEORGETOWN RD,HILLWOOD DR,Single Vehicle,Driver Inattention,Clear,Dry,Daylight,No Control,None Detected,7433ED7B-1414-4C03-9CC7-A1BC1D547D92,MD,0A286BE0-94BC-4DF1-8BF0-233176BD77FB,Four O Clock,PassengerCar,Accelerating,Not On Roadway,35.0,No,No,2001,GMC,39.03787365,-77.12313811,Sierra_GMC,7,2025,8,12,7,Tuesday,2025-08-12,33
205333,EJ7914000R,250036556,Gaithersburg_Police_Department,Property Damage Crash,2025-08-16 03:58:00,Maryland_State_Route,GREAT SENECA HWY,SAM EIG HWY (SB/L),Single Vehicle,Speed Related,Clear,Dry,Dark - Lighted,Traffic Signal,Suspect Alcohol Only,AC536E84-3110-4A17-BF5C-A91BD33D6214,MD,E14919E3-6A73-45FD-A4A3-2107AB0383F6,Twelve O Clock,PassengerCar,MakingLeftTurn,Southbound,40.0,No,No,2024,LEXUS,39.10865123,-77.21239763,IS_Lexus,3,2025,8,16,3,Saturday,2025-08-16,33
205334,MCP2582005P,250036685,Montgomery_County_Police,Property Damage Crash,2025-08-17 03:01:00,County_Route,RANDOLPH RD,CRABBS BRANCH WAY,Single Vehicle,Lane Violation,Clear,Dry,Dark - Lighted,No Control,None Detected,E340BB18-0EFE-456C-B35B-DF2E4E3D56CD,KY,090202BE-4086-4839-83F7-28E1F20D9EAC,Twelve O Clock,SportUtilityVehicle,MovingConstantSpeed,Eastbound,45.0,No,No,2015,TOYOTA,39.06695217,-77.01855383,RAV4_Toyota,3,2025,8,17,3,Sunday,2025-08-17,33
205335,MCP3039007W,250035966,Montgomery_County_Police,Property Damage Crash,2025-08-12 16:08:00,Maryland_State_Route,16TH ST,WAYNE AVE,Rear-End (Same Direction),Tailgating,Clear,Dry,Daylight,No Control,None Detected,D0C59E78-F993-45DD-945C-49CC43425F44,MD,2F1EC02B-9519-4832-AE4D-4609C975F77B,Twelve O Clock,SportUtilityVehicle,MovingConstantSpeed,Northbound,35.0,No,No,2013,SUBARU,38.99263503,-77.03620486,Forester_Subaru,16,2025,8,12,16,Tuesday,2025-08-12,33
205336,EJ79150005,250034843,Gaithersburg_Police_Department,Injury Crash,2025-08-05 15:46:00,Crossover,ROCKVILLE PIKE,FESTIVAL SC ENT MUDDY BRANCH RD,Angle Collision,Right-of-Way Violation,Cloudy,Dry,Daylight,Traffic Signal,None Detected,0AF526A1-9535-431F-AAA6-54F3CE174506,NY,296D83A3-3663-4221-8118-FFF22563344A,Eleven O Clock,SportUtilityVehicle,MakingLeftTurn,Southbound,45.0,No,No,2020,LEXUS,39.12918254,-77.20782117,RX_Lexus,15,2025,8,5,15,Tuesday,2025-08-05,32
205337,MCP31130076,250037100,Montgomery_County_Police,Property Damage Crash,2025-08-19 17:45:00,County_Route,GEORGIA AVE,CROSSOVER,Sideswipe (Same Direction),Lane Violation,Clear,Dry,Daylight,No Control,None Detected,29CE67DC-A93F-4B07-BFEE-258BB74E7E53,MD,070C3DA2-8812-449A-99E2-0CDE49FBDAC9,Eleven O Clock,PassengerCar,MovingConstantSpeed,Northbound,30.0,No,No,2017,LEXUS,39.08142144,-76.95407685,ES_Lexus,17,2025,8,19,17,Tuesday,2025-08-19,34
205338,MCP33620063,250036711,Montgomery_County_Police,Injury Crash,2025-08-17 10:25:00,Maryland_State_Route,NEW HAMPSHIRE AVE,FOX ST,Angle Collision,Right-of-Way Violation,Clear,Dry,Daylight,Stop Sign,None Detected,49C5AC89-68B3-4DCE-B673-851AE1000F48,MD,0F670CCF-F249-49F9-80AC-0AD8BFE2B864,Twelve O Clock,PassengerCar,MakingLeftTurn,Westbound,25.0,No,No,2013,INFINITI,39.00819109,-76.97978258,Q50_Infiniti,10,2025,8,17,10,Sunday,2025-08-17,33
205339,MCP33870035,250036843,Montgomery_County_Police,Injury Crash,2025-08-18 09:20:00,County_Route,BRUNETT AVE,UNIVERSITY BLVD W,Rear-End (Same Direction),Speed Related,Cloudy,Dry,Daylight,Pedestrian Crossing,None Detected,5F1DB8FF-75AF-41E2-83BE-17CE9D1E6204,MD,C561589F-E2A0-423B-A410-FCB68890EE62,Eleven O Clock,PassengerCar,MovingConstantSpeed,Eastbound,35.0,No,No,2007,HONDA,39.0230177,-77.01684881,Accord_Honda,9,2025,8,18,9,Monday,2025-08-18,34
205340,MCP2351006B,250036837,Montgomery_County_Police,Injury Crash,2025-08-18 08:54:00,County_Route,MONTROSE RD (WB/L),INDUSTRIAL PKWY,Rear-End (Same Direction),Tailgating,Cloudy,Dry,Daylight,Traffic Signal,None Detected,A2892FA9-9127-4E1F-A708-B3EEA3B565CD,MD,F954F2B3-5A29-424F-ACCF-65B48EF4FDB7,Twelve O Clock,PassengerCar,MovingConstantSpeed,Westbound,45.0,No,No,2015,LEXUS,39.0564555,-77.1674165,ES_Lexus,8,2025,8,18,8,Monday,2025-08-18,34
205341,MCP156300BT,250036113,Montgomery_County_Police,Injury Crash,2025-08-13 13:22:00,Bicycle_Route,MONTGOMERY VILLAGE AVE,GEORGIA AVE,Rear-End (Same Direction),Tailgating,Rain,Wet,Daylight,Traffic Signal,None Detected,73CE5A71-3D28-4E67-AD37-4D90BB38DB42,MD,25168462-0C2A-4024-93E2-9123C2E7F7B5,Six O Clock,PassengerCar,StoppedInTrafficLane,Southbound,30.0,No,No,2014,KIA,39.05345971,-77.11105277,Soul_Kia,13,2025,8,13,13,Wednesday,2025-08-13,33
205342,MCP289100FJ,250036986,Montgomery_County_Police,Property Damage Crash,2025-08-19 06:18:00,County_Route,DEVON RD,DALE DR PINEY BRANCH RD THAYER PL,Angle Collision,Right-of-Way Violation,Clear,Wet,Daylight,Traffic Signal,None Detected,F1A16E40-C5D8-4097-AC05-315CA686C839,MD,5E17E675-80DA-4B93-B7A5-1938CF580351,Eight O Clock,TransitBus,MakingLeftTurn,Eastbound,30.0,No,No,2013,KIA,38.99372426,-77.00903083,Optima_Kia,6,2025,8,19,6,Tuesday,2025-08-19,34
205343,MCP3426002C,250036744,Montgomery_County_Police,Property Damage Crash,2025-08-17 15:30:00,Maryland_State_Route,FREDERICK RD,EXETER RD,Angle Collision,Right-of-Way Violation,Clear,Dry,Daylight,No Control,None Detected,3B11F267-AFC1-4649-89F2-9A085F590CC7,MD,541ACD74-7313-49A3-9D7D-7690AFAC6981,Twelve O Clock,PassengerCar,EnteringTrafficLane,South,2.5,No,No,2020,JEEP,38.96492534,-77.10394434,Wrangler_Jeep,15,2025,8,17,15,Sunday,2025-08-17,33
205344,MCP33030027,250036990,Montgomery_County_Police,Property Damage Crash,2025-08-19 07:55:00,Maryland_State_Route,BEALL AVE #2,LEWISBERRY DR,Rear-End (Same Direction),Driver Inattention,Clear,Dry,Daylight,Traffic Signal,None Detected,71AD780B-96F4-45AF-B0F2-A10DB426FD18,MD,F71B7037-0109-4F81-B60B-261EB938DECC,VehicleNotAtScene,Van - Passenger (&lt;9 Seats),SlowingOrStopping,Unknown,2.5,No,No,2015,KIA,39.19293777,-77.28541521,Optima_Kia,7,2025,8,19,7,Tuesday,2025-08-19,34
205345,MCP3044008K,250036358,Montgomery_County_Police,Injury Crash,2025-08-14 19:11:00,Maryland_State_Route,NEW HAMPSHIRE AVE,OLD GEORGETOWN RD,Rear-End (Same Direction),Tailgating,Clear,Dry,Daylight,No Control,None Detected,E41CA07D-9BDC-4390-A313-861ED2161035,MD,4B58CCB2-27A6-4424-BA47-60EDA0BCBB51,Seven O Clock,PickupTruck,SlowingOrStopping,Southbound,35.0,No,No,2019,FORD,39.01884733,-76.9765855,F-150_Ford,19,2025,8,14,19,Thursday,2025-08-14,33
205346,EJ7898006Q,250036983,Gaithersburg_Police_Department,Injury Crash,2025-08-19 06:23:00,Bicycle_Route,EISENHOWER MEMORIAL HWY,CRYSTAL ROCK DR,Single Vehicle,Right-of-Way Violation,Cloudy,Dry,Daylight,Traffic Signal,None Detected,8843276C-DF40-4F0C-B349-7E976CE26D2B,MD,D1AE125E-CA33-4420-A6CF-66C7C1638867,Eleven O Clock,PassengerCar,MakingRightTurn,Eastbound,25.0,No,No,2008,CHEVROLET,39.15388367,-77.21396733,Impala_Chevrolet,6,2025,8,19,6,Tuesday,2025-08-19,34
205347,MCP3225005V,250034688,Montgomery_County_Police,Property Damage Crash,2025-08-04 13:40:00,County_Route,FALCON ST,PARKLAND DR,Rear-End (Same Direction),Tailgating,Clear,Dry,Daylight,Stop Sign,None Detected,C76A090D-FC92-44B5-ACB0-D0FAC3A2AF13,MD,82158E1B-7491-4D5C-BBFA-9BE703404467,Twelve O Clock,VanCargo,Passing,Southbound,25.0,No,No,2018,TOYOTA,39.06678784,-77.08862511,Camry_Toyota,13,2025,8,4,13,Monday,2025-08-04,32
205348,MCP34040026,250036991,Montgomery_County_Police,Property Damage Crash,2025-08-19 07:26:00,Maryland_State_Route,NEW HAMPSHIRE AVE,GEORGIA AVE,Rear-End (Same Direction),Congestion / Backup,Cloudy,Dry,Daylight,No Control,None Detected,9E66B972-9FED-4A1A-8F9A-9D57E4D4FDBA,DC,5D7CF402-74E1-41FB-92D3-4B2B03774457,Six O Clock,PassengerCar,SlowingOrStopping,Northbound,35.0,No,No,2020,HYUNDAI,39.01509285,-76.97778102,Sonata_Hyundai,7,2025,8,19,7,Tuesday,2025-08-19,34
205349,MCP34310012,250036526,Montgomery_County_Police,Property Damage Crash,2025-08-15 20:02:00,Other_Public_Roadway,CRYSTAL ROCK DR,MUIRFIELD DR,Rear-End (Same Direction),Lane Violation,Clear,Dry,Dark - Lighted,No Control,None Detected,9CA435D2-7F56-4DC4-B3A0-5E37947AEB7F,MD,0630B3FD-A205-4EB0-A4D7-4EFCBCC570D6,One O Clock,PickupTruck,NegotiatingCurve,Northbound,25.0,No,No,2008,CHEVROLET,39.17733,-77.262425,Silverado_Chevrolet,20,2025,8,15,20,Friday,2025-08-15,33
205350,MCP3044008K,250036358,Montgomery_County_Police,Injury Crash,2025-08-14 19:11:00,Maryland_State_Route,NEW HAMPSHIRE AVE,EDNOR RD,Rear-End (Same Direction),Tailgating,Clear,Dry,Daylight,No Control,None Detected,54BFB806-4E8C-444C-8892-73296682824F,MD,DB0E2672-5A43-4538-885F-A3B8F211AF44,One O Clock,PassengerCar,SlowingOrStopping,Southbound,35.0,No,No,2020,TOYOTA,39.01884733,-76.9765855,Corolla_Toyota,19,2025,8,14,19,Thursday,2025-08-14,33
205351,MCP3384001L,250036907,Montgomery_County_Police,Property Damage Crash,2025-08-18 14:00:00,US_State_Route,JUNIPER HILL RD,GEORGIA AVE,Single Vehicle,Driver Inattention,Cloudy,Dry,Daylight,No Control,None Detected,CC89E137-08FD-4A56-9769-810BF65BEF6C,MD,317B78F7-9F54-49D6-A910-1E20DDFC8560,One O Clock,PassengerCar,MakingRightTurn,Southbound,30.0,No,No,2024,HONDA,38.98668457,-77.02681472,Accord_Honda,14,2025,8,18,14,Monday,2025-08-18,34
205352,MCP3456000V,250034919,Montgomery_County_Police,Property Damage Crash,2025-08-06 06:44:00,County_Route,ZION RD,DALE DR,Sideswipe (Opposite Direction),Lane Violation,Cloudy,Wet,Daylight,No Control,None Detected,EF92894E-FA25-4AE3-9A9B-6C7200983398,MD,E71E79F3-6676-49F2-BA34-AF67F4BA444A,VehicleNotAtScene,SingleUnitTruck,MovingConstantSpeed,Northbound,25.0,No,No,2011,BMW,39.17898682,-77.09976127,M2_BMW,6,2025,8,6,6,Wednesday,2025-08-06,32
205353,MCP2905007C,250035295,Montgomery_County_Police,Property Damage Crash,2025-08-08 09:37:00,County_Route,EXECUTIVE BLVD (SB/L),NEW HAMPSHIRE AVE,Angle Collision,Driver Inattention,Clear,Dry,Daylight,No Control,None Detected,D4595B50-6A06-4E2B-B771-9809BEBE1F73,MD,23E1811E-8486-4E2A-B6B6-0ADC6F7D831D,One O Clock,PassengerCar,MovingConstantSpeed,Eastbound,25.0,No,No,2023,VOLKSWAGEN,39.04331018,-77.11173523,Jetta_Volkswagen,9,2025,8,8,9,Friday,2025-08-08,32
205356,MCP24920021,250036376,Montgomery_County_Police,Property Damage Crash,2025-08-05 05:00:00,US_State_Route,GREENTREE RD,EAST WEST HWY,Single Vehicle,Driver Inattention,Clear,Dry,Dark - Lighted,No Control,None Detected,EFB903B2-562E-468E-A9A9-F8BC7AA9607C,MD,1955A943-1BF0-4A19-8994-256663BF877F,Two O Clock,SportUtilityVehicle,Accelerating,Not On Roadway,2.5,No,No,2012,CHEVROLET,39.10791839,-77.1601434,Tahoe_Chevrolet,5,2025,8,5,5,Tuesday,2025-08-05,32
205357,MCP29890036,250035544,Montgomery_County_Police,Fatal Crash,2025-08-09 18:17:00,Maryland_State_Route,SANDY SPRING RD,EXETER RD,Other,Lane Violation,Clear,Dry,Daylight,No Control,None Detected,9FD3AEDD-7511-4CCC-94F7-E81BD966ADA8,MD,3D18F908-C7B3-4C94-BE7F-AB1F4FD301E3,Two O Clock,Motorcycle2Wheeled,NegotiatingCurve,Northbound,30.0,No,No,2006,TOYOTA,39.21918667,-77.0574645,Camry_Toyota,18,2025,8,9,18,Saturday,2025-08-09,32
205358,MCP3090008Z,250036331,Montgomery_County_Police,Injury Crash,2025-08-14 17:17:00,County_Route,BRINK RD (WB/L),HOLLY AVE,Single Vehicle,Driver Inattention,Cloudy,Wet,Daylight,No Control,None Detected,01C1D588-C008-4C96-97A0-7EAE0F22F22E,MD,C97AA2B1-873C-40BD-9E53-1DE2440383A3,One O Clock,PassengerCar,MakingLeftTurn,Southbound,35.0,No,No,2008,LEXUS,39.20509883,-77.186642,ES_Lexus,17,2025,8,14,17,Thursday,2025-08-14,33
205359,MCP272600DX,240036275,Montgomery_County_Police,Property Damage Crash,2025-08-14 12:48:00,County_Route,SHADY GROVE RD,DENTON RD,Sideswipe (Same Direction),Lane Violation,Clear,Dry,Daylight,No Control,None Detected,39338F68-F8D9-4850-A936-EA12F85BE82B,MD,41C023ED-3BD2-45CC-BE76-0D1FCD6A2A90,Two O Clock,Other,MovingConstantSpeed,Eastbound,40.0,No,No,2018,NISSAN,39.12886333,-77.16683,Altima_Nissan,12,2025,8,14,12,Thursday,2025-08-14,33
205360,EJ78840079,250036221,Gaithersburg_Police_Department,Injury Crash,2025-08-14 00:47:00,Municipality_Route,LAKE FOREST BLVD,FREDERICK RD,Angle Collision,Traffic Control Violation,Clear,Dry,Dark - Lighted,Traffic Signal,None Detected,3A5B9B50-37B3-4177-9AE9-57DE091E3C67,MD,80BCA831-EBF0-43E1-8507-FD9294C88924,Twelve O Clock,PassengerCar,MovingConstantSpeed,Northbound,35.0,No,No,2005,HONDA,39.15021514,-77.20900966,Civic_Honda,0,2025,8,14,0,Thursday,2025-08-14,33
205362,MCP34040026,250036991,Montgomery_County_Police,Property Damage Crash,2025-08-19 07:26:00,Maryland_State_Route,NEW HAMPSHIRE AVE,GOSHEN RD,Rear-End (Same Direction),Driver Inattention,Cloudy,Dry,Daylight,No Control,None Detected,3281643E-B33B-424F-93E7-172AB5D8AA6D,DC,04B3205B-45E1-46CC-99B0-0F918400D73B,Twelve O Clock,SportUtilityVehicle,MovingConstantSpeed,Northbound,35.0,No,No,2020,JEEP,39.01509285,-76.97778102,Wrangler_Jeep,7,2025,8,19,7,Tuesday,2025-08-19,34
205363,EJ78990022,250036772,Gaithersburg_Police_Department,Injury Crash,2025-08-17 18:20:00,Municipality_Route,E DIAMOND AVE,BLACKBURN RD,Angle Collision,Right-of-Way Violation,Clear,Dry,Daylight,No Control,None Detected,125A8668-4598-434D-B053-E3FEF94A987D,MD,785D535D-F413-4560-9462-4FD84D2DB7A1,Twelve O Clock,PassengerCar,MakingLeftTurn,East,30.0,No,No,2011,TOYOTA,39.14208199,-77.18957372,RAV4_Toyota,18,2025,8,17,18,Sunday,2025-08-17,33
205364,MCP20470068,250037152,Montgomery_County_Police,Property Damage Crash,2025-08-20 07:30:00,County_Route,DARNESTOWN RD,E GUDE DR,Angle Collision,Right-of-Way Violation,Rain,Wet,Daylight,No Control,None Detected,925A5929-F9EB-48E2-BA10-946B84FC0C10,VA,A7467E5E-1D23-47D9-9D73-A604C52E6C80,Eleven O Clock,SportUtilityVehicle,MakingLeftTurn,South,40.0,No,No,2016,TOYOTA,39.09675,-77.20461035,Camry_Toyota,7,2025,8,20,7,Wednesday,2025-08-20,34
205365,EJ7871008K,250036538,Gaithersburg_Police_Department,Injury Crash,2025-08-15 23:35:00,Maryland_State_Route,FREDERICK RD (SB/L),QUINCE ORCHARD RD,Rear vs Side,Traffic Control Violation,Clear,Dry,Dark - Lighted,Traffic Signal,None Detected,F68AC451-95E2-4947-B9F7-36BAE0BBC436,MD,BEBBB544-7174-4EEB-A2FC-8707BD06B065,Ten O Clock,PassengerCar,MovingConstantSpeed,West,35.0,No,No,2015,HONDA,39.1523575,-77.21195983,Civic_Honda,23,2025,8,15,23,Friday,2025-08-15,33
205366,MCP34040024,250036055,Montgomery_County_Police,Injury Crash,2025-08-13 08:23:00,US_State_Route,COLESVILLE RD (SB/L),BREWSTER AVE,Rear-End (Same Direction),Tailgating,Clear,Dry,Daylight,No Control,None Detected,C824FF5E-F5A1-435A-96E8-F0C0DC07B066,MD,C0A7D832-5103-407C-9C51-DA084FB22242,Six O Clock,PassengerCar,SlowingOrStopping,Southbound,40.0,No,No,2025,TOYOTA,39.02868146,-77.00851109,Camry_Toyota,8,2025,8,13,8,Wednesday,2025-08-13,33
205367,MCP285900JL,250036864,Montgomery_County_Police,Property Damage Crash,2025-08-18 11:00:00,Interstate_Route,IS 270 LOCAL LANES (NB),RUSSELL AVE,Sideswipe (Same Direction),Lane Violation,Cloudy,Dry,Daylight,No Control,None Detected,62D0906E-5DE6-48C9-BF26-2E13CBBFF120,MD,B187E0EB-0EEF-4B04-B291-8D3866AE6C68,One O Clock,VanCargo,MovingConstantSpeed,Northbound,55.0,No,No,2015,FORD,39.07592288,-77.16657074,Transit_Ford,11,2025,8,18,11,Monday,2025-08-18,34
205368,EJ7871008K,250036538,Gaithersburg_Police_Department,Injury Crash,2025-08-15 23:35:00,Maryland_State_Route,FREDERICK RD (SB/L),QUINCE ORCHARD RD,Rear vs Side,Right-of-Way Violation,Clear,Dry,Dark - Lighted,Traffic Signal,None Detected,C763ADEA-0EA3-49D2-AE9C-D221890AB296,MD,6A9DA4B7-763F-4423-966C-04FC59625260,Twelve O Clock,PassengerCar,MakingLeftTurn,North,35.0,No,No,2020,HONDA,39.1523575,-77.21195983,Civic_Honda,23,2025,8,15,23,Friday,2025-08-15,33
205369,MCP27080099,250035227,Montgomery_County_Police,Property Damage Crash,2025-08-07 18:39:00,Maryland_State_Route,PINEY BRANCH RD (SB/L),CROSSOVER,Sideswipe (Same Direction),Lane Violation,Clear,Dry,Daylight,No Control,None Detected,692E29B5-45E3-42AF-88E5-2F73C8F80F37,MD,F3181F0D-D0AC-4219-9A49-BF0360FB2D88,One O Clock,PassengerCar,MovingConstantSpeed,Southbound,35.0,No,No,2019,TOYOTA,38.99940092,-76.99668762,Camry_Toyota,18,2025,8,7,18,Thursday,2025-08-07,32
205370,MCP29310088,250037081,Montgomery_County_Police,Injury Crash,2025-08-19 16:22:00,Maryland_State_Route,FATHER HURLEY BLVD,NORFOLK AVE,Single Vehicle,Passing / Turning,Clear,Wet,Daylight,Traffic Signal,None Detected,25EDE50B-1839-4207-9F99-7DC4D16BA2E1,MD,40D312B6-08C9-4F11-8A94-9DF1E54F77FD,NonCollision,SportUtilityVehicle,StoppedInTrafficLane,Not On Roadway,2.5,No,No,2020,HONDA,39.05773333,-77.11644692,Odyssey_Honda,16,2025,8,19,16,Tuesday,2025-08-19,34
205371,MCP20470067,250036647,Montgomery_County_Police,Property Damage Crash,2025-08-16 19:34:00,County_Route,AVERY RD,ONEILL DR,Single Vehicle,Lane Violation,Clear,Dry,Dusk,No Control,None Detected,3340E27B-954C-45B0-B9D9-9268E6E76B21,MD,1F7C3D97-7783-4565-BEEF-AA6ACAC45E1F,Twelve O Clock,PassengerCar,MovingConstantSpeed,Southbound,35.0,No,No,2015,HONDA,39.10611664,-77.12095781,Civic_Honda,19,2025,8,16,19,Saturday,2025-08-16,33
205372,MCP2905007C,250035295,Montgomery_County_Police,Property Damage Crash,2025-08-08 09:37:00,County_Route,EXECUTIVE BLVD (SB/L),RAMP 7 FR RP 2 (FR IS495 WB) TO 193,Angle Collision,Right-of-Way Violation,Clear,Dry,Daylight,No Control,None Detected,CC0938EE-13AE-44FA-A552-CA58587F36A4,VA,F3B5A817-68EC-4601-AD75-C53026255DB0,Eleven O Clock,PassengerCar,EnteringTrafficLane,Eastbound,25.0,No,No,2020,FORD,39.04331018,-77.11173523,F-150_Ford,9,2025,8,8,9,Friday,2025-08-08,32
205373,MCP33870034,250035971,Montgomery_County_Police,Property Damage Crash,2025-08-12 13:30:00,Interstate_Route,CAPITAL BELTWAY,VEIRS MILL RD,Other,Lane Violation,Clear,Dry,Daylight,No Control,None Detected,B667FDC3-BB44-4C3A-967E-5226D56B7433,XX,1F021F66-E4C3-489B-8BAB-341644236C35,VehicleNotAtScene,OtherTruck,MovingConstantSpeed,Eastbound,55.0,No,No,2019,INFINITI,39.01619106,-77.01282391,Q50_Infiniti,13,2025,8,12,13,Tuesday,2025-08-12,33
205374,MCP3473000R,250036354,Montgomery_County_Police,Property Damage Crash,2025-08-14 19:01:00,US_State_Route,COLUMBIA PIKE,INDUSTRIAL PKWY,Rear-End (Same Direction),Driver Inattention,Clear,Dry,Daylight,Traffic Signal,None Detected,B4291CA8-C6FA-42F2-A3F9-C0A581ABE4F0,MD,D30A79D7-6F69-4CDC-A6EA-19EDD38BE510,Five O Clock,SchoolBus,MovingConstantSpeed,Northbound,50.0,No,No,2024,FORD,39.05613522,-76.97114178,F-150_Ford,19,2025,8,14,19,Thursday,2025-08-14,33
205375,MCP3170004B,250036325,Montgomery_County_Police,Property Damage Crash,2025-08-14 16:41:00,Maryland_State_Route,PARKLAWN DR,KINGSVIEW RD,Rear-End (Same Direction),Tailgating,Rain,Wet,Daylight,Traffic Signal,None Detected,9215ECD1-BE62-438F-A93A-C2A594DFF40B,MD,BA359C25-935F-4070-A3BC-FCEA5DC40A8C,Twelve O Clock,PassengerCar,MovingConstantSpeed,Westbound,30.0,No,No,2015,TESLA,39.16479294,-77.28720706,Model S_Tesla,16,2025,8,14,16,Thursday,2025-08-14,33
205376,MCP3386003B,250036913,Montgomery_County_Police,Property Damage Crash,2025-08-18 13:47:00,Municipality_Route,S PARK AVE,WOODFIELD RD,Sideswipe (Same Direction),Lane Violation,Cloudy,Dry,Daylight,Traffic Signal,None Detected,E21095B8-EA3C-4E5E-8E2F-5DB3C4F28FCB,MD,A740C318-F9A1-4E3C-86CF-3CAD7C0C44D0,One O Clock,OtherTruck,MovingConstantSpeed,Eastbound,25.0,No,No,2008,JEEP,38.96354633,-77.08772917,Gladiator_Jeep,13,2025,8,18,13,Monday,2025-08-18,34
205377,MCP33860039,250036785,Montgomery_County_Police,Property Damage Crash,2025-08-17 12:00:00,County_Route,ELM ST,NEW HAMPSHIRE AVE,Sideswipe (Same Direction),Surface Condition,Clear,Dry,Daylight,No Control,None Detected,079E4933-F478-40C9-8492-19007F547EB9,NC,A0340FE2-317D-493A-994B-F17E6E8D483B,Seven O Clock,PassengerCar,Parked,East,25.0,No,Yes,2017,MERCEDES-BENZ,38.98207929,-77.09828986,GLS_Mercedes-Benz,12,2025,8,17,12,Sunday,2025-08-17,33
205378,MCP9379005N,250036444,Montgomery_County_Police,Property Damage Crash,2025-08-15 12:15:00,Municipality_Route,TOWER OAKS BLVD,MONTROSE RD (WB/L),Sideswipe (Same Direction),Surface Condition,Clear,Dry,Daylight,Traffic Signal,None Detected,121AD0D9-EAF5-4865-9E3D-628E5C6085CC,MD,FF3FF718-D50B-4749-9361-5E3EBDA591C9,Nine O Clock,PassengerCar,StoppedInTrafficLane,East,40.0,No,No,2020,FORD,39.05556349,-77.14928701,F-150_Ford,12,2025,8,15,12,Friday,2025-08-15,33
205379,DD5567009H,250035779,Rockville_Police_Department,Property Damage Crash,2025-08-11 15:09:00,Interstate_Route,DARNESTOWN RD,ODENDHAL AVE,Rear-End (Same Direction),Tailgating,Clear,Dry,Daylight,No Control,None Detected,76DFF0DF-75BB-409B-B0BA-45AF63E2BEEE,MD,CDE96B67-324D-4060-8582-4DF8AA855FC9,Twelve O Clock,Van - Passenger (&lt;9 Seats),Parked,Westbound,2.5,No,Yes,2015,CHEVROLET,39.09893996,-77.15982535,Express_Chevrolet,15,2025,8,11,15,Monday,2025-08-11,33
205380,MCP3358003C,250035908,Montgomery_County_Police,Property Damage Crash,2025-08-12 11:40:00,Maryland_State_Route,S FREDERICK RD,CRABBS BRANCH WAY (NB/L),Rear-End (Same Direction),Road Obstruction,Clear,Dry,Daylight,No Control,None Detected,FD7FC9C1-5A4A-403B-9A44-0DCE19BD34E0,MD,70167DFF-C9FE-4BBA-98A4-6EF781B50CB9,Six O Clock,PassengerCar,Parked,Unknown,2.5,No,Yes,2017,HYUNDAI,38.98875288,-77.09483403,Santa Fe Sport_Hyundai,11,2025,8,12,11,Tuesday,2025-08-12,33
205381,MCP33470031,250034358,Montgomery_County_Police,Property Damage Crash,2025-08-02 00:23:00,County_Route,TOWNE RD,MONTROSE PKWY,Angle Collision,Right-of-Way Violation,Clear,Dry,Dark - Lighted,Traffic Signal,None Detected,338440EC-D096-418A-910B-7967A34275F7,MD,331DAFC0-5EAD-4FB3-819A-597FC7ADDDD9,Eight O Clock,PassengerCar,MovingConstantSpeed,Eastbound,35.0,No,No,2017,TOYOTA,39.05182144,-77.11860102,Camry_Toyota,0,2025,8,2,0,Saturday,2025-08-02,31
205382,MCP3411002S,250036650,Montgomery_County_Police,Property Damage Crash,2025-08-16 17:11:00,Maryland_State_Route,WISCONSIN AVE (SB/L),SAM EIG HWY,Sideswipe (Same Direction),Lane Violation,Clear,Dry,Daylight,Traffic Signal,None Detected,E842D879-6EB8-48C2-83B3-70BB60083D8C,MD,691B7A03-BBAC-46FD-A24C-018C52F2A923,Two O Clock,PassengerCar,LeavingTrafficLane,Southbound,35.0,No,No,2014,DODGE,38.97755116,-77.09097317,Charger_Dodge,17,2025,8,16,17,Saturday,2025-08-16,33