Unnamed: 0,Report Number,Local Case Number,Agency Name,ACRS Report Type,Crash Date/Time,Route Type,Road Name,Cross-Street Name,Collision Type,Circumstance_Category,Weather,Surface Condition,Light,Traffic Control,Driver Substance Abuse,Person ID,Drivers License State,Vehicle ID,Vehicle First Impact Location,Vehicle Body Type,Vehicle Movement,Vehicle Going Dir,Speed Limit,Driverless Vehicle,Parked Vehicle,Vehicle Year,Vehicle Make,Latitude,Longitude,Vehicle Model,hour,Crash_year,Crash_month,Crash_day,Crash_hour,Crash_day_name,Crash_date,Crash_week
205383,DM85240015,250036820,Takoma_Park_Police_Department,Property Damage Crash,2025-08-18 04:41:00,Municipality_Route,ERSKINE ST,NEW HAMPSHIRE AVE,Sideswipe (Same Direction),Lane Violation,Clear,Dry,Dark - Lighted,Traffic Signal,None Detected,5EA26516-3C51-4583-AF70-AE2354730898,MD,D4990D2A-1BE0-42A2-AC04-1CC6044C85CA,Ten O Clock,PickupTruck,MakingRightTurn,East,25.0,No,No,2023,TOYOTA,38.9814855,-76.98887927,Tacoma_Toyota,4,2025,8,18,4,Monday,2025-08-18,34
205385,MCP3197004S,250036657,Montgomery_County_Police,Injury Crash,2025-08-16 20:35:00,Maryland_State_Route,GEORGIA AVE,DRAPER LA,Single Vehicle,Lane Violation,Clear,Dry,Dark - Lighted,No Control,None Detected,D342D5C3-A35E-4C63-A589-EC687288AC47,MD,60E33C42-7855-430B-AB7F-B308D5D20F56,Eleven O Clock,ATV,MovingConstantSpeed,Eastbound,25.0,No,No,2018,FORD,39.19379544,-77.06651681,F-150_Ford,20,2025,8,16,20,Saturday,2025-08-16,33
205386,DD5653005B,250036232,Rockville_Police_Department,Property Damage Crash,2025-08-14 07:02:00,Municipality_Route,W EDMONSTON DR,ROCKVILLE PIKE (SB/L),Sideswipe (Same Direction),Backing Error,Clear,Dry,Dawn,Traffic Signal,None Detected,94606541-5F90-4136-BD77-7CAE23A74FE2,WV,782EBF4C-391D-4A76-B870-980D00F81E51,One O Clock,TransitBus,Backing,North,30.0,No,No,2020,BMW,39.07437228,-77.13596981,3 Series_BMW,7,2025,8,14,7,Thursday,2025-08-14,33
205387,MCP20470065,250036264,Montgomery_County_Police,Property Damage Crash,2025-08-14 12:08:00,Maryland_State_Route,ROCKVILLE PIKE,CALHOUN DRIVE,Rear-End (Same Direction),Tailgating,Clear,Dry,Daylight,No Control,None Detected,6146F1D3-226B-42D1-98DE-3329DEEA1791,MD,AF9A6C3D-9F42-4E5B-9861-E149C8788EEE,Twelve O Clock,SportUtilityVehicle,SlowingOrStopping,Northbound,40.0,No,No,2007,CHEVROLET,39.0736817,-77.13472037,Silverado_Chevrolet,12,2025,8,14,12,Thursday,2025-08-14,33
205388,MCP34020044,250037193,Montgomery_County_Police,Property Damage Crash,2025-08-20 13:12:00,Maryland_State_Route,RANDOLPH RD,DALE DR,Head-On,Driver Inattention,Clear,Dry,Daylight,No Control,None Detected,340EB503-D5D7-4311-9419-3C9D7B70E54F,MD,F0484481-E620-4E1B-9B49-0A4BDC29F5B3,One O Clock,PassengerCar,MovingConstantSpeed,Not On Roadway,2.5,No,No,2024,TOYOTA,39.06730932,-76.95796643,Corolla_Toyota,13,2025,8,20,13,Wednesday,2025-08-20,34
205389,MCP3313002Q,250036683,Montgomery_County_Police,Property Damage Crash,2025-08-17 02:32:00,Maryland_State_Route,VEIRS MILL RD,GAYNOR RD PARKLAND DR PARKLAND DR (NB/L),Single Vehicle,Lane Violation,Clear,Dry,Dark - Lighted,No Control,None Detected,F00D184C-0EF1-4C15-A45A-D3BEF8B01810,MD,E471F6ED-EBCC-402D-9652-BACE1542423E,Twelve O Clock,PassengerCar,MovingConstantSpeed,Southbound,45.0,No,No,2005,TOYOTA,39.06144685,-77.09182185,Camry_Toyota,2,2025,8,17,2,Sunday,2025-08-17,33
205391,MCP2764003Y,250035485,Montgomery_County_Police,Property Damage Crash,2025-08-09 11:47:00,Maryland_State_Route,EAST WEST HWY (WB/L),MAIN ST,Sideswipe (Same Direction),Passing / Turning,Clear,Dry,Daylight,Traffic Signal,None Detected,6CC075B3-87D2-4DE5-915F-5CAB86675CA2,MD,DCE8D17A-02E3-431F-ABB3-093520016E7B,Four O Clock,TransitBus,MovingConstantSpeed,Westbound,25.0,No,No,2023,CHEVROLET,38.98475259,-77.09398112,Silverado_Chevrolet,11,2025,8,9,11,Saturday,2025-08-09,32
205392,HA2526000G,25001735,Takoma_Park_Police_Department,Property Damage Crash,2025-08-14 08:56:00,Government_Route,BEACH DR,ADAMS DR,Rear-End (Same Direction),Tailgating,Clear,Dry,Daylight,Other,None Detected,C3376DB4-F706-41C6-ACC2-0E61F9CFCB36,MD,67A90D16-6A5E-4321-980B-FF734F317E77,Six O Clock,PassengerCar,SlowingOrStopping,Southbound,30.0,No,No,2001,FORD,38.99227899,-77.06335732,Expedition_Ford,8,2025,8,14,8,Thursday,2025-08-14,33
205393,MCP22390033,250036589,Montgomery_County_Police,Property Damage Crash,2025-08-16 13:00:00,Bicycle_Route,BOU AVE,EMORY LA,Head-On,Lane Violation,Clear,Dry,Daylight,No Control,None Detected,A76D0F3A-EC34-4E04-A670-F6C270ACD821,MD,675E3CCD-D40F-4707-B341-02258F0F277C,Twelve O Clock,PassengerCar,MovingConstantSpeed,Southbound,25.0,No,No,2016,TOYOTA,39.07632109,-77.22190753,Corolla_Toyota,13,2025,8,16,13,Saturday,2025-08-16,33
205394,MCP31920067,250036346,Montgomery_County_Police,Injury Crash,2025-08-14 18:04:00,County_Route,RANDOLPH RD,VEIRS MILL RD,Sideswipe (Same Direction),Lane Violation,Clear,Dry,Daylight,Traffic Signal,None Detected,9E60F4FB-D666-4246-A6A4-F176EEC407D6,MD,78CA81B5-8C2F-46E8-990D-8FE7878C1223,Eight O Clock,PassengerCar,StoppedInTrafficLane,Eastbound,40.0,No,No,2018,HONDA,39.07568241,-77.00248552,Civic_Honda,18,2025,8,14,18,Thursday,2025-08-14,33
205395,MCP31380082,250036861,Montgomery_County_Police,Injury Crash,2025-08-18 11:00:00,Maryland_State_Route,GEORGIA AVE,HENDERSON AVE,Rear-End (Same Direction),Tailgating,Cloudy,Dry,Daylight,No Control,None Detected,9A00A287-1667-49B5-A030-7CFF747B202E,MD,5AD96359-BCD2-4D9A-A02D-C35C00607FFC,Twelve O Clock,PickupTruck,MovingConstantSpeed,Northbound,35.0,No,No,2010,CHEVROLET,39.0506265,-77.05151983,Avalanche_Chevrolet,11,2025,8,18,11,Monday,2025-08-18,34
205396,MCP3258005K,250036301,Montgomery_County_Police,Property Damage Crash,2025-08-14 14:30:00,Maryland_State_Route,GEORGIA AVE,FOREST GLEN RD,Angle Collision,Congestion / Backup,Clear,Dry,Daylight,Traffic Signal,None Detected,BC667C11-C8B8-47A6-A271-DDB19BE56E16,MD,A2A59E2F-2E02-4F94-BAE5-C1EEA60354FA,Nine O Clock,PassengerCar,MovingConstantSpeed,West,35.0,No,No,2015,NISSAN,39.01562885,-77.04260232,Pathfinder_Nissan,14,2025,8,14,14,Thursday,2025-08-14,33
205397,DD5567009H,250035779,Rockville_Police_Department,Property Damage Crash,2025-08-11 15:09:00,County_Route,UNIVERSITY BLVD E,RAMP 6 FR FATHER HURLEY BLVD TO IS270 SB,Rear-End (Same Direction),Backing Error,Clear,Dry,Daylight,No Control,None Detected,060DAAD8-B0DF-4226-B385-30D573ABDD48,VA,546399A5-0458-42A6-93E3-361DEEFB7615,Six O Clock,VanCargo,Backing,Northbound,2.5,No,No,2013,MERCEDES-BENZ,39.09893996,-77.15982535,C300_Mercedes-Benz,15,2025,8,11,15,Monday,2025-08-11,33
205398,MCP3051008S,250036127,Montgomery_County_Police,Property Damage Crash,2025-08-13 15:09:00,Maryland_State_Route,OLD GEORGETOWN RD,RAMP 7 FR RAMP 2 (FR IS495) TO MD 187 SB,Sideswipe (Same Direction),Right-of-Way Violation,Clear,Dry,Daylight,Traffic Signal,None Detected,53062E17-E5C7-4A54-BB9F-95DA7F6D0FC8,VA,69E00172-0091-4FB1-A855-5C123085E73A,Two O Clock,PassengerCar,EnteringTrafficLane,West,35.0,No,No,2017,HONDA,39.01651207,-77.11955273,Accord_Honda,15,2025,8,13,15,Wednesday,2025-08-13,33
205399,MCP3456000V,250034919,Montgomery_County_Police,Property Damage Crash,2025-08-06 06:44:00,County_Route,ZION RD,MONTGOMERY VILLAGE AVE,Sideswipe (Opposite Direction),Lane Violation,Cloudy,Wet,Daylight,No Control,None Detected,55418170-FBC0-4716-8B9E-04C4151A75E7,MD,FCBC15CA-5D66-40CB-B3A2-7FD1450BB381,Ten O Clock,PickupTruck,MovingConstantSpeed,Southbound,25.0,No,No,2021,FORD,39.17898682,-77.09976127,F-350_Ford,6,2025,8,6,6,Wednesday,2025-08-06,32
205400,MCP32680061,250036598,Montgomery_County_Police,Property Damage Crash,2025-08-16 14:00:00,County_Route,BROADBIRCH DR,NEW HAMPSHIRE AVE,Rear vs Side,Lane Violation,Clear,Dry,Daylight,Stop Sign,None Detected,454DFEFC-9CC9-4017-85E8-4BC0AD210E71,MA,DBC22B90-F38A-4CFD-B8F3-304FB8C9572E,Twelve O Clock,SportUtilityVehicle,MakingLeftTurn,Westbound,30.0,No,No,2009,TOYOTA,39.05574819,-76.95568517,Camry_Toyota,14,2025,8,16,14,Saturday,2025-08-16,33
205401,EJ78840079,250036221,Gaithersburg_Police_Department,Injury Crash,2025-08-14 00:47:00,Municipality_Route,LAKE FOREST BLVD,FREDERICK RD,Angle Collision,Right-of-Way Violation,Clear,Dry,Dark - Lighted,Traffic Signal,None Detected,BEE393E4-1525-4AC8-964D-58871E9F5413,MD,450EACC9-0411-444A-94AA-40A2FF04A96B,One O Clock,SportUtilityVehicle,MovingConstantSpeed,Eastbound,35.0,No,No,2014,HONDA,39.15021514,-77.20900966,Pilot_Honda,0,2025,8,14,0,Thursday,2025-08-14,33
205402,MCP3253002K,250035497,Montgomery_County_Police,Injury Crash,2025-08-09 14:00:00,County_Route,GOSHEN RD,GREEN RUN WAY ROTHBURY DR,Rear-End (Same Direction),Tailgating,Clear,Dry,Daylight,No Control,None Detected,BA552115-B67B-4F3B-AAFB-ED1744CA2FD6,MD,EA0E6C6A-9100-471F-A164-BC36EAD3398F,Six O Clock,PassengerCar,StoppedInTrafficLane,Westbound,5.0,No,No,2013,FORD,39.18524502,-77.18746458,Fusion_Ford,14,2025,8,9,14,Saturday,2025-08-09,32
205403,MCP32210048,250035506,Montgomery_County_Police,Property Damage Crash,2025-08-09 14:59:00,County_Route,GOSHEN RD,GREEN RUN WAY ROTHBURY DR,Angle Collision,Right-of-Way Violation,Clear,Dry,Daylight,Traffic Signal,None Detected,522565A5-FB7F-4C54-A0FC-06185B144343,MD,CE861C25-DCA7-46BB-865F-57D2C2EF7594,Twelve O Clock,PassengerCar,MovingConstantSpeed,Southbound,35.0,No,No,2016,TOYOTA,39.18515575,-77.18753105,Corolla_Toyota,14,2025,8,9,14,Saturday,2025-08-09,32
205404,EJ79130010,250035982,Gaithersburg_Police_Department,Property Damage Crash,2025-08-12 17:34:00,Municipality_Route,KENTLANDS BLVD,CHEVY CHASE ST,Angle Collision,Right-of-Way Violation,Clear,Dry,Daylight,Traffic Signal,None Detected,D522D1F8-4007-48A6-B114-6FAB67502562,MD,50FD3292-EE06-41ED-AD3E-1AA46888AB09,Two O Clock,PassengerCar,ChangingLanes,South,25.0,No,No,2014,TOYOTA,39.12314681,-77.23279937,Prius_Toyota,17,2025,8,12,17,Tuesday,2025-08-12,33
205405,MCP296200BF,250035483,Montgomery_County_Police,Property Damage Crash,2025-08-09 12:04:00,County_Route,MIDDLEBROOK RD (WB/L),GRANDVIEW AVE,Sideswipe (Same Direction),Lane Violation,Clear,Dry,Daylight,No Control,None Detected,B65A04C6-F91C-4A74-8CC4-CAAAD93B1800,MD,ADE489B1-40D9-4AD6-B598-B95302F8F4DC,Eleven O Clock,PassengerCar,MovingConstantSpeed,Northbound,35.0,No,No,2011,TOYOTA,39.17840485,-77.26662409,Sienna_Toyota,12,2025,8,9,12,Saturday,2025-08-09,32
205406,MCP32550075,250036165,Montgomery_County_Police,Property Damage Crash,2025-08-13 17:00:00,Ramp_Route,RAMP 8 FR IS 270 SB TO MD 124,EPSILON DR,Sideswipe (Same Direction),Lane Violation,Rain,Wet,Daylight,Traffic Signal,None Detected,6DA12CDE-6651-4732-862A-7C0CBB8B7343,MD,89B7B067-13FC-4E96-B9CB-253DE68E5518,Eleven O Clock,OtherTruck,MakingLeftTurn,Northbound,35.0,No,No,2022,HYUNDAI,39.15600928,-77.22592088,Sonata_Hyundai,17,2025,8,13,17,Wednesday,2025-08-13,33
205407,DM84720033,250034783,Takoma_Park_Police_Department,Property Damage Crash,2025-08-05 10:09:00,Municipality_Route,TULIP AVE,SPRUCE AVE,Sideswipe (Same Direction),Passing / Turning,Clear,Dry,Daylight,Stop Sign,None Detected,44E96E2E-5206-4FEB-A510-0580276AF49D,DC,BDAE1A12-6C2B-49AE-846D-0EA4554D7C5E,Four O Clock,Other,MakingRightTurn,Northbound,20.0,No,No,2025,BMW,38.97578077,-77.01096871,5 Series_BMW,10,2025,8,5,10,Tuesday,2025-08-05,32
205408,DD5666002H,250037005,Rockville_Police_Department,Injury Crash,2025-08-19 09:59:00,Municipality_Route,CRAWFORD DR,OLD COLUMBIA PIKE,Head-On,Speed Related,Rain,Wet,Daylight,Stop Sign,None Detected,77705DEA-8CC0-4C69-8064-3ABC184CE850,MD,7C87644A-6936-4AF6-8302-82993FFBB99B,Eleven O Clock,PassengerCar,StoppedInTrafficLane,Eastbound,25.0,No,No,2024,TOYOTA,39.07209586,-77.12009998,Camry_Toyota,9,2025,8,19,9,Tuesday,2025-08-19,34
205409,MCP296200BG,250035720,Montgomery_County_Police,Injury Crash,2025-08-11 10:01:00,Local_Route,SMOKEWOOD DR,RICHTER FARM RD (EB/L),Angle Collision,Right-of-Way Violation,Cloudy,Dry,Daylight,No Control,None Detected,700684E0-FBEF-4ADB-B07F-7D474D5BAFA1,MD,04BB4D67-559D-4EE5-B2F6-275E14A0EEC2,Two O Clock,PassengerCar,MovingConstantSpeed,Southbound,35.0,No,No,2019,LEXUS,39.14830317,-77.27863417,RX_Lexus,10,2025,8,11,10,Monday,2025-08-11,33
205410,MCP2921005R,250036494,Montgomery_County_Police,Property Damage Crash,2025-08-15 16:52:00,Other_Public_Roadway,HENDERSON CORNER RD (NB/L),SENECA CROSSING DR,Rear vs Side,Right-of-Way Violation,Clear,Dry,Daylight,Stop Sign,None Detected,86C9D1E5-B472-45AB-AB48-6084E62B435C,MD,85B55E68-8A5A-436A-8B90-ABC7DB346553,Ten O Clock,PassengerCar,Accelerating,Northbound,35.0,No,No,2017,HYUNDAI,39.20348613,-77.24418371,Sonata_Hyundai,16,2025,8,15,16,Friday,2025-08-15,33
205411,MCP2351006B,250036837,Montgomery_County_Police,Injury Crash,2025-08-18 08:54:00,County_Route,MONTROSE RD (WB/L),EVERETT ST,Rear-End (Same Direction),Tailgating,Cloudy,Dry,Daylight,Traffic Signal,None Detected,05DA2280-DCF4-4FE0-8EE0-03399AC1284A,VA,8314E862-ECBC-4281-8AB3-FCE61927EF37,Six O Clock,PickupTruck,SlowingOrStopping,Westbound,45.0,No,No,2024,FORD,39.0564555,-77.1674165,F-550_Ford,8,2025,8,18,8,Monday,2025-08-18,34
205412,MCP156300BT,250036113,Montgomery_County_Police,Injury Crash,2025-08-13 13:22:00,Bicycle_Route,VEIRS MILL RD,SPRUCE TREE AVE,Rear-End (Same Direction),Tailgating,Rain,Wet,Daylight,Traffic Signal,None Detected,583EB8A3-C4FB-47D3-87F5-5352C9296C9D,MD,3DFF5626-A576-421D-9927-B15E0EBEAAF9,Six O Clock,PassengerCar,StoppedInTrafficLane,Southbound,30.0,No,No,2004,HONDA,39.05345971,-77.11105277,CR-V_Honda,13,2025,8,13,13,Wednesday,2025-08-13,33
205413,MCP2763005F,250037042,Montgomery_County_Police,Property Damage Crash,2025-08-19 13:21:00,Maryland_State_Route,MONTGOMERY VILLAGE AVE,BEL PRE RD,Rear-End (Same Direction),Tailgating,Clear,Dry,Daylight,No Control,None Detected,6CA5D842-D633-4788-A5AA-EB49FFC73694,MD,1EF56159-23DA-4D8A-83C7-B8FD738F8F5A,Six O Clock,PassengerCar,SlowingOrStopping,Northbound,35.0,No,No,2009,TOYOTA,39.15849672,-77.20366031,Camry_Toyota,13,2025,8,19,13,Tuesday,2025-08-19,34
205415,MCP20470066,250036626,Montgomery_County_Police,Injury Crash,2025-08-16 16:26:00,County_Route,SHADY GROVE RD (SB/L),SNOWDEN FARM PKW (WB/L)Y,Rear-End (Same Direction),Speed Related,Clear,Dry,Daylight,No Control,None Detected,03743943-FB01-44FB-A4F9-838939B0C0A0,MD,8C27D170-7A65-4D96-BE75-57C370B13C58,Six O Clock,SportUtilityVehicle,MovingConstantSpeed,Northbound,45.0,No,No,2024,VOLKSWAGEN,39.13370146,-77.15848708,Atlas Cross Sport_Volkswagen,16,2025,8,16,16,Saturday,2025-08-16,33
205416,MCP272600DX,240036275,Montgomery_County_Police,Property Damage Crash,2025-08-14 12:48:00,County_Route,SHADY GROVE RD,ROCKVILLE PIKE,Sideswipe (Same Direction),Lane Violation,Clear,Dry,Daylight,No Control,None Detected,A3DEBC3F-E9D5-44CD-9AFA-8AE05A7EE90B,MD,4B322A49-7AC4-452F-9BA8-21BC53E0E3E3,Eight O Clock,PassengerCar,MovingConstantSpeed,Eastbound,40.0,No,No,2022,NISSAN,39.12886333,-77.16683,Sentra_Nissan,12,2025,8,14,12,Thursday,2025-08-14,33
205417,MCP296200BF,250035483,Montgomery_County_Police,Property Damage Crash,2025-08-09 12:04:00,County_Route,MIDDLEBROOK RD (WB/L),INDUSTRIAL PKWY,Sideswipe (Same Direction),Passing / Turning,Clear,Dry,Daylight,No Control,None Detected,EF591E7F-093E-490E-B9FF-F7FBB3E16D1E,US,83652F6A-170F-44F2-917F-77A8018706C9,One O Clock,PassengerCar,ChangingLanes,Northbound,35.0,No,No,2016,FORD,39.17840485,-77.26662409,Taurus_Ford,12,2025,8,9,12,Saturday,2025-08-09,32
205418,MCP2717010L,250035161,Montgomery_County_Police,Fatal Crash,2025-08-07 14:11:00,County_Route,KARA LA,E RANDOLPH RD,Single Vehicle,Right-of-Way Violation,Clear,Dry,Daylight,Stop Sign,None Detected,73686432-B060-4DDB-9D4C-9FE210586DF3,MD,D87AFD06-23A7-4858-B743-0AC829A9AB39,Twelve O Clock,SportUtilityVehicle,Accelerating,South,25.0,No,No,2024,MINI,39.07554986,-77.00037267,Countryman_Mini,14,2025,8,7,14,Thursday,2025-08-07,32
205419,MCP3411002S,250036650,Montgomery_County_Police,Property Damage Crash,2025-08-16 17:11:00,Maryland_State_Route,WISCONSIN AVE (SB/L),EDGEMOOR LA,Sideswipe (Same Direction),Lane Violation,Clear,Dry,Daylight,Traffic Signal,None Detected,CB76F60C-43EA-485A-A242-E702995D441E,MD,F3861E29-C108-4E52-8118-D7D13F6D5EC4,VehicleNotAtScene,PassengerCar,StoppedInTrafficLane,Southbound,35.0,No,No,2013,TOYOTA,38.97755116,-77.09097317,Camry_Toyota,17,2025,8,16,17,Saturday,2025-08-16,33
205420,MCP31380082,250036861,Montgomery_County_Police,Injury Crash,2025-08-18 11:00:00,Maryland_State_Route,GEORGIA AVE,HENDERSON AVE,Rear-End (Same Direction),Right-of-Way Violation,Cloudy,Dry,Daylight,No Control,None Detected,7C27E96B-571A-44A5-8FA0-BDB3B181E963,MD,7504D37C-483D-4EB3-9532-A4DDDD5DFD30,Six O Clock,PickupTruck,MakingLeftTurn,Northbound,35.0,No,No,2021,TOYOTA,39.0506265,-77.05151983,Tacoma_Toyota,11,2025,8,18,11,Monday,2025-08-18,34
205421,DD561500JS,250036304,Rockville_Police_Department,Property Damage Crash,2025-08-14 15:00:00,Municipality_Route,ROLLINS AVE,WHELAN LA,Other,Right-of-Way Violation,Clear,Dry,Daylight,No Control,None Detected,A5F252C3-72E1-4B6E-B62C-B9274F737004,MD,EC7187B9-4DE4-44A6-9F23-8FA6E5F987AB,Nine O Clock,PassengerCar,MakingLeftTurn,Westbound,25.0,No,No,2024,HONDA,39.05873707,-77.12308024,Civic_Honda,15,2025,8,14,15,Thursday,2025-08-14,33
205422,MCP3376002H,250035803,Montgomery_County_Police,Property Damage Crash,2025-08-11 18:03:00,Maryland_State_Route,VEIRS MILL RD (WB/L),HAWKES RD,Rear-End (Same Direction),Tailgating,Clear,Dry,Daylight,Traffic Signal,None Detected,7D4B4C3C-0D8D-41AB-9991-0D1CD6018D7B,MD,E2FD9EBF-A35C-42B7-AC67-4C3C1D90D318,Twelve O Clock,Van - Passenger (&lt;9 Seats),MovingConstantSpeed,Westbound,35.0,No,No,2025,HONDA,39.04511057,-77.06494384,Odyssey_Honda,18,2025,8,11,18,Monday,2025-08-11,33
205423,HA22280007,25001732,Takoma_Park_Police_Department,Property Damage Crash,2025-08-14 04:22:00,Government_Route,BEACH DR,PINEY BRANCH RD,Single Vehicle,Road Obstruction,Cloudy,Dry,Dark - Not Lighted,No Control,None Detected,282E1912-F4F7-4C61-ABC5-13A0FCA8AFF6,VA,7C8B073C-1200-4EFA-933A-ED4620A881A1,One O Clock,PassengerCar,MovingConstantSpeed,South,25.0,No,No,2013,VOLKSWAGEN,39.03414116,-77.08404364,Passat_Volkswagen,4,2025,8,14,4,Thursday,2025-08-14,33
205424,MCP33620062,250036583,Montgomery_County_Police,Injury Crash,2025-08-16 12:03:00,Spur_Route,LAKE FOREST BLVD,LEAMAN FARM RD,Single Vehicle,Right-of-Way Violation,Clear,Dry,Daylight,No Control,None Detected,457FC7F2-D5F9-49C5-AB49-0578D8C19732,MD,DCE0E064-E794-4D76-93D3-AE081738E95A,VehicleNotAtScene,PassengerCar,MakingRightTurn,Not On Roadway,2.5,No,No,2008,CHEVROLET,39.01901441,-77.01364108,Silverado_Chevrolet,12,2025,8,16,12,Saturday,2025-08-16,33
205425,MCP2987009S,250036613,Montgomery_County_Police,Property Damage Crash,2025-08-16 15:30:00,Private_Route,CAPITOL VIEW AVE,MT PISGAH RD OAKVIEW DR,Angle Collision,Right-of-Way Violation,Clear,Dry,Daylight,Stop Sign,None Detected,9D523E51-A5C5-470D-A033-DA526B4688E4,MD,974581A9-E7BE-40E6-A0F6-683FD7E4A8DB,Twelve O Clock,PassengerCar,Accelerating,Southbound,15.0,No,No,2017,TOYOTA,39.0152198,-76.97688101,Corolla_Toyota,15,2025,8,16,15,Saturday,2025-08-16,33
205426,MCP3382002N,250035466,Montgomery_County_Police,Property Damage Crash,2025-08-09 10:37:00,County_Route,ROBINDALE DR,VEIRS MILL RD (WB/L),Head-On,Road Obstruction,Clear,Dry,Daylight,No Control,None Detected,F846C102-3292-4D2C-BA4E-9DFAD5DCBFB5,MD,C34C9C27-9629-4EDA-992F-46F24E991B07,Twelve O Clock,PassengerCar,MakingRightTurn,West,40.0,No,No,2017,FORD,39.06316705,-77.09469147,Explorer_Ford,10,2025,8,9,10,Saturday,2025-08-09,32
205428,DD56760011,250036667,Rockville_Police_Department,Property Damage Crash,2025-08-16 23:10:00,Maryland_State_Route,E JEFFERSON ST,MARYLAND AVE,Angle Collision,Right-of-Way Violation,Clear,Dry,Dark - Lighted,Traffic Signal,None Detected,E7234577-8F1C-4E08-B740-39EFA3FFC2AC,PA,C6A7C3EC-55EB-4A42-A167-A87A1B9AF9B0,Two O Clock,PassengerCar,MakingLeftTurn,Westbound,35.0,No,No,2021,TOYOTA,39.08270917,-77.15113125,Sienna_Toyota,23,2025,8,16,23,Saturday,2025-08-16,33
205429,DM85240015,250036820,Takoma_Park_Police_Department,Property Damage Crash,2025-08-18 04:41:00,Municipality_Route,ERSKINE ST,NEW HAMPSHIRE AVE,Sideswipe (Same Direction),Road Obstruction,Clear,Dry,Dark - Lighted,Warning Sign,None Detected,701A6ED2-A97B-4F4A-8F02-A2BB32485D75,MD,C9558726-F478-49D4-95FF-8DC9AD9A941E,VehicleNotAtScene,SportUtilityVehicle,MovingConstantSpeed,East,25.0,No,No,2004,TOYOTA,38.9814855,-76.98887927,Camry_Toyota,4,2025,8,18,4,Monday,2025-08-18,34
205430,MCP3429000W,250035502,Montgomery_County_Police,Property Damage Crash,2025-08-09 14:45:00,Maryland_State_Route,VEIRS MILL RD,LAMBERTON DR,Rear-End (Same Direction),Driver Inattention,Clear,Dry,Daylight,Traffic Signal,None Detected,E2AB7B9B-72A4-4478-99B0-19A5AEAC0DB7,DE,087D4C80-5B0B-4E7B-B4CF-2F75147F43F8,Six O Clock,PassengerCar,SlowingOrStopping,Southbound,40.0,No,No,2015,TOYOTA,39.05618367,-77.08288317,Sienna_Toyota,14,2025,8,9,14,Saturday,2025-08-09,32
205431,MCP2776005C,250036576,Montgomery_County_Police,Injury Crash,2025-08-16 10:53:00,Maryland_State_Route,GEORGIA AVE,ARLISS ST,Rear-End (Same Direction),Congestion / Backup,Clear,Dry,Daylight,Traffic Signal,None Detected,6AF3942C-EFD8-4EFE-9BEE-F1CE494E3866,MD,E0171AD6-6859-4ADB-980C-DA51006E0065,Six O Clock,SportUtilityVehicle,StoppedInTrafficLane,Northbound,45.0,No,No,2017,JEEP,39.1296265,-77.07100317,Grand Cherokee_Jeep,10,2025,8,16,10,Saturday,2025-08-16,33
205432,MCP27080099,250035227,Montgomery_County_Police,Property Damage Crash,2025-08-07 18:39:00,Maryland_State_Route,PINEY BRANCH RD (SB/L),EXCALIBER LA,Sideswipe (Same Direction),Right-of-Way Violation,Clear,Dry,Daylight,No Control,None Detected,D2D9527E-6CB2-4AA7-995B-37E950280A8A,MD,FCB9CF2D-5745-4510-A448-66F6E8196C8C,Ten O Clock,PassengerCar,ChangingLanes,Southbound,35.0,No,No,2019,TOYOTA,38.99940092,-76.99668762,Camry_Toyota,18,2025,8,7,18,Thursday,2025-08-07,32
205433,HA2485001J,25001718,Takoma_Park_Police_Department,Property Damage Crash,2025-08-12 13:00:00,Municipality_Route,BOSTON AVE,"ENT TO MD STATE POLICE BARRACKS ""N""",Back-to-Back,Backing Error,Clear,Dry,Daylight,No Control,None Detected,2CE25609-DC8F-47E8-AC95-AF9A7541FF12,MD,50C409F8-7953-40E9-8449-972EA22F2FED,Six O Clock,PassengerCar,Backing,Northbound,25.0,No,No,2016,FORD,38.9869062,-77.01981406,Escape_Ford,13,2025,8,12,13,Tuesday,2025-08-12,33
205434,DM8505002Q,250037168,Takoma_Park_Police_Department,Property Damage Crash,2025-08-20 08:44:00,Municipality_Route,GLENSIDE DR,NEW HAMPSHIRE AVE SERV RD,Single Vehicle,Driver Inattention,Cloudy,Dry,Daylight,Traffic Signal,None Detected,293F84DD-E66F-401A-A3F4-6EDE5FBF3258,MD,E07EF6B6-12FC-4938-8281-722F1E68677B,VehicleNotAtScene,PassengerCar,Accelerating,Unknown,35.0,No,No,2018,BMW,38.98170721,-76.98918373,3 Series_BMW,8,2025,8,20,8,Wednesday,2025-08-20,34
205435,MCP3334003F,250036742,Montgomery_County_Police,Property Damage Crash,2025-08-17 15:10:00,US_State_Route,GEORGIA AVE (SB/L),MILLER FALL RD,Sideswipe (Same Direction),Lane Violation,Clear,Dry,Daylight,Traffic Signal,None Detected,2DA98CD6-2FB0-49A8-B30E-57A59FA2B786,MD,5EA2DE33-A3C7-483D-BB41-43C2DC61B75D,Six O Clock,SportUtilityVehicle,MovingConstantSpeed,Northbound,30.0,No,No,2022,LEXUS,38.98805463,-77.02673173,GX_Lexus,15,2025,8,17,15,Sunday,2025-08-17,33