Unnamed: 0,Report Number,Local Case Number,Agency Name,ACRS Report Type,Crash Date/Time,Route Type,Road Name,Cross-Street Name,Collision Type,Circumstance_Category,Weather,Surface Condition,Light,Traffic Control,Driver Substance Abuse,Person ID,Drivers License State,Vehicle ID,Vehicle First Impact Location,Vehicle Body Type,Vehicle Movement,Vehicle Going Dir,Speed Limit,Driverless Vehicle,Parked Vehicle,Vehicle Year,Vehicle Make,Latitude,Longitude,Vehicle Model,hour,Crash_year,Crash_month,Crash_day,Crash_hour,Crash_day_name,Crash_date,Crash_week
205436,MCP2921005R,250036494,Montgomery_County_Police,Property Damage Crash,2025-08-15 16:52:00,Other_Public_Roadway,HENDERSON CORNER RD (NB/L),SENECA CROSSING DR,Rear vs Side,Right-of-Way Violation,Clear,Dry,Daylight,Stop Sign,None Detected,4E54E03E-53BD-4D65-A760-629F184BA6A9,MD,BE4B047D-03D5-45F9-AC70-23FB0DD15EBD,Twelve O Clock,PassengerCar,Accelerating,Eastbound,35.0,No,No,2025,SUBARU,39.20348613,-77.24418371,Outback_Subaru,16,2025,8,15,16,Friday,2025-08-15,33
205437,MCP2864005C,250036079,Montgomery_County_Police,Property Damage Crash,2025-08-13 10:33:00,County_Route,WAVERLY ST,TRAVILLE  GATEWAY DR,Angle Collision,Driver Inattention,Clear,Dry,Daylight,No Control,None Detected,8E0E552C-E1C1-4CF1-8151-847FB7405092,FL,6AF8F9F0-8E9E-4AD7-AEFC-A684DAD11264,Ten O Clock,PassengerCar,StoppedInTrafficLane,Northbound,25.0,No,No,2025,JEEP,38.98334467,-77.09217033,Compass_Jeep,10,2025,8,13,10,Wednesday,2025-08-13,33
205438,MCP3257008T,250035246,Montgomery_County_Police,Property Damage Crash,2025-08-07 21:30:00,Local_Route,NO NAME,RUSSELL AVE,Single Vehicle,Passing / Turning,Clear,Dry,Dark - Unknown Lighting,No Control,None Detected,A7A74210-1797-4778-BF74-A6483212C784,MD,E5110E99-2161-45DC-92D7-EC0CEEF019BD,One O Clock,OtherTruck,MakingRightTurn,Southbound,10.0,No,No,2015,FORD,39.03507788,-77.07028948,F-150_Ford,21,2025,8,7,21,Thursday,2025-08-07,32
205439,MCP285900JL,250036864,Montgomery_County_Police,Property Damage Crash,2025-08-18 11:00:00,Interstate_Route,IS 270 LOCAL LANES (NB),SOUTHLAWN LA,Sideswipe (Same Direction),Lane Violation,Cloudy,Dry,Daylight,No Control,None Detected,B4E18182-21BF-43BC-A3CC-3562FF35ACCA,AL,2BD83B51-E81B-43E4-A4AA-0BECB4EC4EF5,Seven O Clock,PassengerCar,ChangingLanes,Northbound,55.0,No,No,2025,HYUNDAI,39.07592288,-77.16657074,Sonata_Hyundai,11,2025,8,18,11,Monday,2025-08-18,34
205440,MCP3085006C,250036764,Montgomery_County_Police,Property Damage Crash,2025-08-17 17:27:00,Maryland_State_Route,ROCKVILLE PIKE (SB/L),WOODMONT AVE,Rear-End (Same Direction),Tailgating,Clear,Dry,Daylight,Traffic Signal,None Detected,0318BF95-9A6A-4841-87A9-5C59B58BA4E4,MD,FEA2E98A-2E9F-437B-9218-DFA8720D178F,Twelve O Clock,PassengerCar,SlowingOrStopping,Southbound,40.0,No,No,2013,FORD,39.05135201,-77.11558185,Explorer_Ford,17,2025,8,17,17,Sunday,2025-08-17,33
205441,MCP34040024,250036055,Montgomery_County_Police,Injury Crash,2025-08-13 08:23:00,US_State_Route,COLESVILLE RD (SB/L),FREDERICK RD,Rear-End (Same Direction),Tailgating,Clear,Dry,Daylight,No Control,None Detected,51FB4A46-9E59-429A-ABDF-AB3A402802E2,MD,95A3B6F2-874E-4FBB-8E73-4F036062D8CF,Twelve O Clock,PassengerCar,SlowingOrStopping,Southbound,40.0,No,No,2006,FORD,39.02868146,-77.00851109,E-Series_Ford,8,2025,8,13,8,Wednesday,2025-08-13,33
205442,DD561500JS,250036304,Rockville_Police_Department,Property Damage Crash,2025-08-14 15:00:00,Municipality_Route,ROLLINS AVE,RAMP 7 FR RAMP 2 (FR IS495) TO MD 187 SB,Other,Right-of-Way Violation,Clear,Dry,Daylight,No Control,None Detected,D2B7649F-60D4-4C36-8F03-8B36FCEEE430,MD,DB9D45FA-0535-445C-9811-DDC43308294F,Eleven O Clock,PassengerCar,MakingLeftTurn,Northbound,25.0,No,No,2019,TOYOTA,39.05873707,-77.12308024,Camry_Toyota,15,2025,8,14,15,Thursday,2025-08-14,33
205443,MCP296200BG,250035720,Montgomery_County_Police,Injury Crash,2025-08-11 10:01:00,Local_Route,SMOKEWOOD DR,RICHTER FARM RD (EB/L),Angle Collision,Right-of-Way Violation,Cloudy,Dry,Daylight,Stop Sign,None Detected,72CA3BAD-A568-4283-829A-1727DA6122F9,MD,E690B8D8-5295-406C-A388-EF8532022327,Twelve O Clock,PassengerCar,Accelerating,Eastbound,35.0,No,No,2019,HONDA,39.14830317,-77.27863417,Accord_Honda,10,2025,8,11,10,Monday,2025-08-11,33
205445,MCP2059008Y,250036485,Montgomery_County_Police,Property Damage Crash,2025-08-15 15:50:00,Maryland_State_Route,NORBECK RD,VEIRS MILL RD,Single Vehicle,Driver Inattention,Clear,Dry,Daylight,No Control,None Detected,B7EF9C25-EC93-4681-9143-1CE01A80F410,MD,D1EC8AC2-B670-44DA-9490-954CA68BD68E,Twelve O Clock,SportUtilityVehicle,Accelerating,Southbound,2.5,No,No,2017,FORD,39.04540733,-77.1133295,Explorer_Ford,15,2025,8,15,15,Friday,2025-08-15,33
205446,MCP22700056,250035310,Montgomery_County_Police,Property Damage Crash,2025-08-08 11:15:00,County_Route,DEMOCRACY BLVD (EB/L),RAMP 1 FR RP 4 EB TO DEMOCRACY BLVD,Angle Collision,Road Obstruction,Clear,Dry,Daylight,Traffic Signal,None Detected,DA45011F-E072-43A5-BF28-38D8E7EC8BA7,MD,A4C22AE5-49AD-43BC-A62B-04FE5CDF2D48,Four O Clock,PassengerCar,MovingConstantSpeed,South,35.0,No,No,2009,VOLKSWAGEN,39.02140391,-77.1411426,Jetta_Volkswagen,11,2025,8,8,11,Friday,2025-08-08,32
205447,MCP31380081,250036715,Montgomery_County_Police,Property Damage Crash,2025-08-17 10:38:00,Other_Public_Roadway,GLENALLAN AVE,KEMP MILL RD,Single Vehicle,Lane Violation,Clear,Dry,Daylight,No Control,None Detected,91A1F39D-2F5E-4BAF-B209-A231DBD61615,MD,8D6BA949-417E-4235-BD08-6544C7BB10FE,Twelve O Clock,PickupTruck,Accelerating,Eastbound,35.0,No,No,2003,FORD,39.06220939,-77.02681381,Ranger_Ford,10,2025,8,17,10,Sunday,2025-08-17,33
205448,MCP25350033,250035685,Montgomery_County_Police,Property Damage Crash,2025-08-11 00:10:00,County_Route,RANDOLPH RD (WB/L),GLENALLAN AVE,Angle Collision,Traffic Control Violation,Clear,Dry,Dark - Lighted,Traffic Signal,None Detected,E8509710-E7EE-40D0-9DC4-FACECB686DAD,MD,8193B835-1380-45FD-A04B-1BB0814E6117,Twelve O Clock,SportUtilityVehicle,MovingConstantSpeed,Westbound,30.0,No,No,2019,MERCEDES-BENZ,39.060615,-77.0450162,GLC_Mercedes-Benz,0,2025,8,11,0,Monday,2025-08-11,33
205449,MCP33860039,250036785,Montgomery_County_Police,Property Damage Crash,2025-08-17 12:00:00,County_Route,ELM ST,SHERWOOD FOREST DR,Sideswipe (Same Direction),Lane Violation,Clear,Dry,Daylight,No Control,None Detected,9DAC81EB-5FF2-46E2-BA70-E7DDC7E08D44,MD,2CDD08AD-F8D9-409C-8383-AC18B3128D39,VehicleNotAtScene,PassengerCar,MovingConstantSpeed,Westbound,25.0,No,No,2015,MAZDA,38.98207929,-77.09828986,Mazda3_Mazda,12,2025,8,17,12,Sunday,2025-08-17,33
205450,MCP22390033,250036589,Montgomery_County_Police,Property Damage Crash,2025-08-16 13:00:00,Bicycle_Route,MUDDY BRANCH RD,SEBASTIANI BLVD,Head-On,Lane Violation,Clear,Dry,Daylight,No Control,None Detected,38D89ABF-0D2F-45E8-8EF2-9C307FEFDC07,MD,E162DA88-B86E-4C1C-91E1-E073AD4FB6D4,Twelve O Clock,SportUtilityVehicle,SlowingOrStopping,Northbound,25.0,No,No,2018,FORD,39.07632109,-77.22190753,Explorer_Ford,13,2025,8,16,13,Saturday,2025-08-16,33
205452,MCP3445000S,250036731,Montgomery_County_Police,Property Damage Crash,2025-08-17 13:01:00,County_Route,WOODGLEN DR (NB/L),NEEDWOOD RD,Sideswipe (Same Direction),Lane Violation,Clear,Dry,Daylight,No Control,None Detected,C93448FF-2473-4C6B-BC26-86C9BCDF10CA,MD,CDED49B2-EC3D-4DFE-B040-2A02EA8C6B51,Four O Clock,PassengerCar,SlowingOrStopping,Southbound,30.0,No,No,2016,TOYOTA,39.04393762,-77.11344202,Camry_Toyota,13,2025,8,17,13,Sunday,2025-08-17,33
205453,MCP33870035,250036843,Montgomery_County_Police,Injury Crash,2025-08-18 09:20:00,County_Route,BRUNETT AVE,UNIVERSITY BLVD W,Rear-End (Same Direction),Congestion / Backup,Cloudy,Dry,Daylight,Pedestrian Crossing,None Detected,DE1EFF30-BA62-4DD3-9D76-5F7948E2507C,MD,361D60C4-8C98-4093-A5B4-1434396E179C,Six O Clock,PassengerCar,StoppedInTrafficLane,Eastbound,35.0,No,No,2018,KIA,39.0230177,-77.01684881,Sorento_Kia,9,2025,8,18,9,Monday,2025-08-18,34
205454,MCP29890036,250035544,Montgomery_County_Police,Fatal Crash,2025-08-09 18:17:00,Maryland_State_Route,SPENCERVILLE RD,LAYHILL RD,Other,Lane Violation,Clear,Dry,Daylight,No Control,None Detected,27C1FC02-CFE7-4F57-BC7B-990A94C91C1F,MD,0B47F713-166E-43E8-B043-0677EB9673ED,One O Clock,PassengerCar,MovingConstantSpeed,Southbound,30.0,No,No,2013,BMW,39.21918667,-77.0574645,3 Series_BMW,18,2025,8,9,18,Saturday,2025-08-09,32
205455,MCP3170004B,250036325,Montgomery_County_Police,Property Damage Crash,2025-08-14 16:41:00,Maryland_State_Route,NEW HAMPSHIRE AVE,KINGSVIEW RD,Rear-End (Same Direction),Tailgating,Rain,Wet,Daylight,Traffic Signal,None Detected,F6896980-717E-4340-89F9-FB739278E644,MD,B79E97BF-3CE3-4BBC-91FC-025DF9D4D18E,Six O Clock,PassengerCar,SlowingOrStopping,Westbound,30.0,No,No,2007,TOYOTA,39.16479294,-77.28720706,Corolla_Toyota,16,2025,8,14,16,Thursday,2025-08-14,33
205456,MCP289100FJ,250036986,Montgomery_County_Police,Property Damage Crash,2025-08-19 06:18:00,County_Route,DEVON RD,DALE DR PINEY BRANCH RD THAYER PL,Angle Collision,Right-of-Way Violation,Clear,Wet,Daylight,Traffic Signal,None Detected,B0F94044-A60E-43B8-8C8F-ABA1E0D505C7,MD,8B120090-5F7A-4C83-91BF-3332F13A90FD,Eleven O Clock,PassengerCar,MakingRightTurn,Southbound,30.0,No,No,2020,LEXUS,38.99372426,-77.00903083,ES_Lexus,6,2025,8,19,6,Tuesday,2025-08-19,34
205457,MCP20470066,250036626,Montgomery_County_Police,Injury Crash,2025-08-16 16:26:00,County_Route,SHADY GROVE RD (SB/L),NEW HAMPSHIRE AVE,Rear-End (Same Direction),Tailgating,Clear,Dry,Daylight,No Control,None Detected,B5F34515-E74D-4BF3-9627-8F244B096DBF,MD,7E87275C-099E-4472-884A-DE2AD1570722,Twelve O Clock,PassengerCar,MovingConstantSpeed,Northbound,45.0,No,No,2024,MERCEDES-BENZ,39.13370146,-77.15848708,E-Class_Mercedes-Benz,16,2025,8,16,16,Saturday,2025-08-16,33
205458,MCP3090008Y,250036298,Montgomery_County_Police,Property Damage Crash,2025-08-14 14:36:00,County_Route,EAST WEST HWY,JUDSON RD,Single Vehicle,Speed Related,Rain,Wet,Daylight,No Control,None Detected,79843849-CB97-4D7D-8420-B0CBFAFC9D90,MD,F4A97105-AB07-4B86-8DE1-B5495BD4003F,Twelve O Clock,SportUtilityVehicle,SlowingOrStopping,Northbound,35.0,No,No,2000,NISSAN,39.18705542,-77.1854599,Altima_Nissan,14,2025,8,14,14,Thursday,2025-08-14,33
205459,MCP34020042,250034254,Montgomery_County_Police,Injury Crash,2025-08-01 12:30:00,County_Route,SERPENTINE WAY,CONNECTICUT AVE,Single Vehicle,Lane Violation,Clear,Dry,Daylight,No Control,None Detected,16C30D9C-AFAA-493A-A9F5-3615EFA67840,MD,6D53DAAD-BD4E-4E5D-9D8A-8AFA67F1D4DC,Eight O Clock,PassengerCar,MovingConstantSpeed,Northbound,25.0,No,No,2018,CHEVROLET,39.06742567,-76.96954062,Equinox_Chevrolet,12,2025,8,1,12,Friday,2025-08-01,31
205460,MCP33870034,250035971,Montgomery_County_Police,Property Damage Crash,2025-08-12 13:30:00,Interstate_Route,CAPITAL BELTWAY,SCHINDLER DR,Other,Right-of-Way Violation,Clear,Dry,Daylight,No Control,None Detected,377DFBAA-FD2B-40FD-B952-5120998A2B4F,DC,1D14AC4D-D7F5-4ECE-8059-AD26F9F91BDD,RoofTop,PassengerCar,EnteringTrafficLane,Eastbound,55.0,No,No,2005,TOYOTA,39.01619106,-77.01282391,Camry_Toyota,13,2025,8,12,13,Tuesday,2025-08-12,33
205461,EJ7905003K,250036359,Gaithersburg_Police_Department,Property Damage Crash,2025-08-14 19:14:00,County_Route,MUDDY BRANCH RD,GEORGIA AVE,Rear-End (Same Direction),Tailgating,Clear,Dry,Daylight,No Control,None Detected,D8C20FA1-1943-41F0-9B91-233AAE0E7DB6,MD,E7C92F04-5954-4768-B900-287ECF1BA9C8,Six O Clock,PassengerCar,SlowingOrStopping,Northbound,45.0,No,No,2001,NISSAN,39.13982479,-77.20501052,Altima_Nissan,19,2025,8,14,19,Thursday,2025-08-14,33
205462,MCP33470031,250034358,Montgomery_County_Police,Property Damage Crash,2025-08-02 00:23:00,County_Route,TOWNE RD,MONTROSE PKWY,Angle Collision,Traffic Control Violation,Clear,Dry,Dark - Lighted,Traffic Signal,None Detected,33001D5E-524E-405A-AC06-1047D5709622,MD,8C3EDDF8-E4F5-44D1-8B38-E14FE9E2A927,Twelve O Clock,PassengerCar,MovingConstantSpeed,Southbound,35.0,No,No,2009,LEXUS,39.05182144,-77.11860102,ES_Lexus,0,2025,8,2,0,Saturday,2025-08-02,31
205463,MCP3238003L,250036045,Montgomery_County_Police,Property Damage Crash,2025-08-13 06:28:00,County_Route,CONNECTICUT AVE,FALLSMEAD WAY,Head-On,Driver Inattention,Clear,Wet,Daylight,No Control,Suspect Alcohol Only,33907910-FD7D-49A4-86EE-B9014E431E9F,MD,324C583D-DD55-470F-91F5-A905E9FA6D55,Twelve O Clock,PassengerCar,MovingConstantSpeed,Westbound,2.5,No,No,2007,TOYOTA,39.01585252,-77.04112887,Camry_Toyota,6,2025,8,13,6,Wednesday,2025-08-13,33
205464,HA25600003,25001734,Takoma_Park_Police_Department,Property Damage Crash,2025-08-14 09:17:00,Bicycle_Route,BOWIE MILL RD,WELBECK WAY,Single Vehicle,Lane Violation,Clear,Dry,Daylight,No Control,None Detected,95EDC987-97BC-4D26-B58A-07FFE7AA0711,XX,914CC604-2615-4A46-A0D2-A1ED942F1673,One O Clock,PassengerCar,MovingConstantSpeed,Northbound,25.0,No,No,2007,MERCEDES-BENZ,39.02006481,-77.09822024,C-Class_Mercedes-Benz,9,2025,8,14,9,Thursday,2025-08-14,33
205465,MCP3402003Z,250034402,Montgomery_County_Police,Injury Crash,2025-08-02 11:32:00,US_State_Route,COLUMBIA PIKE,GLENDALE RD,Sideswipe (Same Direction),Passing / Turning,Clear,Dry,Daylight,No Control,None Detected,22704144-33BF-4F8D-960F-A8300C913A58,MD,DA3610F9-BC39-45D3-9A0D-99B04994DFCE,Eight O Clock,PassengerCar,ChangingLanes,Northbound,50.0,No,No,2013,ACURA,39.06740449,-76.95945668,TL_Acura,11,2025,8,2,11,Saturday,2025-08-02,31
205466,MCP2420006B,250036421,Montgomery_County_Police,Injury Crash,2025-08-15 09:40:00,County_Route,BONIFANT RD,LAYHILL RD,Angle Collision,Road Obstruction,Clear,Dry,Daylight,Other Signal,None Detected,3370C0FC-B727-4A44-9BA9-04ED3986069E,MD,0E3EEDD9-3BA6-414F-AE9F-E6B262260FB4,Twelve O Clock,OtherTruck,MovingConstantSpeed,South,40.0,No,No,2003,CHEVROLET,39.09069433,-77.04459967,Silverado_Chevrolet,9,2025,8,15,9,Friday,2025-08-15,33
205467,MCP3039007W,250035966,Montgomery_County_Police,Property Damage Crash,2025-08-12 16:08:00,Maryland_State_Route,16TH ST,CARROLL AVE,Rear-End (Same Direction),Tailgating,Clear,Dry,Daylight,No Control,None Detected,832BB34E-0947-4230-AF68-51E1A47AFBA9,MD,66D03026-745D-4A70-BA4C-A27AAC3EF09C,Two O Clock,Van - Passenger (&lt;9 Seats),MovingConstantSpeed,Northbound,35.0,No,No,2007,CHEVROLET,38.99263503,-77.03620486,Express_Chevrolet,16,2025,8,12,16,Tuesday,2025-08-12,33
205468,MCP3067003C,250036446,Montgomery_County_Police,Injury Crash,2025-08-15 12:15:00,County_Route,APPLE RIDGE RD,MONTGOMERY VILLAGE AVE (SB/L),Angle Collision,Traffic Control Violation,Clear,Dry,Daylight,Traffic Signal,None Detected,DE384592-3099-4375-8AEA-58ACB1524E06,MD,275424FA-FB18-4E10-95D8-1500313EAD09,Two O Clock,PassengerCar,MovingConstantSpeed,Southbound,35.0,No,No,2013,ACURA,39.18681013,-77.19845402,TL_Acura,12,2025,8,15,12,Friday,2025-08-15,33
205469,MCP3271005P,250036748,Montgomery_County_Police,Injury Crash,2025-08-17 15:50:00,County_Route,LEXINGTON ST,UNIVERSITY BLVD W,Angle Collision,Traffic Control Violation,Clear,Dry,Daylight,Traffic Signal,None Detected,885C2D12-5A98-46C9-95AC-F150161FD34D,MD,B50A3FBE-2E07-43C0-938F-C30EB8A57E69,Twelve O Clock,SportUtilityVehicle,MovingConstantSpeed,Eastbound,35.0,No,No,2017,BUICK,39.03367413,-77.07247893,Enclave_Buick,15,2025,8,17,15,Sunday,2025-08-17,33
205470,EJ79150005,250034843,Gaithersburg_Police_Department,Injury Crash,2025-08-05 15:46:00,Crossover,REDLAND RD,FESTIVAL SC ENT MUDDY BRANCH RD,Angle Collision,Traffic Control Violation,Cloudy,Dry,Daylight,Traffic Signal,None Detected,93E12FE7-334B-44D1-9279-91515E679220,MD,8B0BDA95-1C42-4519-8EC9-F0BD4AD0DFC1,Ten O Clock,SportUtilityVehicle,MovingConstantSpeed,Northbound,45.0,No,No,2022,HONDA,39.12918254,-77.20782117,CR-V_Honda,15,2025,8,5,15,Tuesday,2025-08-05,32
205471,DM8505002P,250035968,Takoma_Park_Police_Department,Property Damage Crash,2025-08-12 16:52:00,Municipality_Route,ASPEN AVE,NEW HAMPSHIRE AVE,Single Vehicle,Driver Inattention,Clear,Dry,Daylight,No Control,None Detected,9A042D85-49DD-4616-AD8A-0D7F8BE16CD3,MD,25AE6580-A509-49C5-B439-B50E2DDAF4D9,Six O Clock,PassengerCar,Backing,Southbound,20.0,No,No,2015,FORD,38.98112717,-76.9983365,Focus_Ford,16,2025,8,12,16,Tuesday,2025-08-12,33
205472,MCP2420006B,250036421,Montgomery_County_Police,Injury Crash,2025-08-15 09:40:00,County_Route,BONIFANT RD,LAYHILL RD,Angle Collision,Road Obstruction,Clear,Dry,Daylight,Other Signal,None Detected,95D9E92A-DAB7-424D-BBA5-4708921FAB3C,MD,C80D499F-7A99-44B3-A7AD-15CADC5FF940,Three O Clock,PassengerCar,MakingLeftTurn,West,40.0,No,No,2001,SUBARU,39.09069433,-77.04459967,Forester_Subaru,9,2025,8,15,9,Friday,2025-08-15,33
205473,MCP34360018,250036187,Montgomery_County_Police,Property Damage Crash,2025-08-13 18:45:00,US_State_Route,COLUMBIA PIKE (SB/L),BROOKFIELD DR,Rear-End (Same Direction),Tailgating,Rain,Wet,Daylight,No Control,None Detected,CE9865D4-9910-4EB1-8FBE-D7AF5FE1F637,MD,6E18550A-EA61-4FBB-8C2B-C05E366C5CA7,Twelve O Clock,PassengerCar,SlowingOrStopping,Southbound,45.0,No,No,2006,TOYOTA,39.03140947,-77.00471558,Sienna_Toyota,18,2025,8,13,18,Wednesday,2025-08-13,33
205474,MCP31920067,250036346,Montgomery_County_Police,Injury Crash,2025-08-14 18:04:00,County_Route,RANDOLPH RD,GOSHEN RD,Sideswipe (Same Direction),Lane Violation,Clear,Dry,Daylight,Traffic Signal,None Detected,668626A5-D719-425D-BFEA-7FB31CE61D17,MD,9AB243FD-13C2-4A35-B863-499CF4F040B8,VehicleNotAtScene,TruckTractor,MakingLeftTurn,Eastbound,40.0,No,No,1997,HYUNDAI,39.07568241,-77.00248552,Elantra_Hyundai,18,2025,8,14,18,Thursday,2025-08-14,33
205475,DD558300B5,250036830,Rockville_Police_Department,Property Damage Crash,2025-08-18 08:16:00,Municipality_Route,MONROE PL,RANDOLPH RD,Rear-End (Same Direction),Tailgating,Cloudy,Dry,Daylight,No Control,None Detected,36CBB176-A3DD-4613-9899-2511D93A3E41,MD,BF19012A-E0B9-4950-AD68-7D633CDFC92A,Six O Clock,SingleUnitTruck,SlowingOrStopping,Eastbound,30.0,No,No,2009,HONDA,39.08353857,-77.14793106,Civic_Honda,8,2025,8,18,8,Monday,2025-08-18,34
205476,MCP30950064,250035362,Montgomery_County_Police,Injury Crash,2025-08-08 16:19:00,US_State_Route,OLD COLUMBIA PIKE (SB/L),WISCONSIN AVE,Rear-End (Same Direction),Tailgating,Clear,Dry,Daylight,Flashing Traffic Signal,None Detected,0DD84B21-BAD7-4F63-874D-F1FE823DB800,MD,6762677C-58F9-4B92-B33E-6C9D73A39BB1,One O Clock,Motorcycle2Wheeled,MovingConstantSpeed,Southbound,45.0,No,No,2011,TOYOTA,39.1162545,-76.93312333,Camry_Toyota,16,2025,8,8,16,Friday,2025-08-08,32
205478,MCP3067003C,250036446,Montgomery_County_Police,Injury Crash,2025-08-15 12:15:00,County_Route,APPLE RIDGE RD,MONTGOMERY VILLAGE AVE (SB/L),Angle Collision,Traffic Control Violation,Clear,Dry,Daylight,Traffic Signal,None Detected,5298857C-DACF-4DE2-A664-3DBFD5ACCB32,MD,B88941CD-1C39-4D36-AE8F-C8B575704403,Ten O Clock,Autocycle,MakingRightTurn,Eastbound,35.0,No,No,2023,TOYOTA,39.18681013,-77.19845402,Camry_Toyota,12,2025,8,15,12,Friday,2025-08-15,33
205479,EJ7898006P,250036859,Gaithersburg_Police_Department,Property Damage Crash,2025-08-18 10:45:00,Maryland_State_Route,GERMANTOWN RD,PHEASANT RUN DR W WATKINS MILL RD,Angle Collision,Right-of-Way Violation,Cloudy,Dry,Daylight,Traffic Signal,None Detected,AB43B21C-83EB-4E25-A2B6-C0CF732747A5,MD,7C4B7964-BE1A-4483-A8A7-7456998BFDB5,Twelve O Clock,PassengerCar,MovingConstantSpeed,West,35.0,No,No,2024,HONDA,39.14757841,-77.23296164,Civic_Honda,10,2025,8,18,10,Monday,2025-08-18,34
205480,EJ7898006P,250036859,Gaithersburg_Police_Department,Property Damage Crash,2025-08-18 10:45:00,Maryland_State_Route,GREAT SENECA HWY,PHEASANT RUN DR W WATKINS MILL RD,Angle Collision,Right-of-Way Violation,Cloudy,Dry,Daylight,Traffic Signal,Alcohol Unknown,B4AB2620-5C19-4EA0-ABEF-1F261AB062B2,MD,D8602111-4AD0-426A-B89D-0B26FF6FFB88,Four O Clock,PassengerCar,MakingLeftTurn,Eastbound,35.0,No,No,2009,ACURA,39.14757841,-77.23296164,TSX_Acura,10,2025,8,18,10,Monday,2025-08-18,34
205481,MCP3376002H,250035803,Montgomery_County_Police,Property Damage Crash,2025-08-11 18:03:00,Maryland_State_Route,VEIRS MILL RD (WB/L),CONNECTICUT AVE,Rear-End (Same Direction),Tailgating,Clear,Dry,Daylight,Traffic Signal,None Detected,3B7EB909-1F98-4C82-BBFF-6D3AD7E7EBBA,VA,2246C036-A395-41CA-89D3-E75B004D30BF,VehicleNotAtScene,SportUtilityVehicle,MovingConstantSpeed,Westbound,35.0,No,No,2011,MAZDA,39.04511057,-77.06494384,CX-9_Mazda,18,2025,8,11,18,Monday,2025-08-11,33
205482,DD5663002C,250036582,Rockville_Police_Department,Injury Crash,2025-08-16 11:51:00,Municipality_Route,CHAPMAN AVE,TWINBROOK PKWY (NB/L),Angle Collision,Right-of-Way Violation,Clear,Dry,Daylight,Traffic Signal,None Detected,30ED972D-559B-4549-AEA6-3D6D984B6177,MD,867C318C-E44D-4807-AD9F-CF9C4362CB5B,Twelve O Clock,PassengerCar,Accelerating,Southbound,25.0,No,No,2011,TOYOTA,39.0587078,-77.11888971,Corolla_Toyota,11,2025,8,16,11,Saturday,2025-08-16,33
205484,MCP3051008T,250036180,Montgomery_County_Police,Injury Crash,2025-08-13 18:09:00,County_Route,ASPEN HILL RD,APPLE RIDGE RD,Single Vehicle,Weather Related,Rain,Wet,Daylight,Flashing Traffic Signal,None Detected,5A4C90F1-CA04-448A-9E08-1468F6DE57AF,MD,5F47B846-F26B-432B-BDA0-F9A25C3358C0,Twelve O Clock,SportUtilityVehicle,MovingConstantSpeed,Unknown,2.5,No,No,2021,LEXUS,39.04460377,-77.10672238,RX 350_Lexus,18,2025,8,13,18,Wednesday,2025-08-13,33
205486,MCP2763005F,250037042,Montgomery_County_Police,Property Damage Crash,2025-08-19 13:21:00,Maryland_State_Route,MONTGOMERY VILLAGE AVE,RIO BLVD,Rear-End (Same Direction),Tailgating,Clear,Dry,Daylight,No Control,None Detected,C296D22D-3A4B-467D-B47D-73D8848FBA20,MD,9B6FD54F-D2E0-4F58-9DDF-DAB30235EC9C,Twelve O Clock,PassengerCar,SlowingOrStopping,Northbound,35.0,No,No,2016,SUBARU,39.15849672,-77.20366031,WRX_Subaru,13,2025,8,19,13,Tuesday,2025-08-19,34
205487,MCP3463000W,250036468,Montgomery_County_Police,Injury Crash,2025-08-15 14:15:00,County_Route,AIRPARK RD (SB/L),RAMP 6 FR SAM EIG HWY TO WASH. BLVD,Single Vehicle,Speed Related,Clear,Dry,Daylight,No Control,None Detected,FE59C67E-0145-4156-AC39-1A056027CCF2,MD,E3791584-630A-4C1E-9A2C-4D8194456D34,One O Clock,Motorcycle2Wheeled,NegotiatingCurve,Southbound,40.0,No,No,2016,BMW,39.15977167,-77.14422519,3 Series_BMW,14,2025,8,15,14,Friday,2025-08-15,33
205488,MCP33960026,250036746,Montgomery_County_Police,Property Damage Crash,2025-08-17 15:44:00,County_Route,KENDALL ST,SHADOW GLEN CT,Rear-End (Same Direction),Lane Violation,Clear,Dry,Daylight,No Control,Suspect Alcohol Only,57AD8DA1-E70A-4B16-9376-6A3A9942360F,MD,D41D1F90-D7FF-4BA4-B76D-9634FCB18FB3,Twelve O Clock,PickupTruck,MovingConstantSpeed,Unknown,25.0,No,No,2023,FORD,39.05624567,-77.061321,F-450_Ford,15,2025,8,17,15,Sunday,2025-08-17,33