Unnamed: 0,Report Number,Local Case Number,Agency Name,ACRS Report Type,Crash Date/Time,Route Type,Road Name,Cross-Street Name,Collision Type,Circumstance_Category,Weather,Surface Condition,Light,Traffic Control,Driver Substance Abuse,Person ID,Drivers License State,Vehicle ID,Vehicle First Impact Location,Vehicle Body Type,Vehicle Movement,Vehicle Going Dir,Speed Limit,Driverless Vehicle,Parked Vehicle,Vehicle Year,Vehicle Make,Latitude,Longitude,Vehicle Model,hour,Crash_year,Crash_month,Crash_day,Crash_hour,Crash_day_name,Crash_date,Crash_week
205489,MCP34040027,250037154,Montgomery_County_Police,Injury Crash,2025-08-20 07:45:00,Maryland_State_Route,NEW HAMPSHIRE AVE,FORREST LANDING WAY,Rear-End (Same Direction),Tailgating,Rain,Wet,Daylight,No Control,None Detected,6A6015A9-5468-46D6-9ED2-28CA48216345,MD,F1A2D367-F8B5-4D1D-8363-8D798D125A60,Six O Clock,PassengerCar,SlowingOrStopping,Westbound,35.0,No,No,2006,NISSAN,39.01251064,-76.97854536,Sentra_Nissan,7,2025,8,20,7,Wednesday,2025-08-20,34
205490,MCP3334003F,250036742,Montgomery_County_Police,Property Damage Crash,2025-08-17 15:10:00,US_State_Route,GEORGIA AVE (SB/L),SIERRA RIDGE LA,Sideswipe (Same Direction),Lane Violation,Clear,Dry,Daylight,Traffic Signal,None Detected,B03F4C8D-DB88-4881-ABC6-D6B771DB4FA6,DC,0F2529BD-0F8D-4A8D-BFF0-8580B6BE3D0F,Three O Clock,PassengerCar,MovingConstantSpeed,Northbound,30.0,No,No,2019,FORD,38.98805463,-77.02673173,Fusion_Ford,15,2025,8,17,15,Sunday,2025-08-17,33
205491,MCP3429000W,250035502,Montgomery_County_Police,Property Damage Crash,2025-08-09 14:45:00,Maryland_State_Route,VEIRS MILL RD,CARROLL AVE,Rear-End (Same Direction),Speed Related,Clear,Dry,Daylight,Traffic Signal,None Detected,E92557B3-6956-40B8-9576-2838E7955F41,MD,2DFF7579-D2FA-440F-8113-F9F262BD2EBD,Twelve O Clock,PassengerCar,SlowingOrStopping,Southbound,40.0,No,No,2010,FORD,39.05618367,-77.08288317,F-350_Ford,14,2025,8,9,14,Saturday,2025-08-09,32
205492,MCP2160003H,250036766,Montgomery_County_Police,Property Damage Crash,2025-08-17 17:37:00,County_Route,BRINK RD (WB/L),HUNTMASTER RD,Sideswipe (Same Direction),Passing / Turning,Clear,Dry,Daylight,No Control,None Detected,6334FB40-9B62-4077-B074-EB7906E08FAA,MD,BAD9DAF7-2EA0-4F35-87FC-C874AC13925C,One O Clock,PassengerCar,ChangingLanes,Southbound,35.0,No,No,2014,TOYOTA,39.20762867,-77.18171833,Prius_Toyota,17,2025,8,17,17,Sunday,2025-08-17,33
205493,MCP34020044,250037193,Montgomery_County_Police,Property Damage Crash,2025-08-20 13:12:00,Maryland_State_Route,GARLAND AVE,BROWN CHURCH RD,Head-On,Right-of-Way Violation,Clear,Dry,Daylight,Traffic Signal,None Detected,46521E4A-4223-409E-8E83-A32D5BDB602B,MD,6DE8FF52-B156-44A8-BC9F-1D5E6C8AD287,Eleven O Clock,PassengerCar,ChangingLanes,Not On Roadway,2.5,No,No,2009,NISSAN,39.06730932,-76.95796643,Murano_Nissan,13,2025,8,20,13,Wednesday,2025-08-20,34
205494,MCP2286006T,250036088,Montgomery_County_Police,Injury Crash,2025-08-13 11:25:00,Crossover,DALAMAR ST,ROCKVILLE PIKE (SB/L),Angle Collision,Road Obstruction,Clear,Dry,Daylight,No Control,None Detected,96DEE927-035F-42D3-9833-34D1B1CD4268,MD,8B69B102-180F-41C2-8FEC-510BE1D1B3E9,Twelve O Clock,PassengerCar,MovingConstantSpeed,West,40.0,No,No,2015,NISSAN,39.06032047,-77.12275072,Sentra_Nissan,11,2025,8,13,11,Wednesday,2025-08-13,33
205495,MCP3441001B,250036168,Montgomery_County_Police,Injury Crash,2025-08-13 17:12:00,County_Route,CYPRESS PL,EAST WEST HWY,Angle Collision,Weather Related,Rain,Wet,Daylight,No Control,None Detected,439D9254-704F-412C-B388-8C02C8954B0A,MD,F2E1EFCF-3B3E-4FB3-9DE1-5BE9A4E41340,Twelve O Clock,PassengerCar,SlowingOrStopping,South,30.0,No,No,2020,JEEP,38.98864955,-77.07354911,Grand Cherokee_Jeep,17,2025,8,13,17,Wednesday,2025-08-13,33
205496,MCP25350033,250035685,Montgomery_County_Police,Property Damage Crash,2025-08-11 00:10:00,County_Route,RANDOLPH RD (WB/L),GLENALLAN AVE,Angle Collision,Right-of-Way Violation,Clear,Dry,Dark - Lighted,Traffic Signal,None Detected,1B82A8B0-6BCB-4C76-8422-79A40CA6AC58,DC,42AEE5E7-020C-467A-975A-EECB17F62BD1,RoofTop,PassengerCar,MakingUTurn,Eastbound,30.0,No,No,2013,TOYOTA,39.060615,-77.0450162,Prius_Toyota,0,2025,8,11,0,Monday,2025-08-11,33
205497,MCP3051008S,250036127,Montgomery_County_Police,Property Damage Crash,2025-08-13 15:09:00,Maryland_State_Route,OLD GEORGETOWN RD,RAMP 7 FR RAMP 2 (FR IS495) TO MD 187 SB,Sideswipe (Same Direction),Congestion / Backup,Clear,Dry,Daylight,Traffic Signal,None Detected,68ABD293-1152-4B41-8FA1-0E1CC0C39E4C,VA,B6C84642-C275-4788-95CC-3FFE6870C037,Ten O Clock,Van - Passenger (&lt;9 Seats),MovingConstantSpeed,South,35.0,No,No,2023,TOYOTA,39.01651207,-77.11955273,Sienna_Toyota,15,2025,8,13,15,Wednesday,2025-08-13,33
205498,MCP2764003Y,250035485,Montgomery_County_Police,Property Damage Crash,2025-08-09 11:47:00,Maryland_State_Route,EAST WEST HWY (WB/L),WILLARD AVE,Sideswipe (Same Direction),Lane Violation,Clear,Dry,Daylight,Traffic Signal,None Detected,1DDCAC7E-EEBC-42C9-A6EB-F8AF9673038A,MD,E9FF484A-FE1B-4FB5-8692-B7738EC9AE9C,Eleven O Clock,PassengerCar,ChangingLanes,Westbound,25.0,No,No,2015,TOYOTA,38.98475259,-77.09398112,Corolla_Toyota,11,2025,8,9,11,Saturday,2025-08-09,32
205499,MCP9379005M,250036260,Montgomery_County_Police,Property Damage Crash,2025-08-14 12:00:00,Municipality_Route,TEMPLETON PL (EB/L),ROCKVILLE PIKE,Rear-End (Same Direction),Tailgating,Clear,Dry,Daylight,Other Pavement Marking,None Detected,0FFB931E-2E3A-4021-BD8F-A0DF823B78CB,MD,4287A280-CA2E-46F6-B924-E8D8395F924F,Twelve O Clock,PassengerCar,MovingConstantSpeed,Northbound,40.0,No,No,2016,FORD,39.06692021,-77.12821664,Transit_Ford,12,2025,8,14,12,Thursday,2025-08-14,33
205500,MCP34310011,250036324,Montgomery_County_Police,Property Damage Crash,2025-08-14 16:53:00,Maryland_State_Route,GERMANTOWN RD (SB/L),HINES RD,Rear-End (Same Direction),Speed Related,Rain,Wet,Daylight,Traffic Signal,None Detected,C01C3F6C-16E2-46B2-B8FD-1DBDC332FD12,MD,CC7040DC-9AD6-4B68-A363-EE21CC98250C,Five O Clock,PassengerCar,MovingConstantSpeed,Southbound,40.0,No,No,2018,TESLA,39.17602833,-77.27151667,Model 3_Tesla,16,2025,8,14,16,Thursday,2025-08-14,33
205501,MCP2376001H,250036946,Montgomery_County_Police,Property Damage Crash,2025-08-18 17:29:00,Maryland_State_Route,CONNECTICUT AVE,RAMP 4 FR MD 185 NB TO IS 495 EB,Sideswipe (Same Direction),Lane Violation,Rain,Wet,Daylight,No Control,None Detected,FC850BFC-FB6C-4DFD-8969-CD861A84E7AB,XX,1251BA26-CD82-4ACF-BE7C-85A67D21FAC8,Ten O Clock,PassengerCar,ChangingLanes,Northbound,35.0,No,No,2012,HONDA,39.00402087,-77.07734372,Civic_Honda,17,2025,8,18,17,Monday,2025-08-18,34
205502,MCP3426002D,250036918,Montgomery_County_Police,Property Damage Crash,2025-08-18 13:20:00,US_State_Route,MONTGOMERY VILLAGE AVE,ONEILL DR,Other,Backing Error,Clear,Wet,Daylight,Yield Sign,None Detected,96DDDA73-A417-474A-B4C8-D79F3462E87C,MD,F04235EC-676C-4769-B9BF-84DF9D7E9929,VehicleNotAtScene,PassengerCar,Backing,Unknown,2.5,No,No,2001,BUICK,39.02806867,-77.14518183,Encore_Buick,13,2025,8,18,13,Monday,2025-08-18,34
205503,MCP22700056,250035310,Montgomery_County_Police,Property Damage Crash,2025-08-08 11:15:00,County_Route,DEMOCRACY BLVD (EB/L),RAMP 1 FR RP 4 EB TO DEMOCRACY BLVD,Angle Collision,Right-of-Way Violation,Clear,Dry,Daylight,Traffic Signal,None Detected,BC03A0B7-9F70-4BE7-A1DD-E293BEC52136,MD,52F79364-B2BD-4DA5-B92E-74A2607BCDDE,Twelve O Clock,PassengerCar,MakingLeftTurn,West,35.0,No,No,2022,SUBARU,39.02140391,-77.1411426,Crosstrek_Subaru,11,2025,8,8,11,Friday,2025-08-08,32
205504,MCP289100FG,250035897,Montgomery_County_Police,Property Damage Crash,2025-08-12 10:38:00,County_Route,BLAIR MILL RD,BROADWOOD DR,Sideswipe (Same Direction),Lane Violation,Clear,Dry,Daylight,No Control,None Detected,94AF06A2-AD68-4EF1-93E9-56A0BB7A435E,VA,0FE70BCE-0E27-4A75-A0A6-CBB8219D0997,Two O Clock,SportUtilityVehicle,MovingConstantSpeed,Southbound,30.0,No,No,2018,GMC,38.98999419,-77.02941495,Acadia_GMC,10,2025,8,12,10,Tuesday,2025-08-12,33
205505,MCP3339005F,250035406,Montgomery_County_Police,Property Damage Crash,2025-08-08 20:50:00,County_Route,GRANDVIEW AVE,ARVIN ST,Single Vehicle,Driver Inattention,Clear,Dry,Dark - Not Lighted,No Control,None Detected,515CB835-1278-4DE9-BD92-145820A541E7,MD,2A45E88A-AC01-43D0-B381-261E17193424,VehicleNotAtScene,PassengerCar,MovingConstantSpeed,Eastbound,25.0,No,No,2020,HONDA,39.0495395,-77.05296483,Accord_Honda,20,2025,8,8,20,Friday,2025-08-08,32
205506,MCP20470065,250036264,Montgomery_County_Police,Property Damage Crash,2025-08-14 12:08:00,Maryland_State_Route,ROCKVILLE PIKE,EISENHOWER MEMORIAL HWY,Rear-End (Same Direction),Tailgating,Clear,Dry,Daylight,No Control,None Detected,96C928B3-44EF-4C19-B11E-CB21AE568EFF,MD,02AC8BE8-D65B-4EAC-A014-E3B58E7834E6,Six O Clock,SportUtilityVehicle,SlowingOrStopping,Northbound,40.0,No,No,2024,TOYOTA,39.0736817,-77.13472037,Sienna_Toyota,12,2025,8,14,12,Thursday,2025-08-14,33
205507,DD56760011,250036667,Rockville_Police_Department,Property Damage Crash,2025-08-16 23:10:00,Maryland_State_Route,CONNECTICUT AVE,MARYLAND AVE,Angle Collision,Driver Inattention,Clear,Dry,Dark - Lighted,Traffic Signal,None Detected,BAB4FF63-8538-4CF8-AB3B-04BFF1D60AB2,MD,445B98B3-EF4B-42C6-849F-8EA5707D21CF,Twelve O Clock,PassengerCar,MovingConstantSpeed,Eastbound,35.0,No,No,2010,HONDA,39.08270917,-77.15113125,Civic_Honda,23,2025,8,16,23,Saturday,2025-08-16,33
205508,MCP33860038,250036754,Montgomery_County_Police,Property Damage Crash,2025-08-17 16:25:00,County_Route,SHAFTSBURY ST,CHRISTOPHER AVE,Sideswipe (Same Direction),Lane Violation,Clear,Dry,Daylight,No Control,None Detected,1FAA8C1C-F9F7-4373-B68D-31B3701C2FAB,MD,A75700C7-8B22-4FF1-8589-43C7F0206410,One O Clock,PassengerCar,MovingConstantSpeed,Northbound,30.0,No,No,2023,KIA,39.03041233,-77.0784505,Optima_Kia,16,2025,8,17,16,Sunday,2025-08-17,33
205509,MCP3445000S,250036731,Montgomery_County_Police,Property Damage Crash,2025-08-17 13:01:00,County_Route,WOODGLEN DR (NB/L),DAMASCUS RD,Sideswipe (Same Direction),Road Obstruction,Clear,Dry,Daylight,No Control,None Detected,83D55B3D-5F70-4949-B9A0-BF79520E8FF8,MD,89352689-1D3F-44CA-8448-3371C074D889,Eleven O Clock,PassengerCar,Parked,South,30.0,No,Yes,2018,PORSCHE,39.04393762,-77.11344202,911_Porsche,13,2025,8,17,13,Sunday,2025-08-17,33
205510,MCP34410019,250036125,Montgomery_County_Police,Property Damage Crash,2025-08-13 14:50:00,Maryland_State_Route,KNOWLES AVE,CONNECTICUT AVE KNOWLES AVE,Sideswipe (Same Direction),Congestion / Backup,Clear,Dry,Daylight,Traffic Signal,None Detected,AE4012A8-87BB-46B7-84C7-43D7560839E2,MD,464AB978-67CE-4318-A20B-E2F13F2650E0,Eight O Clock,TransitBus,MakingLeftTurn,East,30.0,No,No,2016,TOYOTA,39.02746057,-77.07659747,Avalon_Toyota,14,2025,8,13,14,Wednesday,2025-08-13,33
205511,DM84720033,250034783,Takoma_Park_Police_Department,Property Damage Crash,2025-08-05 10:09:00,Municipality_Route,TULIP AVE,SPRUCE AVE,Sideswipe (Same Direction),Right-of-Way Violation,Clear,Dry,Daylight,Stop Sign,None Detected,D4939FEC-B931-4389-96C4-A1D4CDE99F36,MD,18E5937F-900D-4D77-8E5F-F8960D94821A,Eleven O Clock,PassengerCar,MakingRightTurn,Eastbound,20.0,No,No,2008,TOYOTA,38.97578077,-77.01096871,Camry_Toyota,10,2025,8,5,10,Tuesday,2025-08-05,32
205512,MCP2347005R,250036084,Montgomery_County_Police,Property Damage Crash,2025-08-13 10:55:00,County_Route,TECH RD,DEMOCRACY BLVD,Sideswipe (Same Direction),Lane Violation,Clear,Dry,Daylight,No Control,None Detected,14113F47-A453-4876-A668-17DE20A0F337,MD,AB06B69C-E659-4841-810F-8EC19EDE8002,One O Clock,PassengerCar,MovingConstantSpeed,Eastbound,30.0,No,No,2016,MERCEDES-BENZ,39.05718353,-76.96783843,C-Class_Mercedes-Benz,10,2025,8,13,10,Wednesday,2025-08-13,33
205513,MCP3039007W,250035966,Montgomery_County_Police,Property Damage Crash,2025-08-12 16:08:00,Maryland_State_Route,16TH ST,MANOR RD,Rear-End (Same Direction),Tailgating,Clear,Dry,Daylight,No Control,None Detected,DC6709A9-F4C1-4319-B5E5-EBE8A8B38845,MD,4BE23F80-4685-4F7F-BA9E-D698DC9447C9,Six O Clock,PassengerCar,MovingConstantSpeed,Northbound,35.0,No,No,2010,HONDA,38.99263503,-77.03620486,Civic_Honda,16,2025,8,12,16,Tuesday,2025-08-12,33
205514,MCP3225005V,250034688,Montgomery_County_Police,Property Damage Crash,2025-08-04 13:40:00,County_Route,FALCON ST,PARKLAND DR,Rear-End (Same Direction),Road Obstruction,Clear,Dry,Daylight,Stop Sign,None Detected,F169D380-ED44-49DD-B532-4B0655CCA29D,MD,B3B8F4F8-5373-4B11-8BDB-91E726609401,Five O Clock,PassengerCar,StoppedInTrafficLane,Southbound,25.0,No,No,2000,LEXUS,39.06678784,-77.08862511,RX_Lexus,13,2025,8,4,13,Monday,2025-08-04,32
205515,MCP3473000R,250036354,Montgomery_County_Police,Property Damage Crash,2025-08-14 19:01:00,US_State_Route,COLUMBIA PIKE,FALCON ST,Rear-End (Same Direction),Right-of-Way Violation,Clear,Dry,Daylight,Traffic Signal,None Detected,4EF1F665-9855-4DD9-A6EB-45960EC8C304,MD,CB89CB14-DA14-44F1-901C-F8EFFD2459E2,Eleven O Clock,PassengerCar,MakingRightTurn,Westbound,50.0,No,No,2024,HONDA,39.05613522,-76.97114178,Civic_Honda,19,2025,8,14,19,Thursday,2025-08-14,33
205516,MCP3382002N,250035466,Montgomery_County_Police,Property Damage Crash,2025-08-09 10:37:00,County_Route,ROBINDALE DR,VEIRS MILL RD (WB/L),Head-On,Road Obstruction,Clear,Dry,Daylight,Traffic Signal,None Detected,354D4783-5043-4E6A-A59D-EAA80B83BE54,MD,669235A6-EE25-49EB-8824-1694C2FF542E,Twelve O Clock,PassengerCar,MovingConstantSpeed,South,40.0,No,No,2006,FORD,39.06316705,-77.09469147,F-250_Ford,10,2025,8,9,10,Saturday,2025-08-09,32
205517,MCP3253002K,250035497,Montgomery_County_Police,Injury Crash,2025-08-09 14:00:00,County_Route,GOSHEN RD,GREEN RUN WAY ROTHBURY DR,Rear-End (Same Direction),Lane Violation,Clear,Dry,Daylight,Traffic Signal,None Detected,874B93E4-81B6-4879-AFD0-E933E08BCA34,MD,B61D3506-D152-462C-AF61-90C371E1734A,Twelve O Clock,PassengerCar,MovingConstantSpeed,Southbound,35.0,No,No,2022,SUBARU,39.18524502,-77.18746458,Impreza_Subaru,14,2025,8,9,14,Saturday,2025-08-09,32
205518,DD56650031,250036532,Rockville_Police_Department,Property Damage Crash,2025-08-15 21:40:00,Municipality_Route,FALLSGROVE DR (SB/L),HINES RD,Sideswipe (Same Direction),Lane Violation,Clear,Dry,Dark - Lighted,No Control,None Detected,A2E2A916-1FA2-4D78-8EF5-96E4DE3D319F,MD,F3C4D424-CD9A-4A8B-ACC9-CC5CA4044A0D,One O Clock,PassengerCar,MovingConstantSpeed,Westbound,25.0,No,No,2013,HONDA,39.09931798,-77.18865366,Pilot_Honda,21,2025,8,15,21,Friday,2025-08-15,33
205519,MCP31130076,250037100,Montgomery_County_Police,Property Damage Crash,2025-08-19 17:45:00,County_Route,VEIRS MILL RD,GOSHEN RD,Sideswipe (Same Direction),Passing / Turning,Clear,Dry,Daylight,No Control,None Detected,CEEDD870-72A0-4668-B725-ECE159B9E4CA,MD,161D334A-F565-4031-AFD1-0D2329906C1C,VehicleNotAtScene,PassengerCar,Passing,Northbound,30.0,No,No,2017,FORD,39.08142144,-76.95407685,Edge_Ford,17,2025,8,19,17,Tuesday,2025-08-19,34
205520,MCP3376002G,250035619,Montgomery_County_Police,Property Damage Crash,2025-08-10 14:16:00,Maryland_State_Route,UNIVERSITY BLVD W,RAMP 8 FR RAMP 5 TO SHADY GROVE RD,Rear-End (Same Direction),Driver Inattention,Clear,Dry,Daylight,Traffic Signal,None Detected,5B78445D-257E-4589-A543-EE1676F22FA9,MD,333E65BF-7457-470A-B9DF-5E184EBC6EDE,Twelve O Clock,PassengerCar,MovingConstantSpeed,Eastbound,30.0,No,No,2023,CHEVROLET,39.03726333,-77.06026133,Malibu_Chevrolet,14,2025,8,10,14,Sunday,2025-08-10,32
205521,MCP9379005M,250036260,Montgomery_County_Police,Property Damage Crash,2025-08-14 12:00:00,Municipality_Route,TEMPLETON PL (EB/L),ROCKVILLE PIKE,Rear-End (Same Direction),Tailgating,Clear,Dry,Daylight,Traffic Signal,None Detected,AF907435-B702-4C38-9C2E-B2240C40994C,MD,B133A3AB-9DF2-4ACE-A392-24ABC8E24C1B,Six O Clock,PassengerCar,SlowingOrStopping,Northbound,40.0,No,No,2017,MERCEDES-BENZ,39.06692021,-77.12821664,GLS_Mercedes-Benz,12,2025,8,14,12,Thursday,2025-08-14,33
205522,MCP320000GG,250036870,Montgomery_County_Police,Injury Crash,2025-08-18 11:26:00,County_Route,TUCKERMAN LA,ARROYO DR,Other,Right-of-Way Violation,Cloudy,Dry,Daylight,No Control,None Detected,304A60F3-6981-4B32-8BBF-F5690D83B13D,MD,A4B650D7-99EB-406D-8CC7-088D8197094C,Two O Clock,SportUtilityVehicle,MakingLeftTurn,Westbound,35.0,No,No,2023,HYUNDAI,39.03683083,-77.135271,Tucson_Hyundai,11,2025,8,18,11,Monday,2025-08-18,34
205523,MCP3170004B,250036325,Montgomery_County_Police,Property Damage Crash,2025-08-14 16:41:00,Maryland_State_Route,GOSHEN RD,KINGSVIEW RD,Rear-End (Same Direction),Tailgating,Rain,Wet,Daylight,Traffic Signal,None Detected,67F7136B-86B9-4F30-B17A-4C49464D6302,MD,29E6D42F-2175-4EAB-8604-91E4112BC922,Six O Clock,PassengerCar,SlowingOrStopping,Westbound,30.0,No,No,2024,AUDI,39.16479294,-77.28720706,Q3_Audi,16,2025,8,14,16,Thursday,2025-08-14,33
205524,MCP3374003C,250035868,Montgomery_County_Police,Property Damage Crash,2025-08-12 07:45:00,Maryland_State_Route,OLD GEORGETOWN RD,LORAIN AVE,Single Vehicle,Lane Violation,Clear,Dry,Daylight,No Control,None Detected,1AAC2E2A-8F3B-4C01-8D7A-5C788E30DCCB,MD,1FB5CB11-A0F5-4B53-8ACA-53BFCFA2C368,Three O Clock,OtherTruck,MovingConstantSpeed,Northbound,35.0,No,No,2010,CHEVROLET,39.03787365,-77.12313811,Express_Chevrolet,7,2025,8,12,7,Tuesday,2025-08-12,33
205525,MCP2347005R,250036084,Montgomery_County_Police,Property Damage Crash,2025-08-13 10:55:00,County_Route,TECH RD,INTERCOUNTY CONNECTOR,Sideswipe (Same Direction),Lane Violation,Clear,Dry,Daylight,No Control,None Detected,6A8BFC5B-EBE3-48EF-B605-5D556417BE87,DC,F893665C-C7E3-418E-B95C-616BF706CE5B,Nine O Clock,PassengerCar,ChangingLanes,Eastbound,30.0,No,No,2017,TOYOTA,39.05718353,-76.96783843,RAV4_Toyota,10,2025,8,13,10,Wednesday,2025-08-13,33
205526,MCP3441001C,250037111,Montgomery_County_Police,Property Damage Crash,2025-08-19 19:19:00,Maryland_State_Route,STRATHMORE AVE,NORBECK RD,Single Vehicle,Driver Inattention,Clear,Dry,Daylight,No Control,None Detected,0E020CFB-AE5E-4818-9A70-F685D0C8318E,MD,A7A562F1-35DC-4EE8-B5EB-4D785EB8DD81,One O Clock,PassengerCar,MovingConstantSpeed,Eastbound,30.0,No,No,2022,NISSAN,39.03366287,-77.09010075,Sentra_Nissan,19,2025,8,19,19,Tuesday,2025-08-19,34
205527,MCP2723009T,250034736,Montgomery_County_Police,Property Damage Crash,2025-08-04 21:10:00,Maryland_State_Route,GEORGIA AVE,GERMANTOWN RD SPRING MEADOWS DR (NB/L),Single Vehicle,Driver Inattention,Clear,Dry,Dark - Lighted,No Control,None Detected,F20F42D1-F202-494B-8421-D07F17E63B24,NY,8EDE4354-DFA3-41DF-862F-18376A6DC259,Twelve O Clock,PassengerCar,MovingConstantSpeed,Northbound,45.0,No,No,2007,BUICK,39.11299127,-77.07530906,Encore_Buick,21,2025,8,4,21,Monday,2025-08-04,32
205528,MCP268900CZ,250034966,Montgomery_County_Police,Property Damage Crash,2025-08-05 10:26:00,Maryland_State_Route,MUDDY BRANCH RD,CUL DE SAC,Rear-End (Same Direction),Backing Error,Cloudy,Dry,Daylight,No Control,None Detected,2D904AAE-7BBC-4921-88BA-F38F04B161DE,MD,04F7D721-D2AD-4FE3-9EB3-7E056AF562C7,Six O Clock,PassengerCar,Backing,Westbound,2.5,No,No,2018,FORD,39.11263323,-77.23563425,Taurus_Ford,10,2025,8,5,10,Tuesday,2025-08-05,32
205529,MCP20470064,250035914,Montgomery_County_Police,Property Damage Crash,2025-08-12 12:14:00,US_State_Route,HURLEY AVE,ASPEN HILL RD,Other,Backing Error,Clear,Wet,Daylight,No Control,None Detected,A21CC7AB-2CAC-4BD4-82E7-F57DAC483876,MD,0FB23EBD-C1DF-4779-8142-60D1C5882DE6,Six O Clock,Van - Passenger (&lt;9 Seats),Backing,Unknown,2.5,No,No,2016,FORD,39.10747603,-77.16081781,Transit_Ford,12,2025,8,12,12,Tuesday,2025-08-12,33
205530,MCP2160003H,250036766,Montgomery_County_Police,Property Damage Crash,2025-08-17 17:37:00,County_Route,BRINK RD (WB/L),HUNTMASTER RD,Sideswipe (Same Direction),Lane Violation,Clear,Dry,Daylight,No Control,None Detected,961B8009-16AD-48A5-9A60-A749256CFF2D,MD,33E54E40-877F-4050-8EFD-DB7C716A7113,VehicleNotAtScene,SportUtilityVehicle,MovingConstantSpeed,Northbound,35.0,No,No,2008,CHEVROLET,39.20762867,-77.18171833,Silverado_Chevrolet,17,2025,8,17,17,Sunday,2025-08-17,33
205532,MCP3271005P,250036748,Montgomery_County_Police,Injury Crash,2025-08-17 15:50:00,County_Route,LEXINGTON ST,UNIVERSITY BLVD W,Angle Collision,Right-of-Way Violation,Clear,Dry,Daylight,Traffic Signal,None Detected,0317E982-2696-4149-9E60-099BE799C647,VA,7765BC24-24D0-4AF2-A890-0399AA797306,Ten O Clock,PassengerCar,Accelerating,Northbound,30.0,No,No,2016,HONDA,39.03367413,-77.07247893,Accord_Honda,15,2025,8,17,15,Sunday,2025-08-17,33
205533,MCP3085006C,250036764,Montgomery_County_Police,Property Damage Crash,2025-08-17 17:27:00,Maryland_State_Route,ROCKVILLE PIKE (SB/L),OLNEY SANDY SPRING RD,Rear-End (Same Direction),Tailgating,Clear,Dry,Daylight,Traffic Signal,None Detected,D75E56CF-B081-4147-AB57-604B531135BD,VA,804BD351-9822-4EDD-B53E-AA26C77D441B,Six O Clock,PassengerCar,SlowingOrStopping,Southbound,40.0,No,No,2019,MERCEDES-BENZ,39.05135201,-77.11558185,GLC_Mercedes-Benz,17,2025,8,17,17,Sunday,2025-08-17,33
205534,DD5666002H,250037005,Rockville_Police_Department,Injury Crash,2025-08-19 09:59:00,Municipality_Route,CRAWFORD DR,RYLAND DR,Head-On,Right-of-Way Violation,Rain,Wet,Daylight,Stop Sign,None Detected,F32BD107-4946-45A0-812E-6E30A8B0427D,MD,95DAC2FF-0B9E-40C5-9222-1C76C7768734,Eleven O Clock,SportUtilityVehicle,Accelerating,Westbound,25.0,No,No,2025,JEEP,39.07209586,-77.12009998,Grand Cherokee_Jeep,9,2025,8,19,9,Tuesday,2025-08-19,34
205535,MCP3257008X,250036805,Montgomery_County_Police,Property Damage Crash,2025-08-17 22:00:00,Maryland_State_Route,16TH ST (SB/L),MUNCASTER MILL RD,Rear-End (Same Direction),Lane Violation,Clear,Wet,Dark - Lighted,Traffic Signal,None Detected,D1CA5C1C-5D2C-4C8A-B53C-504FE27A0C6E,MD,197C93BF-349D-4576-A5D9-47097B914475,VehicleNotAtScene,SportUtilityVehicle,Accelerating,Southbound,25.0,No,No,2005,HONDA,38.99263914,-77.03644936,Civic_Honda,22,2025,8,17,22,Sunday,2025-08-17,33
205536,MCP2864005C,250036079,Montgomery_County_Police,Property Damage Crash,2025-08-13 10:33:00,County_Route,WAVERLY ST,FLACK ST,Angle Collision,Backing Error,Clear,Dry,Daylight,No Control,None Detected,D8DA585D-3B47-4A8F-B10B-9FC3BCAE3C0C,NC,DD6E2A25-BEDC-484F-91A4-FE834A25F297,Six O Clock,VanCargo,Backing,Southbound,25.0,No,No,2022,HYUNDAI,38.98334467,-77.09217033,Elantra_Hyundai,10,2025,8,13,10,Wednesday,2025-08-13,33
205537,MCP33870035,250036843,Montgomery_County_Police,Injury Crash,2025-08-18 09:20:00,County_Route,BRUNETT AVE,UNIVERSITY BLVD W,Rear-End (Same Direction),Tailgating,Cloudy,Dry,Daylight,Pedestrian Crossing,None Detected,DFC7485C-368B-4BA8-982A-C3AC8990E3EA,MD,29E2FBF9-AA92-4848-8731-0E3A4F4C8306,Five O Clock,PassengerCar,StoppedInTrafficLane,Eastbound,35.0,No,No,2020,HONDA,39.0230177,-77.01684881,Accord_Honda,9,2025,8,18,9,Monday,2025-08-18,34
205538,MCP2987009S,250036613,Montgomery_County_Police,Property Damage Crash,2025-08-16 15:30:00,Private_Route,BEALLSVILLE RD,MT PISGAH RD OAKVIEW DR,Angle Collision,Speed Related,Clear,Dry,Daylight,No Control,None Detected,BA0CC377-119E-4780-928C-9047EB56C7E3,MD,987BAF91-F44F-4656-B2BB-BAD8B50DF3CD,Eleven O Clock,PassengerCar,MovingConstantSpeed,Eastbound,30.0,No,No,2024,NISSAN,39.0152198,-76.97688101,Altima_Nissan,15,2025,8,16,15,Saturday,2025-08-16,33